# Funput English lexicon: word<TAB>rank, most frequent first. Generated; do not edit.
# Words: SCOWL/ESDB size 60, American. Ranking: Google Books Ngram v3, 2000-2019.
# Attribution: NOTICE.md. Regenerate: crates/funput-lexicon-tool/README.md.
the	0
of	1
and	2
to	3
in	4
that	5
is	6
for	7
as	8
it	9
was	10
with	11
not	12
on	13
he	14
be	15
by	16
this	17
or	18
you	19
are	20
at	21
from	22
his	23
an	24
have	25
her	26
but	27
had	28
she	29
they	30
we	31
which	32
were	33
one	34
all	35
their	36
can	37
if	38
there	39
when	40
my	41
would	42
what	43
more	44
will	45
do	46
has	47
so	48
been	49
other	50
who	51
no	52
about	53
him	54
out	55
time	56
up	57
into	58
me	59
also	60
these	61
may	62
its	63
them	64
your	65
new	66
than	67
some	68
could	69
only	70
such	71
see	72
said	73
then	74
two	75
did	76
like	77
any	78
first	79
how	80
our	81
over	82
after	83
between	84
most	85
through	86
people	87
where	88
because	89
well	90
should	91
just	92
even	93
now	94
use	95
many	96
back	97
way	98
work	99
before	100
made	101
those	102
each	103
very	104
state	105
under	106
life	107
know	108
used	109
both	110
being	111
make	112
down	113
must	114
much	115
us	116
years	117
good	118
same	119
while	120
world	121
here	122
right	123
get	124
part	125
man	126
however	127
does	128
long	129
system	130
day	131
own	132
three	133
information	134
another	135
take	136
still	137
during	138
different	139
go	140
case	141
number	142
high	143
need	144
too	145
without	146
year	147
social	148
within	149
little	150
data	151
might	152
off	153
Al	154
god	155
states	156
against	157
around	158
public	159
found	160
think	161
place	162
never	163
law	164
come	165
university	166
ET	167
example	168
order	169
again	170
since	171
research	172
water	173
based	174
general	175
children	176
set	177
development	178
figure	179
section	180
chapter	181
want	182
women	183
great	184
hand	185
process	186
going	187
say	188
old	189
small	190
power	191
government	192
thought	193
every	194
shall	195
using	196
important	197
why	198
group	199
national	200
end	201
human	202
something	203
family	204
left	205
men	206
second	207
given	208
point	209
often	210
away	211
home	212
house	213
let	214
form	215
few	216
following	217
change	218
American	219
last	220
head	221
business	222
control	223
called	224
find	225
school	226
came	227
less	228
table	229
look	230
always	231
health	232
act	233
large	234
things	235
study	236
until	237
though	238
united	239
help	240
upon	241
court	242
level	243
eyes	244
body	245
once	246
service	247
person	248
face	249
DE	250
international	251
political	252
war	253
next	254
press	255
although	256
later	257
value	258
asked	259
took	260
thus	261
fact	262
others	263
history	264
am	265
among	266
York	267
including	268
rather	269
put	270
early	271
give	272
book	273
name	274
best	275
whether	276
support	277
got	278
better	279
room	280
side	281
yet	282
services	283
area	284
went	285
several	286
possible	287
model	288
management	289
love	290
local	291
education	292
four	293
care	294
city	295
looked	296
means	297
times	298
company	299
cannot	300
course	301
analysis	302
days	303
making	304
himself	305
told	306
become	307
self	308
far	309
per	310
least	311
present	312
open	313
words	314
line	315
economic	316
having	317
seen	318
white	319
young	320
above	321
john	322
child	323
together	324
further	325
light	326
rights	327
father	328
nothing	329
policy	330
problem	331
known	332
mind	333
knew	334
question	335
available	336
period	337
provide	338
country	339
enough	340
action	341
really	342
common	343
community	344
students	345
type	346
tell	347
systems	348
interest	349
mother	350
either	351
along	352
low	353
results	354
free	355
black	356
real	357
studies	358
night	359
full	360
society	361
therefore	362
program	363
individual	364
total	365
taken	366
already	367
effect	368
rate	369
result	370
nature	371
ever	372
language	373
whole	374
able	375
done	376
office	377
woman	378
report	379
experience	380
five	381
particular	382
felt	383
energy	384
term	385
class	386
show	387
non	388
thing	389
knowledge	390
market	391
certain	392
age	393
almost	394
view	395
across	396
terms	397
evidence	398
death	399
air	400
saw	401
sense	402
members	403
party	404
role	405
specific	406
required	407
due	408
land	409
working	410
door	411
sure	412
include	413
keep	414
heart	415
past	416
food	417
wanted	418
century	419
approach	420
money	421
turned	422
field	423
London	424
cases	425
feel	426
risk	427
word	428
related	429
major	430
held	431
practice	432
south	433
call	434
matter	435
position	436
single	437
future	438
subject	439
mean	440
problems	441
function	442
project	443
half	444
learning	445
true	446
kind	447
current	448
theory	449
plan	450
short	451
began	452
percent	453
changes	454
treatment	455
according	456
conditions	457
anything	458
English	459
space	460
provided	461
groups	462
third	463
department	464
itself	465
similar	466
hands	467
review	468
ii	469
became	470
security	471
behind	472
higher	473
special	474
various	475
especially	476
production	477
performance	478
looking	479
hard	480
yes	481
clear	482
close	483
journal	484
design	485
cost	486
property	487
test	488
science	489
structure	490
note	491
areas	492
north	493
effects	494
method	495
moment	496
themselves	497
shown	498
financial	499
patients	500
perhaps	501
necessary	502
countries	503
issues	504
idea	505
church	506
federal	507
force	508
growth	509
voice	510
toward	511
natural	512
doing	513
read	514
needed	515
personal	516
reason	517
believe	518
considered	519
gave	520
says	521
front	522
account	523
increase	524
activities	525
art	526
main	527
relationship	528
building	529
amount	530
values	531
source	532
turn	533
application	534
story	535
quality	536
needs	537
trade	538
response	539
today	540
usually	541
key	542
decision	543
questions	544
private	545
understand	546
blood	547
outside	548
quite	549
big	550
central	551
taking	552
material	553
living	554
likely	555
seemed	556
culture	557
activity	558
center	559
top	560
paper	561
heard	562
king	563
finally	564
lord	565
foreign	566
significant	567
everything	568
associated	569
sometimes	570
return	571
population	572
resources	573
technology	574
tax	575
range	576
potential	577
whose	578
ways	579
rule	580
late	581
cause	582
instead	583
play	584
lower	585
physical	586
president	587
issue	588
size	589
soon	590
income	591
someone	592
access	593
surface	594
strong	595
makes	596
date	597
rules	598
series	599
described	600
leave	601
probably	602
job	603
brought	604
red	605
cell	606
addition	607
ground	608
standard	609
training	610
west	611
understanding	612
live	613
effective	614
cultural	615
board	616
son	617
medical	618
hours	619
levels	620
six	621
near	622
basis	623
longer	624
attention	625
run	626
products	627
written	628
continued	629
ask	630
answer	631
below	632
increased	633
started	634
months	635
move	636
inside	637
America	638
start	639
European	640
greater	641
environment	642
legal	643
site	644
simply	645
text	646
organization	647
British	648
situation	649
disease	650
product	651
developed	652
else	653
member	654
capital	655
shows	656
difficult	657
bank	658
committee	659
commission	660
price	661
lost	662
generally	663
step	664
cells	665
military	666
middle	667
music	668
methods	669
patient	670
seems	671
fire	672
writing	673
lot	674
consider	675
factors	676
beyond	677
received	678
thinking	679
authority	680
street	681
actually	682
loss	683
involved	684
industry	685
morning	686
forms	687
talk	688
pay	689
page	690
books	691
association	692
works	693
rest	694
feet	695
indeed	696
alone	697
road	698
image	699
oh	700
limited	701
purpose	702
respect	703
particularly	704
modern	705
car	706
code	707
parents	708
friends	709
million	710
movement	711
final	712
coming	713
content	714
additional	715
trying	716
direct	717
minutes	718
sound	719
simple	720
list	721
east	722
college	723
reading	724
costs	725
nor	726
poor	727
provides	728
global	729
average	730
lead	731
pressure	732
impact	733
getting	734
region	735
complete	736
established	737
followed	738
appropriate	739
create	740
try	741
points	742
towards	743
fig	744
individuals	745
added	746
wife	747
ed	748
types	749
town	750
complex	751
focus	752
la	753
context	754
earth	755
events	756
basic	757
bring	758
network	759
defined	760
distribution	761
behavior	762
positive	763
herself	764
union	765
news	766
deep	767
led	768
friend	769
species	770
meet	771
earlier	772
parts	773
environmental	774
requirements	775
river	776
programs	777
beginning	778
stop	779
influence	780
post	781
included	782
china	783
letter	784
whom	785
critical	786
difference	787
status	788
French	789
hear	790
hope	791
hold	792
remember	793
recent	794
maybe	795
myself	796
tried	797
reported	798
stage	799
media	800
pain	801
expected	802
dark	803
meaning	804
cross	805
box	806
truth	807
primary	808
published	809
agreement	810
religious	811
original	812
bad	813
article	814
Jesus	815
meeting	816
share	817
team	818
except	819
staff	820
June	821
address	822
bed	823
normal	824
presence	825
clearly	826
workers	827
stood	828
computer	829
hair	830
object	831
march	832
sea	833
contact	834
follow	835
statement	836
oil	837
materials	838
ability	839
dead	840
gone	841
ten	842
police	843
civil	844
forward	845
everyone	846
green	847
applied	848
sent	849
expression	850
cut	851
lives	852
girl	853
agency	854
council	855
wall	856
week	857
created	858
solution	859
moved	860
directly	861
volume	862
sat	863
kept	864
construction	865
met	866
processes	867
Washington	868
companies	869
lines	870
trust	871
relations	872
allow	873
elements	874
flow	875
protection	876
re	877
comes	878
wide	879
communication	880
David	881
county	882
unit	883
discussion	884
seem	885
justice	886
quickly	887
twenty	888
condition	889
title	890
James	891
investment	892
July	893
degree	894
student	895
choice	896
western	897
Europe	898
record	899
arms	900
throughout	901
temperature	902
feeling	903
models	904
planning	905
administration	906
historical	907
claim	908
notice	909
reference	910
proposed	911
reached	912
fall	913
rates	914
deal	915
presented	916
floor	917
bit	918
spirit	919
determined	920
fine	921
army	922
former	923
phase	924
mass	925
co	926
base	927
direction	928
distance	929
benefits	930
stay	931
despite	932
safety	933
cold	934
features	935
takes	936
assessment	937
scale	938
paid	939
length	940
entire	941
prior	942
phone	943
event	944
literature	945
parties	946
easy	947
mark	948
district	949
previous	950
wrong	951
ideas	952
exchange	953
continue	954
India	955
professional	956
happened	957
Paul	958
England	959
forces	960
sources	961
web	962
ready	963
concept	964
offer	965
active	966
character	967
appear	968
add	969
standards	970
weight	971
labor	972
notes	973
director	974
fear	975
produced	976
memory	977
introduction	978
independent	979
success	980
saying	981
author	982
library	983
actions	984
worked	985
traditional	986
determine	987
schools	988
passed	989
differences	990
numbers	991
develop	992
observed	993
lack	994
failure	995
learn	996
game	997
employees	998
anyone	999
laws	1000
German	1001
drug	1002
immediately	1003
mouth	1004
includes	1005
economy	1006
hour	1007
blue	1008
contract	1009
placed	1010
identity	1011
speak	1012
negative	1013
April	1014
bill	1015
multiple	1016
eye	1017
file	1018
factor	1019
film	1020
obtained	1021
initial	1022
December	1023
functions	1024
politics	1025
allowed	1026
require	1027
importance	1028
boy	1029
William	1030
internal	1031
operation	1032
compared	1033
iii	1034
born	1035
write	1036
January	1037
task	1038
measures	1039
persons	1040
employment	1041
sir	1042
walked	1043
gas	1044
christian	1045
operations	1046
ago	1047
credit	1048
properties	1049
annual	1050
opened	1051
giving	1052
decided	1053
peace	1054
equipment	1055
September	1056
heat	1057
plant	1058
strategy	1059
sun	1060
brother	1061
discussed	1062
secretary	1063
equal	1064
capacity	1065
Indian	1066
clinical	1067
larger	1068
opportunity	1069
practices	1070
wrote	1071
please	1072
African	1073
faith	1074
carried	1075
search	1076
closed	1077
becomes	1078
daily	1079
window	1080
otherwise	1081
sample	1082
stand	1083
standing	1084
brown	1085
skin	1086
changed	1087
extent	1088
reasons	1089
built	1090
stock	1091
apply	1092
produce	1093
seven	1094
moving	1095
skills	1096
organizations	1097
highly	1098
certainly	1099
brain	1100
chief	1101
nation	1102
round	1103
appears	1104
October	1105
strength	1106
institutions	1107
running	1108
manner	1109
George	1110
trial	1111
die	1112
follows	1113
Christ	1114
examples	1115
applications	1116
reports	1117
whatever	1118
supply	1119
cover	1120
transfer	1121
insurance	1122
collection	1123
measure	1124
unless	1125
weeks	1126
nearly	1127
requires	1128
noted	1129
steps	1130
died	1131
purposes	1132
sex	1133
exercise	1134
places	1135
park	1136
returned	1137
teaching	1138
freedom	1139
families	1140
Chinese	1141
husband	1142
institute	1143
sales	1144
instance	1145
month	1146
efforts	1147
alternative	1148
existing	1149
hospital	1150
benefit	1151
hundred	1152
useful	1153
yourself	1154
neither	1155
gives	1156
easily	1157
claims	1158
balance	1159
meant	1160
demand	1161
mental	1162
interests	1163
mail	1164
serious	1165
officer	1166
female	1167
reality	1168
stress	1169
principles	1170
style	1171
popular	1172
remain	1173
leading	1174
tree	1175
division	1176
check	1177
California	1178
identified	1179
occur	1180
actual	1181
none	1182
explain	1183
showed	1184
caused	1185
regional	1186
teachers	1187
covered	1188
Robert	1189
policies	1190
France	1191
designed	1192
sexual	1193
ones	1194
relationships	1195
arm	1196
fully	1197
goods	1198
increasing	1199
index	1200
growing	1201
definition	1202
technical	1203
appeared	1204
moral	1205
Thomas	1206
begin	1207
motion	1208
relation	1209
relative	1210
august	1211
master	1212
sector	1213
offered	1214
relevant	1215
developing	1216
talking	1217
happy	1218
congress	1219
setting	1220
Africa	1221
remains	1222
cancer	1223
color	1224
rise	1225
raised	1226
Cambridge	1227
effort	1228
location	1229
commercial	1230
sort	1231
description	1232
plans	1233
thank	1234
separate	1235
charge	1236
hot	1237
records	1238
picture	1239
male	1240
pulled	1241
completely	1242
urban	1243
avoid	1244
teacher	1245
lived	1246
chance	1247
domestic	1248
uses	1249
structures	1250
procedure	1251
successful	1252
conflict	1253
glass	1254
decisions	1255
reduced	1256
religion	1257
walk	1258
ensure	1259
sleep	1260
variety	1261
path	1262
holding	1263
contrast	1264
conference	1265
eight	1266
industrial	1267
evaluation	1268
circumstances	1269
serve	1270
reach	1271
hall	1272
characteristics	1273
scientific	1274
firm	1275
November	1276
oxford	1277
projects	1278
older	1279
pattern	1280
internet	1281
concerned	1282
stopped	1283
island	1284
principle	1285
onto	1286
sign	1287
visit	1288
images	1289
funds	1290
bar	1291
aspects	1292
suddenly	1293
receive	1294
overall	1295
suggested	1296
message	1297
learned	1298
daughter	1299
Mary	1300
essential	1301
corporation	1302
drive	1303
units	1304
regarding	1305
beautiful	1306
user	1307
smile	1308
procedures	1309
exactly	1310
identify	1311
relatively	1312
summer	1313
responsibility	1314
frequency	1315
reduce	1316
responsible	1317
miles	1318
speech	1319
marriage	1320
opinion	1321
upper	1322
perspective	1323
race	1324
desire	1325
providing	1326
survey	1327
existence	1328
communities	1329
objects	1330
request	1331
nations	1332
connection	1333
violence	1334
techniques	1335
constant	1336
spent	1337
fund	1338
Germany	1339
attempt	1340
foundation	1341
therapy	1342
prepared	1343
fast	1344
heavy	1345
argument	1346
names	1347
fell	1348
pass	1349
target	1350
Canada	1351
components	1352
waiting	1353
assistance	1354
progress	1355
fixed	1356
electronic	1357
miss	1358
goes	1359
speed	1360
peter	1361
remained	1362
mentioned	1363
lay	1364
cent	1365
leaders	1366
animals	1367
latter	1368
couple	1369
lady	1370
letters	1371
rose	1372
wish	1373
educational	1374
external	1375
girls	1376
fish	1377
net	1378
smith	1379
goal	1380
leaving	1381
baby	1382
performed	1383
forest	1384
official	1385
majority	1386
shape	1387
ran	1388
stories	1389
software	1390
selected	1391
slowly	1392
judge	1393
details	1394
finding	1395
strategies	1396
version	1397
sites	1398
hearing	1399
reaction	1400
acts	1401
choose	1402
agreed	1403
animal	1404
gold	1405
fair	1406
employee	1407
agent	1408
edge	1409
japan	1410
attack	1411
Michael	1412
concern	1413
provisions	1414
safe	1415
element	1416
formed	1417
gender	1418
February	1419
wait	1420
married	1421
paragraph	1422
client	1423
doubt	1424
formation	1425
filled	1426
southern	1427
joint	1428
recently	1429
generation	1430
van	1431
double	1432
soul	1433
understood	1434
output	1435
crime	1436
treated	1437
sister	1438
maximum	1439
station	1440
criminal	1441
trees	1442
evening	1443
improve	1444
patterns	1445
San	1446
items	1447
break	1448
served	1449
wind	1450
resistance	1451
leadership	1452
aware	1453
looks	1454
suggest	1455
conduct	1456
piece	1457
chair	1458
equation	1459
regulations	1460
watch	1461
correct	1462
vision	1463
located	1464
operating	1465
command	1466
online	1467
believed	1468
experiences	1469
perfect	1470
sitting	1471
powerful	1472
judgment	1473
engineering	1474
stone	1475
bottom	1476
via	1477
framework	1478
rich	1479
processing	1480
defense	1481
chemical	1482
guide	1483
acid	1484
prevent	1485
soil	1486
anti	1487
enter	1488
build	1489
duty	1490
regulation	1491
testing	1492
reduction	1493
shared	1494
explained	1495
plants	1496
thoughts	1497
proper	1498
entered	1499
introduced	1500
worth	1501
Richard	1502
accepted	1503
regard	1504
carry	1505
allows	1506
foot	1507
pretty	1508
tools	1509
protein	1510
bible	1511
minister	1512
Charles	1513
expressed	1514
error	1515
contains	1516
challenge	1517
officers	1518
Americans	1519
played	1520
suggests	1521
travel	1522
causes	1523
references	1524
referred	1525
gain	1526
spoke	1527
intended	1528
release	1529
straight	1530
arrived	1531
assets	1532
changing	1533
thousand	1534
describe	1535
affect	1536
caught	1537
interesting	1538
medicine	1539
ancient	1540
breath	1541
opportunities	1542
whereas	1543
core	1544
executive	1545
iv	1546
selection	1547
philosophy	1548
academic	1549
career	1550
maintain	1551
payment	1552
village	1553
doctor	1554
hence	1555
goals	1556
smiled	1557
signal	1558
sufficient	1559
tests	1560
seeing	1561
rock	1562
scene	1563
figures	1564
killed	1565
variable	1566
Henry	1567
ca	1568
exist	1569
hill	1570
matters	1571
northern	1572
background	1573
happen	1574
eventually	1575
ratio	1576
occurs	1577
summary	1578
speaking	1579
minimum	1580
interpretation	1581
hit	1582
document	1583
stated	1584
square	1585
aid	1586
machine	1587
cash	1588
bodies	1589
accounts	1590
metal	1591
smaller	1592
budget	1593
regular	1594
practical	1595
increases	1596
spring	1597
spread	1598
moreover	1599
damage	1600
soft	1601
Paris	1602
comparison	1603
boys	1604
creating	1605
Israel	1606
opening	1607
papers	1608
birth	1609
affairs	1610
knows	1611
creation	1612
affected	1613
protect	1614
component	1615
approaches	1616
battle	1617
prices	1618
failed	1619
implementation	1620
represent	1621
fields	1622
possibility	1623
Chicago	1624
eat	1625
defendant	1626
resolution	1627
views	1628
named	1629
manager	1630
interaction	1631
send	1632
fight	1633
corporate	1634
establish	1635
shot	1636
save	1637
map	1638
accept	1639
wood	1640
slightly	1641
advantage	1642
layer	1643
obtain	1644
markets	1645
mission	1646
previously	1647
starting	1648
grant	1649
loved	1650
ship	1651
frequently	1652
block	1653
fit	1654
Japanese	1655
medium	1656
forth	1657
concerns	1658
transport	1659
reform	1660
lake	1661
helped	1662
tradition	1663
mine	1664
facilities	1665
store	1666
housing	1667
holy	1668
interested	1669
variables	1670
secondary	1671
documents	1672
agents	1673
Jewish	1674
native	1675
achieve	1676
concerning	1677
rural	1678
leader	1679
forced	1680
sit	1681
formal	1682
okay	1683
principal	1684
replied	1685
crisis	1686
parallel	1687
sorry	1688
reasonable	1689
powers	1690
agencies	1691
contemporary	1692
resulting	1693
proceedings	1694
unique	1695
leaves	1696
thirty	1697
resource	1698
expect	1699
typically	1700
dry	1701
supported	1702
limit	1703
classes	1704
playing	1705
facts	1706
merely	1707
touch	1708
concentration	1709
measured	1710
USA	1711
represented	1712
knowing	1713
UK	1714
nodded	1715
competition	1716
conclusion	1717
advanced	1718
drugs	1719
spiritual	1720
recognized	1721
youth	1722
appeal	1723
nuclear	1724
buy	1725
options	1726
mm	1727
feature	1728
regions	1729
calls	1730
adopted	1731
lips	1732
copyright	1733
cities	1734
kingdom	1735
combination	1736
concepts	1737
conversation	1738
authors	1739
radio	1740
adult	1741
debt	1742
feelings	1743
visual	1744
dog	1745
respectively	1746
realized	1747
extended	1748
administrative	1749
option	1750
fresh	1751
input	1752
impossible	1753
marketing	1754
controlled	1755
wave	1756
participants	1757
significantly	1758
dependent	1759
minute	1760
novel	1761
mode	1762
specifically	1763
citizens	1764
estate	1765
subjects	1766
showing	1767
users	1768
absence	1769
occurred	1770
ibid	1771
horse	1772
royal	1773
professor	1774
wants	1775
psychology	1776
windows	1777
representation	1778
becoming	1779
approximately	1780
managed	1781
participation	1782
broad	1783
typical	1784
jack	1785
publication	1786
watched	1787
slow	1788
intelligence	1789
courts	1790
removed	1791
secret	1792
discuss	1793
sections	1794
fingers	1795
findings	1796
perform	1797
provision	1798
eastern	1799
chest	1800
neck	1801
networks	1802
detail	1803
television	1804
shoulder	1805
parameters	1806
click	1807
emotional	1808
orders	1809
relief	1810
objective	1811
sight	1812
seek	1813
statements	1814
corner	1815
connected	1816
cycle	1817
apart	1818
offers	1819
pages	1820
consumer	1821
consistent	1822
sets	1823
ma	1824
select	1825
solid	1826
sequence	1827
conducted	1828
warm	1829
recognition	1830
hotel	1831
shook	1832
Britain	1833
indicate	1834
signs	1835
indicated	1836
kitchen	1837
owner	1838
broken	1839
closer	1840
fundamental	1841
clean	1842
customer	1843
device	1844
currently	1845
tool	1846
estimated	1847
thanks	1848
vehicle	1849
highest	1850
hell	1851
brief	1852
subsequent	1853
walking	1854
consequences	1855
iron	1856
nice	1857
solutions	1858
walls	1859
detailed	1860
huge	1861
en	1862
dad	1863
interview	1864
criteria	1865
bear	1866
winter	1867
channel	1868
banks	1869
ahead	1870
shift	1871
assume	1872
keeping	1873
turning	1874
experienced	1875
trouble	1876
band	1877
audience	1878
fourth	1879
sale	1880
combined	1881
focused	1882
experimental	1883
obvious	1884
pointed	1885
fax	1886
nine	1887
consideration	1888
museum	1889
mid	1890
answered	1891
transition	1892
entry	1893
employed	1894
digital	1895
Russian	1896
technique	1897
authorities	1898
st	1899
contain	1900
copy	1901
drawn	1902
determination	1903
ice	1904
wild	1905
entirely	1906
studied	1907
finished	1908
injury	1909
edition	1910
carefully	1911
waste	1912
issued	1913
communications	1914
bound	1915
guy	1916
kids	1917
seat	1918
examination	1919
density	1920
symptoms	1921
election	1922
ordered	1923
belief	1924
chain	1925
watching	1926
containing	1927
agricultural	1928
telling	1929
completed	1930
kill	1931
transportation	1932
false	1933
positions	1934
legs	1935
leads	1936
investigation	1937
derived	1938
appearance	1939
customers	1940
democratic	1941
challenges	1942
silence	1943
familiar	1944
garden	1945
origin	1946
severe	1947
structural	1948
quick	1949
firms	1950
argued	1951
represents	1952
maintenance	1953
category	1954
suppose	1955
Asia	1956
identification	1957
Australia	1958
sold	1959
cup	1960
limits	1961
exposure	1962
agree	1963
captain	1964
monitoring	1965
dream	1966
dinner	1967
primarily	1968
domain	1969
republic	1970
drink	1971
linear	1972
opposite	1973
responses	1974
express	1975
noise	1976
supposed	1977
coffee	1978
roman	1979
amendment	1980
sought	1981
sentence	1982
plus	1983
revolution	1984
consumption	1985
strange	1986
link	1987
strategic	1988
video	1989
filed	1990
situations	1991
evil	1992
contained	1993
largely	1994
nevertheless	1995
display	1996
draw	1997
usual	1998
scheme	1999
mg	2000
club	2001
soldiers	2002
frame	2003
climate	2004
mechanism	2005
dear	2006
numerous	2007
constitution	2008
assumed	2009
Greek	2010
grow	2011
psychological	2012
tissue	2013
empty	2014
storage	2015
statistics	2016
convention	2017
partner	2018
bone	2019
increasingly	2020
specified	2021
arts	2022
personnel	2023
efficiency	2024
farm	2025
wine	2026
sides	2027
screen	2028
confidence	2029
narrative	2030
percentage	2031
cm	2032
song	2033
chosen	2034
enemy	2035
cognitive	2036
achieved	2037
train	2038
corresponding	2039
mountain	2040
assembly	2041
somewhat	2042
remaining	2043
possibly	2044
UN	2045
improvement	2046
abuse	2047
similarly	2048
editor	2049
valley	2050
evolution	2051
campaign	2052
plane	2053
portion	2054
discovered	2055
ring	2056
imagine	2057
star	2058
sciences	2059
quiet	2060
Mexico	2061
closely	2062
martin	2063
soviet	2064
articles	2065
supreme	2066
drawing	2067
delivery	2068
largest	2069
purchase	2070
apparently	2071
officials	2072
functional	2073
devices	2074
explanation	2075
kinds	2076
gene	2077
poverty	2078
asking	2079
comments	2080
grand	2081
probability	2082
camp	2083
mainly	2084
passage	2085
clothes	2086
grew	2087
matrix	2088
legislation	2089
inner	2090
parent	2091
advice	2092
thin	2093
directed	2094
season	2095
worse	2096
tend	2097
recorded	2098
motor	2099
Eu	2100
adults	2101
mostly	2102
integration	2103
funding	2104
reader	2105
immediate	2106
Le	2107
categories	2108
dynamic	2109
revenue	2110
senior	2111
track	2112
extremely	2113
houses	2114
bridge	2115
traffic	2116
notion	2117
pleasure	2118
lie	2119
buildings	2120
hurt	2121
sounds	2122
reserved	2123
mixed	2124
emergency	2125
sky	2126
Spanish	2127
remove	2128
finance	2129
dc	2130
emphasis	2131
lose	2132
involves	2133
profit	2134
afraid	2135
jobs	2136
count	2137
listen	2138
unable	2139
refer	2140
coast	2141
ended	2142
steel	2143
proof	2144
greatest	2145
pieces	2146
truly	2147
contribution	2148
billion	2149
card	2150
intellectual	2151
scope	2152
gets	2153
permission	2154
debate	2155
technologies	2156
willing	2157
threat	2158
load	2159
movements	2160
Johnson	2161
samples	2162
item	2163
substantial	2164
welfare	2165
reflect	2166
universal	2167
pure	2168
improved	2169
grace	2170
laughed	2171
democracy	2172
applicable	2173
spend	2174
depth	2175
institution	2176
necessarily	2177
depends	2178
fuel	2179
drop	2180
ball	2181
carbon	2182
database	2183
equivalent	2184
researchers	2185
prove	2186
governments	2187
considerable	2188
literary	2189
recovery	2190
marked	2191
heaven	2192
zero	2193
pair	2194
ordinary	2195
promise	2196
biological	2197
sum	2198
ministry	2199
divided	2200
DNA	2201
tom	2202
employer	2203
dropped	2204
define	2205
join	2206
zone	2207
laid	2208
plate	2209
guess	2210
mechanisms	2211
liability	2212
tears	2213
aspect	2214
outcome	2215
sweet	2216
representative	2217
salt	2218
measurement	2219
hardly	2220
recognize	2221
mom	2222
theoretical	2223
intervention	2224
extra	2225
ourselves	2226
circle	2227
compensation	2228
host	2229
generated	2230
widely	2231
furthermore	2232
noticed	2233
silver	2234
Texas	2235
weak	2236
ill	2237
continuous	2238
listed	2239
wonder	2240
column	2241
obviously	2242
beside	2243
lee	2244
seeking	2245
joined	2246
divine	2247
flat	2248
agriculture	2249
Latin	2250
characters	2251
fat	2252
Russia	2253
acting	2254
indicates	2255
queen	2256
yellow	2257
thick	2258
bond	2259
spot	2260
famous	2261
significance	2262
consciousness	2263
granted	2264
requirement	2265
random	2266
engaged	2267
reporting	2268
household	2269
collected	2270
ad	2271
amended	2272
tone	2273
Joseph	2274
composition	2275
texts	2276
outcomes	2277
exists	2278
picked	2279
ideal	2280
ethnic	2281
manufacturing	2282
games	2283
yeah	2284
begins	2285
circuit	2286
Jews	2287
flight	2288
attorney	2289
contents	2290
accordance	2291
tasks	2292
decide	2293
dance	2294
committed	2295
taught	2296
owned	2297
dollars	2298
commitment	2299
payments	2300
lies	2301
equally	2302
involving	2303
collective	2304
liquid	2305
empire	2306
afternoon	2307
unlike	2308
bright	2309
capable	2310
advance	2311
cast	2312
commonly	2313
distinct	2314
approved	2315
linked	2316
clients	2317
beauty	2318
implications	2319
diagnosis	2320
languages	2321
muscle	2322
laboratory	2323
port	2324
facility	2325
driving	2326
sec	2327
excellent	2328
journey	2329
accounting	2330
calling	2331
infection	2332
organized	2333
id	2334
amounts	2335
carrying	2336
enjoy	2337
fellow	2338
depending	2339
border	2340
calculated	2341
guard	2342
telephone	2343
sub	2344
Italy	2345
enforcement	2346
trip	2347
considering	2348
consists	2349
publishing	2350
revealed	2351
struggle	2352
effectively	2353
transformation	2354
unknown	2355
driven	2356
awareness	2357
humans	2358
oral	2359
sell	2360
electric	2361
rapid	2362
besides	2363
taxes	2364
dangerous	2365
permanent	2366
stability	2367
milk	2368
boat	2369
genetic	2370
branch	2371
temple	2372
aside	2373
demonstrated	2374
stable	2375
discourse	2376
escape	2377
session	2378
gun	2379
objectives	2380
pushed	2381
pick	2382
repeated	2383
mobile	2384
efficient	2385
answers	2386
classification	2387
logic	2388
TV	2389
properly	2390
drew	2391
integrated	2392
ends	2393
respond	2394
readers	2395
concrete	2396
route	2397
preparation	2398
interactions	2399
promote	2400
mechanical	2401
frank	2402
beneath	2403
alcohol	2404
fiscal	2405
putting	2406
diversity	2407
till	2408
released	2409
refers	2410
architecture	2411
files	2412
fluid	2413
extension	2414
narrow	2415
danger	2416
attitude	2417
algorithm	2418
managers	2419
theories	2420
era	2421
raise	2422
prison	2423
experiments	2424
eating	2425
wealth	2426
cooperation	2427
grade	2428
twice	2429
anyway	2430
catholic	2431
recommended	2432
strongly	2433
visible	2434
loan	2435
coverage	2436
disorders	2437
grown	2438
independence	2439
translation	2440
substance	2441
institutional	2442
yield	2443
thousands	2444
relating	2445
beach	2446
estimate	2447
commerce	2448
minor	2449
careful	2450
claimed	2451
apparent	2452
contributions	2453
entitled	2454
expansion	2455
weather	2456
height	2457
alive	2458
guidelines	2459
Los	2460
fighting	2461
sugar	2462
root	2463
roles	2464
difficulty	2465
ultimately	2466
continues	2467
prime	2468
Asian	2469
panel	2470
gift	2471
forget	2472
expenses	2473
proved	2474
describes	2475
decades	2476
settlement	2477
depression	2478
informed	2479
experiment	2480
organic	2481
induced	2482
anger	2483
underlying	2484
concluded	2485
personality	2486
tables	2487
dress	2488
passing	2489
Boston	2490
attempts	2491
easier	2492
surgery	2493
comprehensive	2494
fruit	2495
surprise	2496
sensitive	2497
secure	2498
bay	2499
economics	2500
younger	2501
rare	2502
planned	2503
pursuant	2504
addressed	2505
won	2506
shop	2507
healthy	2508
gray	2509
periods	2510
bag	2511
catch	2512
sons	2513
Italian	2514
statistical	2515
diseases	2516
demands	2517
award	2518
disorder	2519
risks	2520
industries	2521
sharp	2522
angle	2523
missing	2524
rooms	2525
suffering	2526
creative	2527
observation	2528
variation	2529
remembered	2530
absolute	2531
securities	2532
stepped	2533
assigned	2534
turns	2535
schedule	2536
pull	2537
sharing	2538
estimates	2539
compliance	2540
prayer	2541
IL	2542
server	2543
normally	2544
happens	2545
establishment	2546
writer	2547
extensive	2548
binding	2549
contracts	2550
observations	2551
rain	2552
offering	2553
determining	2554
cool	2555
manage	2556
vice	2557
argue	2558
Jones	2559
fun	2560
allowing	2561
vote	2562
tea	2563
print	2564
heads	2565
mention	2566
sheet	2567
controls	2568
prince	2569
sin	2570
rapidly	2571
shares	2572
Virginia	2573
classical	2574
curve	2575
transmission	2576
distributed	2577
thou	2578
faced	2579
worry	2580
regulatory	2581
partners	2582
molecular	2583
engine	2584
jurisdiction	2585
silent	2586
arguments	2587
counter	2588
receiving	2589
signed	2590
topic	2591
opposition	2592
handle	2593
prevention	2594
profile	2595
win	2596
broke	2597
pacific	2598
assistant	2599
regarded	2600
Sam	2601
stared	2602
duties	2603
gross	2604
colleagues	2605
stages	2606
NY	2607
adequate	2608
organizational	2609
acute	2610
fill	2611
ocean	2612
exception	2613
senate	2614
examine	2615
maintained	2616
dealing	2617
meetings	2618
ex	2619
liked	2620
poetry	2621
match	2622
territory	2623
instruments	2624
decrease	2625
hidden	2626
Canadian	2627
returns	2628
ray	2629
beliefs	2630
regime	2631
chapters	2632
teeth	2633
choices	2634
acquired	2635
surprised	2636
extreme	2637
films	2638
fifty	2639
versus	2640
shoulders	2641
brothers	2642
realize	2643
weapons	2644
involvement	2645
witness	2646
attached	2647
talked	2648
sports	2649
publications	2650
characteristic	2651
anxiety	2652
troops	2653
desk	2654
lying	2655
partnership	2656
transactions	2657
row	2658
syndrome	2659
discovery	2660
writers	2661
colonial	2662
perceived	2663
survival	2664
comment	2665
bureau	2666
instrument	2667
headed	2668
moments	2669
shut	2670
twelve	2671
gaze	2672
Edward	2673
childhood	2674
pictures	2675
treat	2676
adding	2677
taste	2678
appendix	2679
intensity	2680
chairman	2681
fees	2682
conventional	2683
chronic	2684
rising	2685
instructions	2686
plays	2687
settled	2688
presentation	2689
approval	2690
joy	2691
Ireland	2692
ml	2693
desired	2694
distinction	2695
armed	2696
aim	2697
ear	2698
edited	2699
entity	2700
forty	2701
ISBN	2702
dose	2703
instruction	2704
superior	2705
teach	2706
snow	2707
limitations	2708
Rome	2709
murder	2710
wearing	2711
denied	2712
tells	2713
constitutional	2714
conservation	2715
Luke	2716
degrees	2717
bringing	2718
somewhere	2719
counsel	2720
initially	2721
faces	2722
scholars	2723
exposed	2724
crowd	2725
replaced	2726
abstract	2727
perception	2728
driver	2729
boundary	2730
charged	2731
refused	2732
fashion	2733
treaty	2734
reactions	2735
charges	2736
spending	2737
helps	2738
golden	2739
examined	2740
suit	2741
demonstrate	2742
magazine	2743
equity	2744
quarter	2745
stream	2746
governor	2747
fee	2748
sick	2749
helping	2750
nursing	2751
gap	2752
listening	2753
grounds	2754
competitive	2755
contribute	2756
reflected	2757
suitable	2758
presents	2759
interface	2760
LL	2761
moon	2762
ethics	2763
deeply	2764
formula	2765
breast	2766
birds	2767
dominant	2768
uniform	2769
enterprise	2770
decline	2771
holds	2772
nose	2773
Matthew	2774
tall	2775
discrimination	2776
stuff	2777
directions	2778
tomorrow	2779
wisdom	2780
waited	2781
permit	2782
stands	2783
involve	2784
contrary	2785
finger	2786
cultures	2787
ownership	2788
acquisition	2789
prepare	2790
Spain	2791
liberal	2792
whenever	2793
nineteenth	2794
oxygen	2795
horses	2796
dynamics	2797
wear	2798
somehow	2799
ought	2800
surely	2801
infrastructure	2802
advertising	2803
delivered	2804
Elizabeth	2805
printed	2806
Louis	2807
landscape	2808
accurate	2809
bonds	2810
innovation	2811
supporting	2812
button	2813
wondered	2814
declared	2815
emotions	2816
lands	2817
bus	2818
Williams	2819
namely	2820
aircraft	2821
cook	2822
throat	2823
darkness	2824
marine	2825
equations	2826
shock	2827
expectations	2828
difficulties	2829
streets	2830
gate	2831
links	2832
score	2833
meat	2834
wonderful	2835
serving	2836
thereby	2837
spatial	2838
modified	2839
elsewhere	2840
consent	2841
continuing	2842
pro	2843
bought	2844
radical	2845
flowers	2846
players	2847
angry	2848
peak	2849
tiny	2850
encourage	2851
appointed	2852
representatives	2853
hole	2854
protected	2855
judicial	2856
vast	2857
tongue	2858
MS	2859
dimensions	2860
populations	2861
falling	2862
waves	2863
reducing	2864
doors	2865
stars	2866
admitted	2867
Irish	2868
illness	2869
engage	2870
producing	2871
reserve	2872
proposal	2873
temporary	2874
partial	2875
valuable	2876
errors	2877
CT	2878
expert	2879
magnetic	2880
detection	2881
characterized	2882
multi	2883
surrounding	2884
radiation	2885
Daniel	2886
racial	2887
crucial	2888
ethical	2889
uncle	2890
compare	2891
effectiveness	2892
Taylor	2893
leg	2894
website	2895
spectrum	2896
islands	2897
mere	2898
academy	2899
proportion	2900
plain	2901
homes	2902
sudden	2903
separation	2904
founded	2905
camera	2906
Joe	2907
originally	2908
glad	2909
cried	2910
assumption	2911
fifth	2912
electrical	2913
preferred	2914
seconds	2915
essentially	2916
boundaries	2917
ye	2918
shaped	2919
attitudes	2920
mountains	2921
clause	2922
consequently	2923
constructed	2924
drinking	2925
faculty	2926
measurements	2927
societies	2928
operate	2929
minority	2930
supplies	2931
doctrine	2932
Wilson	2933
Ann	2934
ages	2935
precisely	2936
excess	2937
Sunday	2938
consequence	2939
smooth	2940
rarely	2941
struck	2942
Scott	2943
agreements	2944
transaction	2945
evident	2946
harm	2947
enable	2948
naturally	2949
waters	2950
particles	2951
hoped	2952
finds	2953
resulted	2954
parliament	2955
governance	2956
beat	2957
wet	2958
priority	2959
pool	2960
victim	2961
quantity	2962
busy	2963
chamber	2964
trading	2965
centuries	2966
fail	2967
consumers	2968
mutual	2969
delay	2970
cat	2971
testimony	2972
opposed	2973
accessed	2974
attacks	2975
guidance	2976
trends	2977
trans	2978
operator	2979
reflection	2980
beings	2981
authorized	2982
falls	2983
managing	2984
proteins	2985
businesses	2986
victims	2987
universe	2988
Ben	2989
fairly	2990
statute	2991
unfortunately	2992
thy	2993
electron	2994
obligations	2995
rice	2996
interior	2997
string	2998
connections	2999
mixture	3000
COVID	3001
residents	3002
submitted	3003
plastic	3004
settings	3005
sand	3006
newspaper	3007
lifted	3008
lights	3009
smoke	3010
plaintiff	3011
criticism	3012
losses	3013
Florida	3014
scientists	3015
vertical	3016
seriously	3017
destruction	3018
registered	3019
selling	3020
applies	3021
membership	3022
vector	3023
bird	3024
reaching	3025
cited	3026
spoken	3027
pocket	3028
bush	3029
bread	3030
revised	3031
axis	3032
nurse	3033
burden	3034
complexity	3035
developments	3036
assess	3037
satisfaction	3038
protocol	3039
facing	3040
centers	3041
actors	3042
viewed	3043
stomach	3044
removal	3045
cars	3046
farmers	3047
shirt	3048
empirical	3049
discipline	3050
recall	3051
stayed	3052
favor	3053
mirror	3054
tension	3055
feedback	3056
incident	3057
speaker	3058
theme	3059
glanced	3060
max	3061
pa	3062
vehicles	3063
honor	3064
comfortable	3065
accident	3066
participate	3067
ships	3068
vary	3069
dogs	3070
velocity	3071
composed	3072
tight	3073
ride	3074
strike	3075
handed	3076
kiss	3077
dressed	3078
welcome	3079
owners	3080
fault	3081
messages	3082
subsection	3083
Indians	3084
brand	3085
perspectives	3086
possession	3087
migration	3088
feed	3089
phenomenon	3090
artist	3091
Egypt	3092
fiction	3093
greatly	3094
bell	3095
recommendations	3096
generate	3097
format	3098
worst	3099
perfectly	3100
painting	3101
entrance	3102
duration	3103
decade	3104
promised	3105
hypothesis	3106
helpful	3107
explore	3108
Muslim	3109
worker	3110
loans	3111
photo	3112
miller	3113
Christmas	3114
dreams	3115
tonight	3116
laugh	3117
musical	3118
dimension	3119
nervous	3120
occasion	3121
Adam	3122
tip	3123
imposed	3124
intention	3125
parameter	3126
remote	3127
classroom	3128
nobody	3129
movie	3130
genes	3131
apartment	3132
moves	3133
cry	3134
skill	3135
conclusions	3136
drove	3137
confirmed	3138
atmosphere	3139
legislative	3140
recording	3141
spaces	3142
depend	3143
tired	3144
argues	3145
runs	3146
register	3147
valid	3148
player	3149
mix	3150
lunch	3151
announced	3152
regardless	3153
tested	3154
qualified	3155
conscious	3156
Fr	3157
whispered	3158
gradually	3159
vi	3160
Se	3161
restaurant	3162
flesh	3163
rational	3164
roots	3165
monthly	3166
trained	3167
absolutely	3168
Min	3169
accompanied	3170
fed	3171
suffered	3172
satisfied	3173
potentially	3174
fifteen	3175
marks	3176
Jim	3177
license	3178
evaluate	3179
emerging	3180
begun	3181
Columbia	3182
arrangements	3183
grants	3184
conversion	3185
influenced	3186
magic	3187
flows	3188
sees	3189
strain	3190
cutting	3191
diverse	3192
orientation	3193
violent	3194
causing	3195
push	3196
membrane	3197
unto	3198
wise	3199
ears	3200
accuracy	3201
considerations	3202
export	3203
enjoyed	3204
emerged	3205
acceptance	3206
cards	3207
grass	3208
oriented	3209
leaned	3210
Di	3211
obligation	3212
guys	3213
twentieth	3214
Australian	3215
vital	3216
separated	3217
expensive	3218
slave	3219
Korea	3220
offices	3221
split	3222
correlation	3223
jury	3224
applying	3225
aids	3226
nerve	3227
partly	3228
monitor	3229
constraints	3230
asset	3231
Carolina	3232
vessel	3233
synthesis	3234
mining	3235
locations	3236
gathered	3237
successfully	3238
signals	3239
isolated	3240
fly	3241
Jackson	3242
intent	3243
poem	3244
implemented	3245
hung	3246
stored	3247
serves	3248
forever	3249
raw	3250
pressed	3251
bearing	3252
comfort	3253
encouraged	3254
imagination	3255
barely	3256
phrase	3257
trail	3258
reveal	3259
Berlin	3260
gently	3261
courses	3262
artists	3263
definitions	3264
permitted	3265
burning	3266
brings	3267
assumptions	3268
comparative	3269
unusual	3270
warning	3271
extend	3272
assist	3273
retirement	3274
friendly	3275
behalf	3276
default	3277
totally	3278
exact	3279
fallen	3280
voltage	3281
simulation	3282
truck	3283
Islamic	3284
utility	3285
Sarah	3286
saved	3287
wage	3288
ultimate	3289
Francisco	3290
discussions	3291
touched	3292
memories	3293
breaking	3294
designated	3295
availability	3296
analyses	3297
blocks	3298
vessels	3299
elected	3300
occasionally	3301
diet	3302
accordingly	3303
happiness	3304
sustainable	3305
faster	3306
thermal	3307
liver	3308
punishment	3309
kg	3310
ltd	3311
dimensional	3312
frequent	3313
reply	3314
blind	3315
feels	3316
illustrated	3317
steady	3318
foods	3319
breakfast	3320
disability	3321
Na	3322
directors	3323
attempted	3324
roll	3325
performing	3326
arrangement	3327
plot	3328
dust	3329
victory	3330
repair	3331
coal	3332
paying	3333
newly	3334
optical	3335
destroyed	3336
Alexander	3337
finish	3338
harry	3339
res	3340
dialogue	3341
equilibrium	3342
implement	3343
league	3344
draft	3345
carrier	3346
heavily	3347
Simon	3348
layers	3349
transferred	3350
responsibilities	3351
hundreds	3352
improving	3353
shadow	3354
Lewis	3355
crossed	3356
voices	3357
expense	3358
heading	3359
calm	3360
beam	3361
constantly	3362
fishing	3363
registration	3364
gods	3365
seed	3366
capture	3367
symbol	3368
ah	3369
trials	3370
sacred	3371
subsequently	3372
experts	3373
email	3374
overview	3375
topics	3376
Dr	3377
virtue	3378
loud	3379
establishing	3380
restrictions	3381
associations	3382
mathematics	3383
massive	3384
clothing	3385
node	3386
conservative	3387
exhibit	3388
virtual	3389
pregnancy	3390
stronger	3391
Jane	3392
professionals	3393
elections	3394
channels	3395
HIV	3396
saint	3397
unity	3398
solve	3399
lessons	3400
physics	3401
philosophical	3402
trend	3403
gained	3404
storm	3405
advantages	3406
ongoing	3407
identical	3408
platform	3409
liberty	3410
maintaining	3411
scores	3412
engagement	3413
flying	3414
teams	3415
pH	3416
fort	3417
meal	3418
terrible	3419
arise	3420
Illinois	3421
med	3422
outer	3423
rolled	3424
observe	3425
curriculum	3426
configuration	3427
tube	3428
raising	3429
compounds	3430
branches	3431
threw	3432
Si	3433
simultaneously	3434
productivity	3435
instances	3436
guilty	3437
grain	3438
starts	3439
physician	3440
acceptable	3441
passion	3442
asks	3443
nearby	3444
molecules	3445
behaviors	3446
worried	3447
optimal	3448
jean	3449
arrival	3450
initiative	3451
chose	3452
pub	3453
patent	3454
quietly	3455
songs	3456
intense	3457
copies	3458
array	3459
complicated	3460
violation	3461
bedroom	3462
programming	3463
uncertainty	3464
wider	3465
representing	3466
lawyer	3467
imaging	3468
Philadelphia	3469
breathing	3470
stores	3471
invited	3472
closing	3473
occupied	3474
decreased	3475
Iraq	3476
Davis	3477
cf	3478
visited	3479
execution	3480
grabbed	3481
roof	3482
hate	3483
enhance	3484
graph	3485
package	3486
identifying	3487
prominent	3488
impacts	3489
minds	3490
differential	3491
smart	3492
diameter	3493
concentrations	3494
everywhere	3495
traditions	3496
indigenous	3497
mistake	3498
pleased	3499
Andrew	3500
translated	3501
manual	3502
everybody	3503
agenda	3504
quoted	3505
forgotten	3506
logical	3507
Stephen	3508
stick	3509
DA	3510
promotion	3511
inch	3512
discharge	3513
log	3514
hide	3515
Christians	3516
essay	3517
bottle	3518
returning	3519
anywhere	3520
monetary	3521
smell	3522
reputation	3523
creates	3524
hat	3525
candidate	3526
lesson	3527
constitute	3528
dramatic	3529
rank	3530
overcome	3531
attend	3532
sensitivity	3533
gay	3534
wished	3535
deeper	3536
mood	3537
Angeles	3538
app	3539
distant	3540
crew	3541
achievement	3542
equality	3543
theology	3544
rejected	3545
cloud	3546
restricted	3547
pride	3548
inquiry	3549
bob	3550
churches	3551
tendency	3552
operational	3553
modeling	3554
wake	3555
possibilities	3556
investments	3557
healing	3558
entities	3559
priest	3560
navy	3561
technological	3562
explains	3563
admit	3564
particle	3565
virus	3566
necessity	3567
happening	3568
orange	3569
enhanced	3570
missed	3571
declaration	3572
adjustment	3573
filing	3574
wire	3575
km	3576
appeals	3577
throw	3578
sake	3579
variations	3580
wages	3581
Li	3582
earnings	3583
inspection	3584
tourism	3585
ending	3586
produces	3587
aunt	3588
sport	3589
behavioral	3590
pan	3591
wedding	3592
worship	3593
construct	3594
millions	3595
wore	3596
graduate	3597
killing	3598
deliver	3599
pilot	3600
crown	3601
losing	3602
investors	3603
don	3604
covering	3605
plasma	3606
thinks	3607
Harvard	3608
pale	3609
adoption	3610
adverse	3611
electricity	3612
discover	3613
lists	3614
Arab	3615
tied	3616
mathematical	3617
entering	3618
fate	3619
interval	3620
tour	3621
shoes	3622
briefly	3623
profits	3624
conflicts	3625
emotion	3626
currency	3627
everyday	3628
poet	3629
coat	3630
cable	3631
thee	3632
confusion	3633
classic	3634
petition	3635
knees	3636
proud	3637
complaint	3638
attributes	3639
banking	3640
rough	3641
rocks	3642
responded	3643
mile	3644
crystal	3645
inter	3646
muscles	3647
imperial	3648
mortality	3649
savings	3650
publisher	3651
inventory	3652
deemed	3653
contributed	3654
beer	3655
mothers	3656
machines	3657
requested	3658
approached	3659
SA	3660
senator	3661
stairs	3662
writes	3663
crimes	3664
judges	3665
duke	3666
aged	3667
fewer	3668
supports	3669
implies	3670
roads	3671
universities	3672
dutch	3673
highway	3674
loop	3675
moderate	3676
differ	3677
maps	3678
customs	3679
heritage	3680
mike	3681
impression	3682
commander	3683
dollar	3684
hills	3685
inches	3686
arranged	3687
repeat	3688
interviews	3689
suffer	3690
favorite	3691
loose	3692
wooden	3693
peoples	3694
fought	3695
computers	3696
introduce	3697
certificate	3698
convinced	3699
sword	3700
glory	3701
routine	3702
developmental	3703
stem	3704
cream	3705
immigration	3706
wound	3707
privacy	3708
quarterly	3709
expanded	3710
kid	3711
dispute	3712
sad	3713
Arthur	3714
GDP	3715
sampling	3716
regularly	3717
stations	3718
replace	3719
threshold	3720
damages	3721
tumor	3722
wing	3723
requiring	3724
submit	3725
temporal	3726
Cd	3727
reasoning	3728
slaves	3729
readily	3730
survive	3731
humanity	3732
lots	3733
chemistry	3734
dying	3735
Jerusalem	3736
environments	3737
filter	3738
systematic	3739
reviews	3740
label	3741
distinguished	3742
corporations	3743
laser	3744
solar	3745
encounter	3746
studying	3747
plenty	3748
biology	3749
emperor	3750
avenue	3751
OK	3752
Del	3753
reflects	3754
appointment	3755
chart	3756
Pennsylvania	3757
forming	3758
Ohio	3759
Anne	3760
buried	3761
trace	3762
Christianity	3763
explicit	3764
disappeared	3765
shell	3766
Atlantic	3767
odd	3768
menu	3769
covers	3770
applicant	3771
dates	3772
desert	3773
adjusted	3774
horizontal	3775
measuring	3776
handling	3777
dedicated	3778
reverse	3779
incorporated	3780
requests	3781
bishop	3782
eligible	3783
aimed	3784
ease	3785
targets	3786
statutory	3787
visitors	3788
damn	3789
Islam	3790
commissioner	3791
classified	3792
financing	3793
palace	3794
tower	3795
finite	3796
residence	3797
demanded	3798
rely	3799
attractive	3800
expenditure	3801
reliable	3802
sleeping	3803
creek	3804
eggs	3805
belong	3806
woods	3807
opinions	3808
staring	3809
existed	3810
bones	3811
enormous	3812
instant	3813
pollution	3814
province	3815
gospel	3816
writings	3817
Michigan	3818
abandoned	3819
enterprises	3820
cotton	3821
striking	3822
candidates	3823
communist	3824
ha	3825
virtually	3826
latest	3827
dated	3828
doctors	3829
Grey	3830
sending	3831
associate	3832
bowl	3833
abroad	3834
switch	3835
sounded	3836
exclusive	3837
remarkable	3838
linguistic	3839
cap	3840
assuming	3841
inspired	3842
hanging	3843
essence	3844
historic	3845
honest	3846
facilitate	3847
integrity	3848
hey	3849
expressions	3850
theorem	3851
unemployment	3852
informal	3853
castle	3854
suppressed	3855
locked	3856
terminal	3857
marry	3858
airport	3859
noble	3860
Les	3861
threatened	3862
medieval	3863
improvements	3864
disaster	3865
contexts	3866
pray	3867
automatically	3868
modes	3869
origins	3870
towns	3871
yours	3872
norms	3873
definitely	3874
custom	3875
dependence	3876
pounds	3877
adopt	3878
accused	3879
surgical	3880
stuck	3881
clay	3882
alliance	3883
lateral	3884
assignment	3885
spite	3886
purchased	3887
temperatures	3888
turkey	3889
wars	3890
qualities	3891
surfaces	3892
sectors	3893
Vietnam	3894
motivation	3895
shortly	3896
designs	3897
preceding	3898
disclosure	3899
rent	3900
employers	3901
preliminary	3902
interpreted	3903
surrounded	3904
generations	3905
interventions	3906
pulling	3907
attended	3908
households	3909
captured	3910
smiling	3911
crop	3912
activation	3913
progressive	3914
preparing	3915
replacement	3916
phenomena	3917
neighborhood	3918
scenario	3919
wheel	3920
sphere	3921
ignored	3922
pulse	3923
crazy	3924
alternatives	3925
prefer	3926
unlikely	3927
chicken	3928
defining	3929
indicators	3930
checked	3931
citizen	3932
kissed	3933
nodes	3934
glance	3935
soldier	3936
solving	3937
Anderson	3938
receptor	3939
prisoners	3940
compound	3941
er	3942
indicating	3943
broader	3944
Lincoln	3945
precise	3946
Georgia	3947
influences	3948
shore	3949
slavery	3950
pace	3951
Anna	3952
emissions	3953
explicitly	3954
mount	3955
Philip	3956
hoping	3957
corps	3958
codes	3959
census	3960
copper	3961
administrator	3962
Samuel	3963
blow	3964
weekly	3965
displayed	3966
capabilities	3967
slight	3968
circulation	3969
infant	3970
appreciate	3971
printing	3972
describing	3973
reforms	3974
illegal	3975
meanwhile	3976
injuries	3977
relate	3978
excited	3979
Hong	3980
knife	3981
inc	3982
cluster	3983
conclude	3984
essays	3985
communicate	3986
alleged	3987
collect	3988
flexible	3989
methodology	3990
neutral	3991
conceptual	3992
negotiations	3993
conception	3994
saving	3995
validity	3996
hers	3997
sentences	3998
completion	3999
suggesting	4000
sacrifice	4001
devoted	4002
somebody	4003
foster	4004
mad	4005
testament	4006
fiber	4007
width	4008
Clark	4009
segment	4010
Francis	4011
Netherlands	4012
thesis	4013
exercises	4014
sisters	4015
males	4016
extraordinary	4017
kings	4018
bias	4019
afford	4020
hydrogen	4021
calculation	4022
coefficient	4023
colonel	4024
addresses	4025
likewise	4026
hearts	4027
destroy	4028
Dan	4029
drama	4030
Mexican	4031
elderly	4032
campus	4033
para	4034
analytical	4035
newspapers	4036
Walter	4037
insight	4038
trauma	4039
friendship	4040
imagined	4041
expertise	4042
gifts	4043
feeding	4044
exports	4045
paint	4046
calculate	4047
pink	4048
controlling	4049
diagram	4050
occupation	4051
enemies	4052
tank	4053
Allen	4054
remarks	4055
guarantee	4056
voluntary	4057
tail	4058
intermediate	4059
diagnostic	4060
absent	4061
bent	4062
lift	4063
publishers	4064
distinguish	4065
ritual	4066
Scotland	4067
widespread	4068
providers	4069
painted	4070
insisted	4071
operators	4072
poems	4073
verse	4074
satisfy	4075
spirits	4076
quantitative	4077
searching	4078
prescribed	4079
ladies	4080
calendar	4081
republican	4082
angel	4083
letting	4084
automatic	4085
lane	4086
servants	4087
suicide	4088
coordination	4089
laughing	4090
arrive	4091
inflation	4092
maria	4093
planet	4094
import	4095
singing	4096
diabetes	4097
grave	4098
giant	4099
entertainment	4100
artificial	4101
advances	4102
stroke	4103
praise	4104
confused	4105
lowest	4106
static	4107
collaboration	4108
deputy	4109
courage	4110
Princeton	4111
bare	4112
yesterday	4113
parking	4114
clock	4115
pension	4116
absorption	4117
combat	4118
cooking	4119
hunting	4120
guns	4121
gains	4122
stones	4123
challenging	4124
servant	4125
Md	4126
critics	4127
functioning	4128
proceed	4129
transformed	4130
dozen	4131
quantum	4132
sustained	4133
arrest	4134
colors	4135
adjacent	4136
terrorism	4137
reviewed	4138
respective	4139
wrapped	4140
reasonably	4141
symbolic	4142
resident	4143
sighed	4144
paused	4145
seeds	4146
immune	4147
respondent	4148
audit	4149
resolved	4150
Susan	4151
rear	4152
smoking	4153
accomplished	4154
promoting	4155
believes	4156
admission	4157
reveals	4158
thickness	4159
Brazil	4160
lung	4161
Alex	4162
Santa	4163
witnesses	4164
adapted	4165
investigations	4166
proceeding	4167
excessive	4168
departments	4169
sufficiently	4170
exceed	4171
magnitude	4172
puts	4173
loving	4174
economies	4175
hero	4176
photographs	4177
handbook	4178
lit	4179
factory	4180
governing	4181
conviction	4182
Lawrence	4183
rolling	4184
initiatives	4185
computing	4186
fraction	4187
evaluated	4188
Kong	4189
Saturday	4190
gathering	4191
allocation	4192
indirect	4193
NM	4194
dominated	4195
shopping	4196
retail	4197
expand	4198
therapeutic	4199
symbols	4200
shouted	4201
cattle	4202
pointing	4203
vulnerable	4204
integral	4205
anymore	4206
operated	4207
reminded	4208
yard	4209
deny	4210
palm	4211
volumes	4212
substantially	4213
lucky	4214
earned	4215
blame	4216
pack	4217
literally	4218
consensus	4219
incidence	4220
reconstruction	4221
em	4222
ion	4223
versions	4224
gentleman	4225
revolutionary	4226
columns	4227
leaf	4228
predicted	4229
Zealand	4230
football	4231
bars	4232
acids	4233
attributed	4234
wanting	4235
Margaret	4236
themes	4237
nonetheless	4238
minimal	4239
penalty	4240
detected	4241
asleep	4242
respondents	4243
slope	4244
slipped	4245
mystery	4246
harder	4247
focusing	4248
mi	4249
surveys	4250
innocent	4251
genuine	4252
resolve	4253
gentle	4254
thereof	4255
lifetime	4256
provider	4257
ruling	4258
profession	4259
devil	4260
listened	4261
numerical	4262
surprising	4263
proposals	4264
suspected	4265
update	4266
protective	4267
edges	4268
stupid	4269
cooperative	4270
passive	4271
immigrants	4272
burned	4273
bulk	4274
literacy	4275
lovely	4276
verbal	4277
partially	4278
buying	4279
usage	4280
connect	4281
Massachusetts	4282
coastal	4283
representations	4284
exploration	4285
luck	4286
occurring	4287
physically	4288
archives	4289
tale	4290
varying	4291
pleasant	4292
ideology	4293
engineers	4294
preference	4295
crossing	4296
op	4297
aims	4298
math	4299
grateful	4300
flexibility	4301
substances	4302
preserve	4303
jumped	4304
weapon	4305
vii	4306
meaningful	4307
varied	4308
personally	4309
thrown	4310
schemes	4311
treasury	4312
correspondence	4313
affects	4314
fired	4315
possess	4316
studio	4317
renal	4318
forum	4319
editorial	4320
pursue	4321
pairs	4322
barriers	4323
attachment	4324
differently	4325
voting	4326
eternal	4327
bigger	4328
habitat	4329
gotten	4330
investigate	4331
collections	4332
lawyers	4333
excluded	4334
fortune	4335
guilt	4336
females	4337
sessions	4338
curious	4339
emission	4340
mobility	4341
theater	4342
leather	4343
shifted	4344
focuses	4345
screening	4346
terror	4347
referring	4348
copied	4349
peer	4350
threats	4351
legitimate	4352
exit	4353
burst	4354
suspect	4355
com	4356
apple	4357
corruption	4358
pregnant	4359
solely	4360
ward	4361
mouse	4362
transmitted	4363
biblical	4364
feminist	4365
tobacco	4366
tape	4367
examining	4368
cheese	4369
naked	4370
guests	4371
IEEE	4372
Moses	4373
ford	4374
reliability	4375
regression	4376
worldwide	4377
egg	4378
educated	4379
Howard	4380
shame	4381
blank	4382
cardiac	4383
Pakistan	4384
ecological	4385
crops	4386
residential	4387
knee	4388
realm	4389
autonomy	4390
affecting	4391
accessible	4392
rivers	4393
deposits	4394
furniture	4395
inclusion	4396
scanned	4397
certification	4398
pipe	4399
Morgan	4400
grid	4401
laughter	4402
amendments	4403
deck	4404
tender	4405
divorce	4406
sixth	4407
diffusion	4408
wildlife	4409
powder	4410
presidential	4411
citizenship	4412
shaking	4413
fever	4414
calculations	4415
satellite	4416
mapping	4417
speaks	4418
lock	4419
respiratory	4420
critique	4421
winning	4422
fails	4423
acted	4424
romantic	4425
roughly	4426
Kennedy	4427
cheek	4428
addressing	4429
flash	4430
illustrate	4431
wishes	4432
outstanding	4433
basin	4434
elite	4435
charlie	4436
con	4437
phases	4438
firmly	4439
treatments	4440
jump	4441
fox	4442
documentation	4443
organ	4444
choosing	4445
emergence	4446
scenes	4447
plates	4448
coach	4449
municipal	4450
productive	4451
hospitals	4452
determines	4453
districts	4454
Alice	4455
bacteria	4456
sing	4457
portfolio	4458
shrugged	4459
barrier	4460
sheep	4461
editors	4462
crying	4463
ties	4464
embedded	4465
boxes	4466
retained	4467
qualitative	4468
restoration	4469
funny	4470
painful	4471
timing	4472
comparable	4473
rush	4474
Friday	4475
implementing	4476
disabilities	4477
protest	4478
lease	4479
encountered	4480
comply	4481
supervision	4482
dual	4483
filling	4484
forests	4485
destination	4486
scholarship	4487
Iran	4488
keys	4489
Shakespeare	4490
bills	4491
likelihood	4492
charter	4493
strict	4494
matching	4495
investigated	4496
transform	4497
mill	4498
afterwards	4499
pop	4500
margin	4501
sodium	4502
sole	4503
associates	4504
Singapore	4505
keeps	4506
boss	4507
clouds	4508
NJ	4509
reserves	4510
flower	4511
suite	4512
altogether	4513
verb	4514
Steve	4515
pen	4516
eighteenth	4517
gallery	4518
placing	4519
libraries	4520
unions	4521
excuse	4522
supplied	4523
curves	4524
interference	4525
nick	4526
limitation	4527
staying	4528
guest	4529
anxious	4530
deposit	4531
corn	4532
butter	4533
naval	4534
biggest	4535
flood	4536
infinite	4537
producers	4538
consisting	4539
cabinet	4540
worn	4541
reward	4542
scales	4543
isolation	4544
desires	4545
ING	4546
exclusion	4547
tends	4548
nutrition	4549
comparing	4550
wings	4551
wounded	4552
semi	4553
lieutenant	4554
rating	4555
circles	4556
photograph	4557
modification	4558
calcium	4559
dancing	4560
algorithms	4561
shoot	4562
launched	4563
acknowledge	4564
Kim	4565
wondering	4566
specify	4567
capability	4568
jersey	4569
mortgage	4570
visiting	4571
Jacob	4572
headquarters	4573
hopes	4574
defend	4575
fathers	4576
belt	4577
visits	4578
governmental	4579
excitement	4580
riding	4581
installed	4582
correctly	4583
inherent	4584
tough	4585
actor	4586
ignore	4587
eliminate	4588
preferences	4589
fraud	4590
aggressive	4591
meanings	4592
converted	4593
taxable	4594
senses	4595
sheets	4596
occasions	4597
occurrence	4598
sequences	4599
achieving	4600
gulf	4601
acknowledged	4602
concentrated	4603
softly	4604
deaths	4605
elementary	4606
initiated	4607
slip	4608
styles	4609
hang	4610
companion	4611
PP	4612
venture	4613
manuscript	4614
belonging	4615
privilege	4616
chin	4617
guided	4618
enables	4619
wireless	4620
villages	4621
pope	4622
rehabilitation	4623
injection	4624
folk	4625
hardware	4626
executed	4627
eleven	4628
earliest	4629
Kate	4630
placement	4631
habit	4632
foundations	4633
ranging	4634
assessed	4635
aggregate	4636
divide	4637
creature	4638
circular	4639
dried	4640
altered	4641
mercy	4642
proposition	4643
Greece	4644
commentary	4645
perceptions	4646
sixty	4647
dawn	4648
actively	4649
pushing	4650
inform	4651
defeat	4652
steam	4653
Chris	4654
avoided	4655
burn	4656
pm	4657
pulmonary	4658
fears	4659
seeks	4660
considerably	4661
displays	4662
collapse	4663
Korean	4664
whilst	4665
hunter	4666
mice	4667
atoms	4668
settle	4669
colored	4670
ministers	4671
weakness	4672
variance	4673
assured	4674
alongside	4675
secured	4676
tony	4677
ceiling	4678
cloth	4679
wolf	4680
landing	4681
mineral	4682
adds	4683
fix	4684
imports	4685
neural	4686
revelation	4687
nurses	4688
revenues	4689
cellular	4690
bathroom	4691
infections	4692
retrieved	4693
acquire	4694
hunt	4695
invasion	4696
recover	4697
precious	4698
clerk	4699
profound	4700
estimation	4701
exclusively	4702
machinery	4703
frozen	4704
paths	4705
sizes	4706
spin	4707
passes	4708
adaptation	4709
explaining	4710
intelligent	4711
shapes	4712
combine	4713
balanced	4714
analyzed	4715
intensive	4716
tie	4717
lab	4718
workshop	4719
Wang	4720
nights	4721
receives	4722
resist	4723
theological	4724
Muslims	4725
courtesy	4726
expenditures	4727
pressures	4728
honey	4729
upset	4730
wales	4731
justified	4732
myth	4733
guards	4734
Moore	4735
suggestion	4736
Po	4737
cleaning	4738
marginal	4739
checking	4740
administered	4741
assessing	4742
onset	4743
crack	4744
departure	4745
salvation	4746
descriptions	4747
Moscow	4748
railroad	4749
titles	4750
attribute	4751
walker	4752
contacts	4753
Brian	4754
Va	4755
beneficial	4756
acres	4757
seats	4758
daughters	4759
reaches	4760
enabled	4761
veterans	4762
shooting	4763
gather	4764
pot	4765
installation	4766
hierarchy	4767
reduces	4768
structured	4769
physicians	4770
wash	4771
fabric	4772
litigation	4773
identities	4774
Colorado	4775
hungry	4776
discretion	4777
attacked	4778
rail	4779
alter	4780
inequality	4781
infants	4782
Russell	4783
arising	4784
worthy	4785
Eric	4786
contractor	4787
amazing	4788
ate	4789
preservation	4790
lesions	4791
termination	4792
strictly	4793
exceptions	4794
quarters	4795
wheat	4796
festival	4797
succeeded	4798
manufacturer	4799
supra	4800
Thompson	4801
tolerance	4802
Jordan	4803
bands	4804
capitalism	4805
blessed	4806
predict	4807
distributions	4808
habits	4809
assault	4810
desirable	4811
gates	4812
Douglas	4813
protecting	4814
holes	4815
flag	4816
chemicals	4817
stat	4818
aging	4819
stretched	4820
sociology	4821
thoroughly	4822
stranger	4823
yards	4824
polish	4825
mild	4826
listing	4827
super	4828
scattered	4829
aesthetic	4830
opens	4831
spouse	4832
Gordon	4833
Harris	4834
dirty	4835
retain	4836
hi	4837
bull	4838
advisory	4839
FL	4840
defines	4841
Barbara	4842
vegetables	4843
badly	4844
heating	4845
preserved	4846
distress	4847
insights	4848
engineer	4849
abilities	4850
shadows	4851
roger	4852
Patrick	4853
occupational	4854
chains	4855
Poland	4856
rescue	4857
directory	4858
reproduced	4859
Hebrew	4860
dining	4861
passenger	4862
cleared	4863
scheduled	4864
medication	4865
slid	4866
purely	4867
grief	4868
quantities	4869
politicians	4870
discussing	4871
borders	4872
illustrates	4873
Th	4874
unexpected	4875
producer	4876
Alan	4877
IP	4878
atomic	4879
audio	4880
outline	4881
shake	4882
efficacy	4883
dean	4884
tissues	4885
prediction	4886
loading	4887
constitutes	4888
obtaining	4889
bath	4890
cousin	4891
artistic	4892
cl	4893
glasses	4894
retired	4895
relatives	4896
awards	4897
emerge	4898
consultation	4899
zones	4900
arrested	4901
hired	4902
taxpayer	4903
ruled	4904
detect	4905
separately	4906
additionally	4907
rendered	4908
awarded	4909
Toronto	4910
reproduction	4911
dealt	4912
attempting	4913
innovative	4914
elevated	4915
recalled	4916
suggestions	4917
subjective	4918
wright	4919
refuse	4920
participant	4921
permits	4922
artery	4923
injured	4924
specialized	4925
proceeds	4926
confident	4927
freely	4928
den	4929
anterior	4930
juice	4931
railway	4932
Jan	4933
prize	4934
analyze	4935
bleeding	4936
recovered	4937
canal	4938
weekend	4939
script	4940
grandmother	4941
relevance	4942
challenged	4943
shifts	4944
selective	4945
disposal	4946
boards	4947
indication	4948
creatures	4949
grandfather	4950
Abraham	4951
salary	4952
geographic	4953
formerly	4954
targeted	4955
systemic	4956
possessed	4957
demonstrates	4958
healthcare	4959
shorter	4960
divisions	4961
undertaken	4962
fleet	4963
bow	4964
posterior	4965
decreases	4966
sage	4967
consistently	4968
signature	4969
Monday	4970
prophet	4971
eve	4972
cheeks	4973
pursuit	4974
distinctive	4975
lip	4976
pump	4977
bits	4978
nitrogen	4979
memorial	4980
talent	4981
civilization	4982
scared	4983
serum	4984
ac	4985
query	4986
Marshall	4987
complications	4988
coupled	4989
assessments	4990
forehead	4991
evaluating	4992
practitioners	4993
organisms	4994
tracks	4995
Adams	4996
cape	4997
implied	4998
tribes	4999
rejection	5000
breach	5001
deals	5002
lol	5003
meets	5004
peripheral	5005
cycles	5006
criterion	5007
Matt	5008
bloody	5009
conducting	5010
pitch	5011
uncertain	5012
composite	5013
fool	5014
par	5015
manufacturers	5016
loaded	5017
intervals	5018
Victoria	5019
glucose	5020
attracted	5021
cave	5022
federation	5023
container	5024
affair	5025
confirm	5026
pepper	5027
Delhi	5028
bid	5029
makers	5030
rotation	5031
gardens	5032
committees	5033
tribe	5034
repeatedly	5035
inhabitants	5036
accountability	5037
reflecting	5038
segments	5039
yields	5040
mounted	5041
Anthony	5042
evolutionary	5043
horror	5044
wells	5045
explanations	5046
sophisticated	5047
reception	5048
mask	5049
justify	5050
Sweden	5051
tract	5052
warned	5053
Minnesota	5054
disk	5055
specification	5056
Helen	5057
gravity	5058
worlds	5059
horizon	5060
hip	5061
flew	5062
jacket	5063
baker	5064
anybody	5065
packed	5066
considers	5067
enzyme	5068
ideological	5069
stretch	5070
tribal	5071
threatening	5072
mature	5073
panic	5074
fan	5075
succeed	5076
dismissed	5077
slide	5078
photos	5079
intimate	5080
Germans	5081
metals	5082
tech	5083
anticipated	5084
presumably	5085
invisible	5086
computed	5087
holiday	5088
coalition	5089
subtle	5090
bulletin	5091
extending	5092
nowhere	5093
regulated	5094
blacks	5095
alien	5096
speakers	5097
Albert	5098
Chen	5099
lighting	5100
unconscious	5101
complaints	5102
Switzerland	5103
hated	5104
occasional	5105
sensor	5106
chocolate	5107
bases	5108
embrace	5109
Marie	5110
expanding	5111
workplace	5112
surveillance	5113
transfers	5114
Cal	5115
deficiency	5116
practically	5117
ingredients	5118
varies	5119
southeast	5120
formulation	5121
denial	5122
Ne	5123
module	5124
conversations	5125
nelson	5126
relates	5127
vitamin	5128
lens	5129
lover	5130
compromise	5131
bet	5132
climbed	5133
sensory	5134
organs	5135
fruits	5136
hybrid	5137
interpret	5138
substrate	5139
lesser	5140
publicly	5141
approaching	5142
mediated	5143
priests	5144
participating	5145
Benjamin	5146
Berkeley	5147
pet	5148
hiding	5149
legacy	5150
defects	5151
civilian	5152
ensuring	5153
ghost	5154
recommendation	5155
employ	5156
figured	5157
rhetoric	5158
amino	5159
birthday	5160
justification	5161
exploring	5162
globalization	5163
overseas	5164
tended	5165
funded	5166
souls	5167
treating	5168
counseling	5169
sorts	5170
neighbors	5171
carter	5172
reporter	5173
competence	5174
extract	5175
inadequate	5176
morality	5177
commit	5178
movies	5179
shelter	5180
geographical	5181
withdrawal	5182
liable	5183
situated	5184
incentives	5185
lowered	5186
documented	5187
seated	5188
rows	5189
brilliant	5190
paradigm	5191
competing	5192
cord	5193
landed	5194
encouraging	5195
billy	5196
bitter	5197
failing	5198
inevitable	5199
seventh	5200
opera	5201
recommend	5202
lecture	5203
cabin	5204
tracking	5205
strip	5206
pour	5207
domains	5208
substitute	5209
fold	5210
masses	5211
geometry	5212
wherever	5213
statutes	5214
Jake	5215
seemingly	5216
arises	5217
Kelly	5218
generating	5219
displacement	5220
portrait	5221
launch	5222
Wiley	5223
scripture	5224
motivated	5225
influential	5226
basically	5227
princess	5228
declined	5229
colleges	5230
assisted	5231
dare	5232
loves	5233
liabilities	5234
precision	5235
drag	5236
priorities	5237
desperate	5238
brush	5239
appreciation	5240
rat	5241
tips	5242
geography	5243
dialog	5244
independently	5245
backed	5246
taxation	5247
craft	5248
narratives	5249
defendants	5250
Jonathan	5251
arbitration	5252
socialist	5253
importantly	5254
farmer	5255
fragments	5256
thrust	5257
mac	5258
masters	5259
faithful	5260
commodity	5261
telecommunications	5262
tightly	5263
presenting	5264
corresponds	5265
cuts	5266
emphasized	5267
buyer	5268
adjust	5269
Taiwan	5270
void	5271
boots	5272
sexuality	5273
belongs	5274
optimization	5275
talks	5276
generic	5277
pause	5278
directive	5279
virgin	5280
confined	5281
pressing	5282
mess	5283
resort	5284
bears	5285
engaging	5286
feared	5287
battery	5288
traditionally	5289
delayed	5290
bankruptcy	5291
accurately	5292
carriers	5293
coefficients	5294
damaged	5295
pound	5296
toxic	5297
disabled	5298
deviation	5299
angels	5300
silk	5301
differentiation	5302
continuity	5303
ridge	5304
arc	5305
allies	5306
rubber	5307
nearest	5308
congressional	5309
Christopher	5310
dictionary	5311
intake	5312
traits	5313
terrorist	5314
discrete	5315
Wisconsin	5316
insert	5317
wives	5318
Es	5319
seal	5320
Laura	5321
underground	5322
survived	5323
loyalty	5324
parks	5325
prospect	5326
valued	5327
propose	5328
disposition	5329
certified	5330
historically	5331
median	5332
arrow	5333
broadcast	5334
arbitrary	5335
slept	5336
funeral	5337
recipient	5338
mayor	5339
paintings	5340
Franklin	5341
projected	5342
junior	5343
forgive	5344
revision	5345
ecology	5346
promises	5347
dignity	5348
restore	5349
limiting	5350
eager	5351
bags	5352
shifting	5353
promoted	5354
Rachel	5355
metropolitan	5356
skilled	5357
drunk	5358
centered	5359
prosecution	5360
creativity	5361
legislature	5362
pupils	5363
illustration	5364
disputes	5365
specialist	5366
arch	5367
folder	5368
boats	5369
socially	5370
deficit	5371
diamond	5372
Ross	5373
shareholders	5374
historians	5375
periodic	5376
chances	5377
juvenile	5378
prospective	5379
constituted	5380
PC	5381
violations	5382
intentions	5383
debates	5384
notably	5385
valve	5386
Tim	5387
meals	5388
premises	5389
farther	5390
removing	5391
covenant	5392
provincial	5393
suspended	5394
primitive	5395
gear	5396
pine	5397
coordinate	5398
whites	5399
stocks	5400
inputs	5401
residual	5402
secular	5403
ions	5404
adaptive	5405
baseball	5406
BC	5407
accumulation	5408
Ryan	5409
Indiana	5410
impose	5411
drivers	5412
polymer	5413
Campbell	5414
receptors	5415
therapist	5416
Ruth	5417
correction	5418
cups	5419
receipt	5420
prisoner	5421
apparatus	5422
gesture	5423
invest	5424
dating	5425
persistent	5426
Emily	5427
harvest	5428
modest	5429
chairs	5430
Hamilton	5431
trigger	5432
interpretations	5433
prevalence	5434
traveling	5435
sovereignty	5436
suspension	5437
harmony	5438
poured	5439
upward	5440
demonstration	5441
harbor	5442
rushed	5443
explored	5444
handsome	5445
Robinson	5446
indicator	5447
hello	5448
interrupted	5449
grasp	5450
applicants	5451
outlined	5452
dirt	5453
thereafter	5454
Mississippi	5455
shower	5456
rigid	5457
interact	5458
Lucy	5459
rings	5460
degradation	5461
graham	5462
colony	5463
overhead	5464
duplicated	5465
blade	5466
grip	5467
waist	5468
washed	5469
ceremony	5470
cheap	5471
realistic	5472
evolved	5473
advised	5474
tales	5475
frequencies	5476
alarm	5477
shops	5478
hath	5479
Bruce	5480
earl	5481
mixing	5482
clusters	5483
accomplish	5484
novels	5485
retention	5486
collecting	5487
cake	5488
floating	5489
chase	5490
attending	5491
pathway	5492
pile	5493
sink	5494
fracture	5495
avoiding	5496
frames	5497
mo	5498
Scottish	5499
caring	5500
interactive	5501
notions	5502
spine	5503
sovereign	5504
tunnel	5505
exhibition	5506
farming	5507
selecting	5508
consist	5509
alert	5510
instantly	5511
entries	5512
bench	5513
belonged	5514
fatigue	5515
enthusiasm	5516
peaceful	5517
wholly	5518
learners	5519
mechanics	5520
episode	5521
lean	5522
exciting	5523
conscience	5524
infected	5525
controversy	5526
minimize	5527
vascular	5528
attract	5529
proven	5530
cooling	5531
preventing	5532
counts	5533
tropical	5534
sensation	5535
Morris	5536
molecule	5537
implicit	5538
consulting	5539
Turkish	5540
Clinton	5541
surprisingly	5542
Microsoft	5543
sauce	5544
extraction	5545
viii	5546
psychiatric	5547
tap	5548
Nancy	5549
lacking	5550
activated	5551
alike	5552
subpart	5553
plaintiffs	5554
breaks	5555
Egyptian	5556
rd	5557
concentrate	5558
tons	5559
equipped	5560
absorbed	5561
neurons	5562
rhythm	5563
PhD	5564
EC	5565
modify	5566
compact	5567
radius	5568
characterization	5569
oak	5570
generous	5571
micro	5572
lightly	5573
grammar	5574
knight	5575
tumors	5576
convenient	5577
shed	5578
processed	5579
compression	5580
eighteen	5581
resistant	5582
expectation	5583
judgments	5584
Hitler	5585
semantic	5586
petroleum	5587
olive	5588
relaxed	5589
routes	5590
commands	5591
prohibited	5592
colonies	5593
Emma	5594
piano	5595
purple	5596
Catherine	5597
charity	5598
problematic	5599
receiver	5600
impressive	5601
architectural	5602
electrons	5603
probable	5604
shipping	5605
Au	5606
consistency	5607
Jason	5608
HR	5609
strengthen	5610
Caribbean	5611
tries	5612
tragedy	5613
cinema	5614
touching	5615
rope	5616
babies	5617
cooper	5618
offense	5619
carries	5620
causal	5621
inserted	5622
metabolism	5623
rats	5624
specimens	5625
researcher	5626
lifestyle	5627
sins	5628
continental	5629
maternal	5630
remainder	5631
sustainability	5632
promising	5633
invention	5634
midst	5635
mistakes	5636
inferior	5637
diary	5638
FY	5639
engines	5640
binary	5641
springs	5642
journals	5643
sweat	5644
Kansas	5645
sized	5646
detective	5647
grinned	5648
territories	5649
earn	5650
followers	5651
stopping	5652
delight	5653
lakes	5654
throne	5655
safely	5656
Arizona	5657
Indonesia	5658
introducing	5659
prevented	5660
shear	5661
observer	5662
assurance	5663
momentum	5664
mainstream	5665
competent	5666
profiles	5667
backward	5668
stakeholders	5669
physiological	5670
voters	5671
Afghanistan	5672
fancy	5673
streams	5674
reject	5675
stimulation	5676
warrant	5677
checks	5678
extends	5679
deposition	5680
swept	5681
accepting	5682
insulin	5683
pole	5684
manufacture	5685
sergeant	5686
sooner	5687
organizing	5688
collaborative	5689
bold	5690
emphasize	5691
commonwealth	5692
Mediterranean	5693
abnormal	5694
mud	5695
notwithstanding	5696
EST	5697
raises	5698
secrets	5699
singular	5700
robust	5701
gonna	5702
noting	5703
Madison	5704
labeled	5705
escaped	5706
merchant	5707
genre	5708
vegetation	5709
EPA	5710
donor	5711
spinal	5712
climb	5713
Carl	5714
nationalism	5715
Aristotle	5716
thread	5717
bargaining	5718
similarity	5719
stir	5720
cure	5721
resting	5722
needle	5723
metaphor	5724
inspiration	5725
stops	5726
locally	5727
guardian	5728
liberation	5729
shallow	5730
oxide	5731
passengers	5732
norm	5733
reign	5734
submission	5735
Hollywood	5736
Austria	5737
swimming	5738
Austin	5739
rape	5740
patience	5741
span	5742
vocabulary	5743
daddy	5744
trips	5745
dressing	5746
politically	5747
Sc	5748
subdivision	5749
mandatory	5750
arguing	5751
cigarette	5752
restored	5753
Donald	5754
rid	5755
consisted	5756
peers	5757
conventions	5758
remedy	5759
renaissance	5760
expressing	5761
struggling	5762
spare	5763
alpha	5764
premium	5765
refugees	5766
arose	5767
jail	5768
elaborate	5769
restaurants	5770
remind	5771
varieties	5772
draws	5773
dense	5774
conceived	5775
beds	5776
tear	5777
exhausted	5778
Las	5779
parliamentary	5780
custody	5781
ranges	5782
responding	5783
annually	5784
flame	5785
baseline	5786
likes	5787
ratios	5788
subjected	5789
prospects	5790
closure	5791
chapel	5792
insufficient	5793
soils	5794
Fe	5795
waved	5796
adventure	5797
supplement	5798
paragraphs	5799
seller	5800
parental	5801
beloved	5802
trap	5803
passages	5804
questioned	5805
wilderness	5806
Baltimore	5807
mama	5808
combinations	5809
hire	5810
Freud	5811
timber	5812
autumn	5813
definite	5814
Te	5815
tent	5816
drinks	5817
civic	5818
surplus	5819
adolescents	5820
fans	5821
hazardous	5822
pathways	5823
reads	5824
rage	5825
mt	5826
leaning	5827
votes	5828
Maryland	5829
twin	5830
disciples	5831
awake	5832
joining	5833
throwing	5834
Cohen	5835
fibers	5836
connecting	5837
viewing	5838
bomb	5839
walks	5840
enacted	5841
inability	5842
deliberately	5843
wealthy	5844
warfare	5845
mum	5846
counted	5847
pricing	5848
demanding	5849
Fred	5850
guaranteed	5851
performances	5852
lo	5853
Israeli	5854
bite	5855
induction	5856
allied	5857
updated	5858
render	5859
turner	5860
exempt	5861
prayers	5862
anthropology	5863
sympathy	5864
chaos	5865
inevitably	5866
breeding	5867
sixteen	5868
angles	5869
Alaska	5870
Collins	5871
fourteen	5872
constraint	5873
variability	5874
suspicion	5875
specifications	5876
bacterial	5877
perceive	5878
tab	5879
Jefferson	5880
caution	5881
succession	5882
rang	5883
ranks	5884
impressed	5885
realization	5886
flux	5887
peculiar	5888
Parker	5889
visitor	5890
clubs	5891
approximation	5892
lined	5893
snapped	5894
Stanford	5895
sharply	5896
quest	5897
Tokyo	5898
frontier	5899
Sydney	5900
offset	5901
resonance	5902
merit	5903
portions	5904
delicate	5905
picking	5906
transit	5907
timely	5908
intrinsic	5909
Charlotte	5910
Ga	5911
broadly	5912
fantasy	5913
debtor	5914
imply	5915
dental	5916
historian	5917
Evans	5918
eyed	5919
Norman	5920
dramatically	5921
Missouri	5922
unnecessary	5923
flour	5924
rode	5925
territorial	5926
carriage	5927
ab	5928
shade	5929
reinforced	5930
bore	5931
consumed	5932
relieved	5933
convince	5934
pronounced	5935
rev	5936
romance	5937
celebrated	5938
fitness	5939
breasts	5940
drops	5941
failures	5942
strengths	5943
auto	5944
hostile	5945
doses	5946
warmth	5947
Gary	5948
gang	5949
conjunction	5950
prejudice	5951
trusted	5952
twisted	5953
maturity	5954
severity	5955
scenarios	5956
brick	5957
uncomfortable	5958
payable	5959
claiming	5960
quote	5961
farms	5962
SS	5963
sustain	5964
rod	5965
clinic	5966
ego	5967
inspector	5968
suited	5969
assumes	5970
inflammatory	5971
fitting	5972
contributing	5973
seized	5974
manifest	5975
designer	5976
urged	5977
contracting	5978
convert	5979
enjoying	5980
expecting	5981
reflections	5982
whereby	5983
stressed	5984
specimen	5985
fence	5986
shocked	5987
corpus	5988
depicted	5989
Diego	5990
handled	5991
protestant	5992
abundance	5993
exemption	5994
hormone	5995
imported	5996
urge	5997
kidney	5998
breathe	5999
restriction	6000
religions	6001
comparisons	6002
geog	6003
warren	6004
lap	6005
couples	6006
synthetic	6007
Kevin	6008
noun	6009
campaigns	6010
bibliography	6011
readings	6012
experiencing	6013
hunger	6014
continually	6015
mills	6016
golf	6017
spots	6018
haven	6019
medications	6020
identifies	6021
Mitchell	6022
enters	6023
believing	6024
doorway	6025
psychiatry	6026
AP	6027
pat	6028
authorization	6029
mighty	6030
accommodation	6031
metabolic	6032
objection	6033
evidently	6034
hint	6035
counting	6036
elder	6037
Louisiana	6038
react	6039
pursued	6040
sigh	6041
witnessed	6042
suppliers	6043
projection	6044
curiosity	6045
poorly	6046
pants	6047
Ar	6048
flowing	6049
generalized	6050
stimulus	6051
grows	6052
tag	6053
reprinted	6054
clearing	6055
seventy	6056
goodness	6057
volunteers	6058
mate	6059
defect	6060
develops	6061
formally	6062
northwest	6063
Roy	6064
faint	6065
scan	6066
normative	6067
reproductive	6068
brave	6069
drives	6070
regards	6071
invitation	6072
genesis	6073
hurry	6074
Murray	6075
enabling	6076
questioning	6077
electoral	6078
pit	6079
rays	6080
grin	6081
nucleus	6082
advocate	6083
vacuum	6084
adjustments	6085
midnight	6086
upstairs	6087
audiences	6088
knocked	6089
exclaimed	6090
provinces	6091
ix	6092
tourist	6093
xi	6094
governed	6095
convergence	6096
retreat	6097
navigation	6098
retrieval	6099
folded	6100
folks	6101
harsh	6102
weighted	6103
purchasing	6104
Romans	6105
corridor	6106
combining	6107
certainty	6108
incidents	6109
thumb	6110
locate	6111
holder	6112
traveled	6113
urine	6114
operates	6115
gentlemen	6116
incurred	6117
spreading	6118
awful	6119
inheritance	6120
struggled	6121
incentive	6122
counties	6123
oven	6124
computational	6125
histories	6126
gradient	6127
nonlinear	6128
neighbor	6129
appearing	6130
TX	6131
continent	6132
neglect	6133
adolescent	6134
impairment	6135
Ian	6136
rental	6137
workforce	6138
couch	6139
victor	6140
Roosevelt	6141
controller	6142
exploitation	6143
globe	6144
oldest	6145
belly	6146
jaw	6147
whoever	6148
lion	6149
closest	6150
nerves	6151
endless	6152
undoubtedly	6153
Ce	6154
controversial	6155
trunk	6156
jimmy	6157
continuously	6158
compete	6159
positively	6160
mysterious	6161
deciding	6162
ticket	6163
cumulative	6164
allocated	6165
atom	6166
solved	6167
um	6168
summit	6169
computation	6170
delta	6171
grades	6172
moisture	6173
prolonged	6174
dishes	6175
Nicholas	6176
refusal	6177
frustration	6178
ref	6179
vein	6180
envelope	6181
accommodate	6182
Amy	6183
eaten	6184
blessing	6185
stating	6186
Anglo	6187
weights	6188
obliged	6189
organize	6190
humor	6191
credits	6192
frowned	6193
Geneva	6194
Roberts	6195
Amsterdam	6196
scattering	6197
scholar	6198
FCC	6199
highlight	6200
beast	6201
Ali	6202
Oregon	6203
magazines	6204
bilateral	6205
cargo	6206
Sp	6207
crash	6208
spell	6209
fusion	6210
decay	6211
genius	6212
medicare	6213
exam	6214
notable	6215
jet	6216
majesty	6217
missions	6218
protocols	6219
volunteer	6220
phrases	6221
negotiation	6222
odds	6223
lasting	6224
CEO	6225
eighth	6226
autonomous	6227
shield	6228
swing	6229
torn	6230
ordering	6231
balls	6232
recreation	6233
spontaneous	6234
pin	6235
remarked	6236
deer	6237
dragon	6238
sic	6239
recognizing	6240
journalists	6241
favorable	6242
assure	6243
severely	6244
Macmillan	6245
inclined	6246
ins	6247
stresses	6248
highlights	6249
renewal	6250
dish	6251
distances	6252
remark	6253
fires	6254
matched	6255
willingness	6256
ports	6257
legally	6258
planted	6259
respected	6260
Stewart	6261
Kant	6262
ignorance	6263
butler	6264
joke	6265
tense	6266
frightened	6267
pose	6268
Belgium	6269
shelf	6270
pity	6271
designing	6272
camps	6273
lamp	6274
relax	6275
incorporate	6276
facial	6277
Oliver	6278
Beijing	6279
discount	6280
PS	6281
lungs	6282
layout	6283
torture	6284
elimination	6285
Marx	6286
Nigeria	6287
Pierre	6288
Lisa	6289
cared	6290
soup	6291
linking	6292
regret	6293
assembled	6294
elevation	6295
proceeded	6296
diplomatic	6297
Pt	6298
racism	6299
tanks	6300
stolen	6301
stake	6302
leisure	6303
horn	6304
sheriff	6305
Frederick	6306
beta	6307
planes	6308
tribunal	6309
spectral	6310
cortex	6311
correspond	6312
Linda	6313
legitimacy	6314
Yale	6315
drawings	6316
cope	6317
longitudinal	6318
sandy	6319
deserve	6320
coding	6321
surrender	6322
wounds	6323
spectra	6324
coupling	6325
answering	6326
thirteen	6327
markers	6328
firing	6329
ho	6330
burns	6331
Tennessee	6332
affection	6333
regimes	6334
knock	6335
seldom	6336
Stanley	6337
hazard	6338
grab	6339
relaxation	6340
accounted	6341
dragged	6342
impulse	6343
winds	6344
labels	6345
probe	6346
fisheries	6347
outlook	6348
graphic	6349
fatal	6350
asserted	6351
surviving	6352
satisfactory	6353
attendance	6354
hips	6355
revealing	6356
commanded	6357
regulate	6358
overwhelming	6359
tremendous	6360
minerals	6361
beans	6362
Edinburgh	6363
pending	6364
authentic	6365
abdominal	6366
relied	6367
inherited	6368
inn	6369
conditional	6370
adequately	6371
keen	6372
owing	6373
bass	6374
observing	6375
despair	6376
licensed	6377
manufactured	6378
biography	6379
stare	6380
nominal	6381
beef	6382
trustee	6383
patch	6384
Leo	6385
discusses	6386
buffer	6387
holdings	6388
cruel	6389
maintains	6390
toxicity	6391
Antonio	6392
derivatives	6393
respects	6394
compatible	6395
packet	6396
presently	6397
hotels	6398
RNA	6399
archaeological	6400
Pr	6401
yelled	6402
attraction	6403
meters	6404
irrigation	6405
meditation	6406
incomplete	6407
amplitude	6408
partnerships	6409
remembering	6410
mines	6411
enzymes	6412
posed	6413
straightforward	6414
compassion	6415
legend	6416
chip	6417
crude	6418
collar	6419
anonymous	6420
Vienna	6421
Kentucky	6422
intact	6423
oxidation	6424
jazz	6425
commitments	6426
immigrant	6427
supervisor	6428
lectures	6429
Dave	6430
transparent	6431
guides	6432
singer	6433
fame	6434
lonely	6435
utilization	6436
eliminated	6437
Arabic	6438
Manchester	6439
saints	6440
atmospheric	6441
rested	6442
forcing	6443
alternate	6444
supportive	6445
corrected	6446
blanket	6447
hurried	6448
Houston	6449
Plato	6450
modifications	6451
instructed	6452
ash	6453
proportional	6454
doc	6455
sue	6456
aggression	6457
traces	6458
Iowa	6459
URL	6460
Norway	6461
maritime	6462
capitalist	6463
destiny	6464
Philippines	6465
seventeenth	6466
indirectly	6467
derive	6468
Harper	6469
dietary	6470
reversed	6471
corners	6472
elastic	6473
fortunately	6474
MIT	6475
beating	6476
cooked	6477
parish	6478
Julia	6479
stance	6480
swallowed	6481
porch	6482
utilized	6483
consolidated	6484
spotted	6485
exceptional	6486
imagery	6487
expedition	6488
lords	6489
minorities	6490
modernity	6491
administrators	6492
forgot	6493
coordinates	6494
quit	6495
sanctions	6496
Karl	6497
excellence	6498
publish	6499
progression	6500
Denmark	6501
deduction	6502
triangle	6503
disappear	6504
electronics	6505
vols	6506
enforce	6507
trapped	6508
ethnicity	6509
pays	6510
impaired	6511
concert	6512
interim	6513
notification	6514
hon	6515
licensing	6516
disciplines	6517
descriptive	6518
southwest	6519
tin	6520
washing	6521
fuzzy	6522
breakdown	6523
behave	6524
crowded	6525
shots	6526
Atlanta	6527
serial	6528
cats	6529
clarity	6530
rooted	6531
reliance	6532
supporters	6533
orthodox	6534
tide	6535
strains	6536
scarcely	6537
complained	6538
vegetable	6539
muttered	6540
erosion	6541
bride	6542
vague	6543
gen	6544
deposited	6545
stack	6546
philosopher	6547
ranking	6548
alignment	6549
killer	6550
rises	6551
Solomon	6552
renewed	6553
chambers	6554
participated	6555
invested	6556
texture	6557
sponsored	6558
stern	6559
scientist	6560
Bernard	6561
Karen	6562
esteem	6563
sits	6564
Gregory	6565
homeland	6566
gaps	6567
arriving	6568
databases	6569
offensive	6570
fitted	6571
inhibition	6572
contest	6573
mankind	6574
Orleans	6575
proliferation	6576
swung	6577
demographic	6578
Ontario	6579
arrange	6580
defeated	6581
wicked	6582
mason	6583
accompanying	6584
analyzing	6585
judged	6586
merchants	6587
meta	6588
MC	6589
convey	6590
investor	6591
sympathetic	6592
Larry	6593
drain	6594
ancestors	6595
tactics	6596
bother	6597
heated	6598
bodily	6599
Steven	6600
loads	6601
races	6602
founder	6603
sensors	6604
infantry	6605
Ralph	6606
photography	6607
Hannah	6608
recruitment	6609
cement	6610
Alfred	6611
enlightenment	6612
thorough	6613
broadcasting	6614
induce	6615
bunch	6616
switching	6617
cerebral	6618
purchases	6619
rounded	6620
rebellion	6621
immunity	6622
ruler	6623
Thailand	6624
preparations	6625
instrumental	6626
violated	6627
enhancement	6628
Hispanic	6629
assertion	6630
fits	6631
yang	6632
hook	6633
penalties	6634
Marcus	6635
validation	6636
bend	6637
marker	6638
poets	6639
energies	6640
hollow	6641
ROM	6642
cavity	6643
neglected	6644
feminine	6645
abortion	6646
chopped	6647
echo	6648
strikes	6649
Nazi	6650
declare	6651
Mn	6652
NT	6653
livestock	6654
altar	6655
kit	6656
philosophers	6657
scanning	6658
dam	6659
intend	6660
consult	6661
celebration	6662
drainage	6663
bridges	6664
woke	6665
unfair	6666
verify	6667
defensive	6668
concludes	6669
descent	6670
wrist	6671
vectors	6672
ceased	6673
transparency	6674
silently	6675
Cuba	6676
exchanges	6677
metric	6678
commodities	6679
decreasing	6680
automobile	6681
signaling	6682
hypertension	6683
adapt	6684
jeans	6685
disappointed	6686
compelling	6687
approximate	6688
invite	6689
lifting	6690
Ag	6691
fur	6692
Juan	6693
circuits	6694
ugly	6695
utilities	6696
prey	6697
procedural	6698
vulnerability	6699
ambassador	6700
miracle	6701
obstacles	6702
dull	6703
bin	6704
settlements	6705
widow	6706
substantive	6707
correlated	6708
snake	6709
johnny	6710
potatoes	6711
PG	6712
complexes	6713
cemetery	6714
troubled	6715
prosperity	6716
fled	6717
Edwards	6718
aviation	6719
feasible	6720
kick	6721
urgent	6722
reed	6723
eligibility	6724
executives	6725
sketch	6726
template	6727
ours	6728
explosion	6729
derivative	6730
Martha	6731
Annie	6732
coherent	6733
exclude	6734
WA	6735
unified	6736
rocky	6737
mentally	6738
java	6739
struggles	6740
prescription	6741
abundant	6742
lamb	6743
rifle	6744
regiment	6745
conferences	6746
posts	6747
triumph	6748
instability	6749
privileges	6750
verification	6751
maker	6752
tossed	6753
unpublished	6754
silicon	6755
infectious	6756
valuation	6757
popularity	6758
editing	6759
operative	6760
realities	6761
sunlight	6762
dissolved	6763
treasure	6764
Portuguese	6765
rubbed	6766
Jerry	6767
Athens	6768
offenders	6769
excluding	6770
kicked	6771
Buddhist	6772
screamed	6773
contingent	6774
highlighted	6775
mar	6776
refuge	6777
joints	6778
compute	6779
Watson	6780
basket	6781
newton	6782
Beth	6783
exhibits	6784
outdoor	6785
cognition	6786
trick	6787
officially	6788
openly	6789
cardiovascular	6790
Jeff	6791
motives	6792
racing	6793
transitions	6794
Harold	6795
capita	6796
bronze	6797
disturbed	6798
gaining	6799
strangers	6800
scent	6801
decree	6802
commented	6803
spray	6804
proximity	6805
successive	6806
prohibition	6807
pastor	6808
fisher	6809
supper	6810
dis	6811
murmured	6812
sliding	6813
null	6814
procurement	6815
decent	6816
termed	6817
inappropriate	6818
memorandum	6819
substituted	6820
disc	6821
interpersonal	6822
sensing	6823
Hindu	6824
lightning	6825
seasonal	6826
madame	6827
FBI	6828
Cole	6829
inflammation	6830
junction	6831
lily	6832
subsidiary	6833
confirmation	6834
casual	6835
alternatively	6836
wavelength	6837
Singh	6838
skull	6839
Ba	6840
aluminum	6841
WTO	6842
gases	6843
steep	6844
toll	6845
posted	6846
dropping	6847
Arnold	6848
downtown	6849
pi	6850
plots	6851
symposium	6852
noon	6853
complement	6854
individually	6855
relational	6856
heights	6857
Cr	6858
deeds	6859
Stuart	6860
horrible	6861
insects	6862
accidents	6863
viable	6864
google	6865
rationale	6866
summarized	6867
fertility	6868
ranch	6869
convicted	6870
surgeon	6871
bind	6872
Barry	6873
exercised	6874
depths	6875
lending	6876
robin	6877
gratitude	6878
Maggie	6879
albeit	6880
complementary	6881
depressed	6882
dioxide	6883
luxury	6884
squares	6885
cottage	6886
friction	6887
clauses	6888
creator	6889
suits	6890
activists	6891
climbing	6892
predominantly	6893
sang	6894
deployment	6895
arena	6896
Aaron	6897
Harrison	6898
strengthening	6899
simplicity	6900
panels	6901
accumulated	6902
omitted	6903
focal	6904
competitors	6905
founding	6906
Swedish	6907
silly	6908
consultant	6909
successor	6910
opposing	6911
dominance	6912
migrants	6913
borne	6914
incorrect	6915
organism	6916
tune	6917
shaft	6918
utterly	6919
Connecticut	6920
petitioner	6921
smallest	6922
mercury	6923
symmetry	6924
downward	6925
initiation	6926
Ni	6927
interfere	6928
carol	6929
prevailing	6930
lodge	6931
architect	6932
coronary	6933
minded	6934
elegant	6935
undertake	6936
swift	6937
chap	6938
ideals	6939
perfection	6940
tensions	6941
transnational	6942
Dublin	6943
rituals	6944
invented	6945
motions	6946
Alabama	6947
inconsistent	6948
hatred	6949
allowance	6950
terminology	6951
laying	6952
viral	6953
porter	6954
IRS	6955
Holmes	6956
doubts	6957
bacon	6958
Florence	6959
extracted	6960
automated	6961
wheels	6962
warrior	6963
analogy	6964
enhancing	6965
Ellen	6966
cow	6967
reluctant	6968
propagation	6969
mutations	6970
remedies	6971
Victorian	6972
sorrow	6973
integrate	6974
coping	6975
useless	6976
differs	6977
genome	6978
simulations	6979
deliberate	6980
destructive	6981
handful	6982
Sn	6983
advocates	6984
strings	6985
similarities	6986
sheer	6987
contractors	6988
irregular	6989
assign	6990
faded	6991
mandate	6992
searched	6993
sally	6994
Argentina	6995
stimuli	6996
optional	6997
unclear	6998
peaks	6999
shaping	7000
barn	7001
qualifications	7002
reactive	7003
incredible	7004
ninth	7005
ta	7006
discourses	7007
contributes	7008
Holland	7009
temporarily	7010
lemon	7011
shining	7012
verses	7013
dealer	7014
reservoir	7015
appropriately	7016
overlap	7017
democrats	7018
exile	7019
fatty	7020
dysfunction	7021
Ir	7022
margins	7023
Joan	7024
cultivation	7025
salmon	7026
Isaac	7027
appropriations	7028
illustrations	7029
ratings	7030
framed	7031
dies	7032
mistress	7033
opponents	7034
Neo	7035
Malaysia	7036
Czech	7037
hesitated	7038
scholarly	7039
polar	7040
predictions	7041
musicians	7042
forgiveness	7043
cc	7044
cease	7045
dangers	7046
rogers	7047
geological	7048
revenge	7049
extensively	7050
ban	7051
educators	7052
debts	7053
rewards	7054
equals	7055
reconciliation	7056
pearl	7057
garlic	7058
insured	7059
exceeds	7060
supplier	7061
terry	7062
screaming	7063
intersection	7064
clever	7065
ken	7066
survivors	7067
elbow	7068
manipulation	7069
Han	7070
encouragement	7071
anatomy	7072
blew	7073
rival	7074
grounded	7075
embodied	7076
achievements	7077
appreciated	7078
paradise	7079
casting	7080
monster	7081
anchor	7082
ignoring	7083
imaginary	7084
jay	7085
fetal	7086
Murphy	7087
reviewing	7088
inference	7089
dairy	7090
drank	7091
merger	7092
marble	7093
poetic	7094
waiver	7095
Hungary	7096
stiff	7097
currents	7098
motive	7099
pursuing	7100
Satan	7101
disturbance	7102
illusion	7103
execute	7104
immense	7105
economically	7106
intentionally	7107
efficiently	7108
tourists	7109
Luther	7110
overnight	7111
receipts	7112
dilemma	7113
lasted	7114
packages	7115
prompted	7116
disciplinary	7117
vain	7118
fragment	7119
Chile	7120
Phillips	7121
quasi	7122
tubes	7123
blocked	7124
Hans	7125
substitution	7126
northeast	7127
charts	7128
conditioning	7129
abandon	7130
plains	7131
specialists	7132
kindness	7133
eighty	7134
inclusive	7135
confronted	7136
questionnaire	7137
qualify	7138
Persian	7139
comedy	7140
bullet	7141
occupy	7142
deadline	7143
underneath	7144
deed	7145
obey	7146
visions	7147
gauge	7148
charitable	7149
traumatic	7150
Ra	7151
Hugh	7152
nest	7153
Oklahoma	7154
breeze	7155
assignments	7156
deceased	7157
statue	7158
virtues	7159
hosts	7160
goddess	7161
confidential	7162
seasons	7163
exhibited	7164
interviewed	7165
tenth	7166
steadily	7167
veins	7168
heels	7169
Herbert	7170
drift	7171
traced	7172
attorneys	7173
Portugal	7174
episodes	7175
designation	7176
simultaneous	7177
beaten	7178
vacation	7179
antibodies	7180
ecosystem	7181
eagle	7182
negotiate	7183
wiped	7184
depreciation	7185
gradual	7186
archaeology	7187
manuscripts	7188
gospels	7189
harmful	7190
interestingly	7191
denote	7192
Seattle	7193
coin	7194
solvent	7195
replacing	7196
NC	7197
hood	7198
carcinoma	7199
hallway	7200
reservation	7201
Palestinian	7202
credibility	7203
dot	7204
innovations	7205
antibody	7206
sealed	7207
rob	7208
sensible	7209
mediation	7210
cylinder	7211
processor	7212
grains	7213
amend	7214
unstable	7215
parked	7216
costly	7217
bending	7218
foolish	7219
flames	7220
murdered	7221
celebrate	7222
aloud	7223
pig	7224
salad	7225
fierce	7226
nationalist	7227
oneself	7228
congregation	7229
glorious	7230
loyal	7231
incorporation	7232
artillery	7233
Andy	7234
pharmaceutical	7235
gut	7236
bottles	7237
standardized	7238
treaties	7239
burial	7240
heroes	7241
encounters	7242
contamination	7243
whisper	7244
lacked	7245
sexually	7246
calculating	7247
ted	7248
Lloyd	7249
unhappy	7250
solidarity	7251
furnished	7252
marital	7253
hierarchical	7254
AI	7255
clarify	7256
teaspoon	7257
convenience	7258
merits	7259
genetics	7260
Hughes	7261
exchanged	7262
compelled	7263
featured	7264
prompt	7265
investigators	7266
preface	7267
customary	7268
pathology	7269
ti	7270
undertaking	7271
instructor	7272
privileged	7273
repetition	7274
darling	7275
investigating	7276
deadly	7277
cathedral	7278
Hudson	7279
armies	7280
dwelling	7281
cult	7282
secondly	7283
packaging	7284
dim	7285
owe	7286
obesity	7287
pretend	7288
sediment	7289
Sara	7290
poles	7291
imperative	7292
pie	7293
curse	7294
practitioner	7295
IMF	7296
promptly	7297
recipients	7298
oversight	7299
transient	7300
feast	7301
NATO	7302
squeezed	7303
catching	7304
humanitarian	7305
editions	7306
positioned	7307
clearance	7308
resurrection	7309
ladder	7310
suppression	7311
cameras	7312
interpreting	7313
Thursday	7314
boom	7315
cholesterol	7316
owed	7317
glow	7318
verbs	7319
Tuesday	7320
install	7321
theft	7322
pockets	7323
adopting	7324
dissertation	7325
fulfilled	7326
Os	7327
rulers	7328
meter	7329
garage	7330
Finland	7331
Lt	7332
headache	7333
magnificent	7334
Phil	7335
rolls	7336
Jennifer	7337
nod	7338
carved	7339
vaccine	7340
stretching	7341
acceleration	7342
Wallace	7343
suspicious	7344
consolidation	7345
euro	7346
comprising	7347
Claire	7348
tragic	7349
weird	7350
outward	7351
collateral	7352
ya	7353
laboratories	7354
ups	7355
consuming	7356
advocacy	7357
matches	7358
interstate	7359
prayed	7360
crystals	7361
beneficiary	7362
Jo	7363
believers	7364
arrows	7365
careers	7366
terrain	7367
album	7368
Detroit	7369
mutually	7370
propaganda	7371
upright	7372
nuts	7373
containers	7374
withdraw	7375
salaries	7376
indications	7377
heavenly	7378
earthquake	7379
convincing	7380
WI	7381
graphics	7382
purity	7383
transcription	7384
baking	7385
limbs	7386
forbidden	7387
travels	7388
observers	7389
missionary	7390
completing	7391
instructional	7392
realism	7393
partition	7394
communal	7395
icon	7396
saddle	7397
Swiss	7398
condemned	7399
analytic	7400
culturally	7401
lattice	7402
analyst	7403
countryside	7404
Joshua	7405
marking	7406
confession	7407
networking	7408
Palestine	7409
sixteenth	7410
evaluations	7411
demonstrating	7412
hypotheses	7413
buttons	7414
penguin	7415
sends	7416
warriors	7417
constructing	7418
Hopkins	7419
Craig	7420
satisfying	7421
filters	7422
tomb	7423
Wayne	7424
decisive	7425
assert	7426
randomized	7427
vocal	7428
homogeneous	7429
bounded	7430
recognizes	7431
appropriation	7432
coins	7433
comprehension	7434
permanently	7435
recurrent	7436
capacities	7437
morphology	7438
recipe	7439
unfortunate	7440
conquest	7441
inverse	7442
insist	7443
edit	7444
transformations	7445
barrel	7446
tenant	7447
happily	7448
continuum	7449
ink	7450
Saudi	7451
granting	7452
Puerto	7453
Kent	7454
stems	7455
humble	7456
sponsor	7457
disappointment	7458
mistaken	7459
diagnosed	7460
awkward	7461
sociological	7462
deformation	7463
Dec	7464
Rio	7465
sofa	7466
limb	7467
switched	7468
smiles	7469
objections	7470
lovers	7471
Reagan	7472
fulfill	7473
fist	7474
Harvey	7475
accompany	7476
constructive	7477
commons	7478
tooth	7479
desperately	7480
crushed	7481
nonprofit	7482
battles	7483
enrolled	7484
fundamentally	7485
documentary	7486
positioning	7487
tuition	7488
narrator	7489
refined	7490
collapsed	7491
soap	7492
scream	7493
prone	7494
sentiment	7495
ruin	7496
oath	7497
tours	7498
basement	7499
accord	7500
orbit	7501
Lin	7502
blend	7503
projections	7504
Nat	7505
practiced	7506
setup	7507
Keith	7508
sail	7509
archive	7510
restructuring	7511
avoidance	7512
forecast	7513
Blake	7514
wagon	7515
ventricular	7516
monitored	7517
examines	7518
hazards	7519
speeches	7520
Churchill	7521
lengths	7522
rendering	7523
magical	7524
distal	7525
realizing	7526
trademark	7527
dividends	7528
radar	7529
mutation	7530
rated	7531
guinea	7532
delicious	7533
targeting	7534
bike	7535
prevents	7536
warming	7537
savage	7538
dependency	7539
halfway	7540
hiring	7541
vocational	7542
voyage	7543
cage	7544
diminished	7545
graphs	7546
Wednesday	7547
tariff	7548
pond	7549
cliff	7550
susceptible	7551
borrowed	7552
embraced	7553
advancement	7554
buffalo	7555
trucks	7556
Julie	7557
weaknesses	7558
OT	7559
brow	7560
physiology	7561
conspiracy	7562
accelerated	7563
initiate	7564
coating	7565
peninsula	7566
prose	7567
Dallas	7568
canvas	7569
uh	7570
broker	7571
obedience	7572
emphasizes	7573
downstairs	7574
baptist	7575
modules	7576
Ronald	7577
generates	7578
plea	7579
Augustine	7580
employing	7581
delighted	7582
Weber	7583
voted	7584
heavens	7585
blocking	7586
affirmed	7587
charming	7588
wool	7589
afterward	7590
comic	7591
greeted	7592
subsidies	7593
maid	7594
miscellaneous	7595
gel	7596
workshops	7597
Vincent	7598
coordinated	7599
surroundings	7600
ridiculous	7601
implication	7602
approve	7603
seventeen	7604
agrees	7605
db	7606
startled	7607
conflicting	7608
abruptly	7609
devotion	7610
pediatric	7611
Pete	7612
buyers	7613
elders	7614
Danny	7615
Gabriel	7616
admiral	7617
shouting	7618
membranes	7619
delivering	7620
athletes	7621
dug	7622
irrelevant	7623
advise	7624
stepping	7625
auction	7626
negligence	7627
expresses	7628
variant	7629
constrained	7630
heal	7631
ambitious	7632
dig	7633
grove	7634
Oct	7635
anniversary	7636
angular	7637
turnover	7638
creditors	7639
critically	7640
balancing	7641
responsive	7642
Utah	7643
lets	7644
traders	7645
Syria	7646
Owen	7647
straw	7648
sank	7649
painter	7650
relies	7651
robot	7652
integrating	7653
imprisonment	7654
jenny	7655
integer	7656
Milton	7657
denying	7658
contempt	7659
Caroline	7660
pipeline	7661
geometric	7662
hay	7663
thirds	7664
aboriginal	7665
prophets	7666
catalyst	7667
poison	7668
welcomed	7669
messenger	7670
stationary	7671
inhibitors	7672
Rebecca	7673
deployed	7674
trembling	7675
Buddha	7676
frustrated	7677
embarrassed	7678
holidays	7679
generator	7680
critic	7681
guiding	7682
decorated	7683
reductions	7684
specificity	7685
tickets	7686
scrutiny	7687
twins	7688
penny	7689
emerges	7690
Nixon	7691
miserable	7692
Kenneth	7693
counterparts	7694
fellowship	7695
charm	7696
museums	7697
Obama	7698
khan	7699
Dennis	7700
ambiguous	7701
privately	7702
detector	7703
swear	7704
temper	7705
companions	7706
comprised	7707
elevator	7708
communicating	7709
Miami	7710
emotionally	7711
timothy	7712
electrode	7713
continuation	7714
bobby	7715
cavalry	7716
manifestations	7717
decomposition	7718
forestry	7719
behold	7720
carpet	7721
blast	7722
formulated	7723
papa	7724
persuade	7725
brass	7726
brigade	7727
analysts	7728
proportions	7729
accustomed	7730
truths	7731
loudly	7732
undergo	7733
bladder	7734
Gilbert	7735
interfaces	7736
offspring	7737
beard	7738
nutrients	7739
affirmative	7740
offerings	7741
estates	7742
millennium	7743
fluids	7744
colleague	7745
Duncan	7746
beams	7747
ninety	7748
declining	7749
chips	7750
brands	7751
melting	7752
entrepreneurs	7753
redemption	7754
sect	7755
hits	7756
canyon	7757
announcement	7758
acquiring	7759
Richmond	7760
SQL	7761
trains	7762
imposing	7763
investing	7764
fashioned	7765
potato	7766
steering	7767
syntax	7768
Shaw	7769
Tommy	7770
oppression	7771
enclosed	7772
conversely	7773
strongest	7774
seas	7775
crises	7776
XML	7777
penetration	7778
negotiated	7779
Cleveland	7780
Europeans	7781
manners	7782
lobby	7783
chloride	7784
tan	7785
concluding	7786
guarantees	7787
tray	7788
peasants	7789
translate	7790
Nathan	7791
thyroid	7792
claimant	7793
designers	7794
appraisal	7795
dividing	7796
opponent	7797
rick	7798
accent	7799
aboard	7800
boot	7801
patents	7802
monopoly	7803
rounds	7804
masculine	7805
societal	7806
nutritional	7807
appellate	7808
macro	7809
literal	7810
shareholder	7811
hart	7812
establishes	7813
bundle	7814
shells	7815
stimulate	7816
phosphate	7817
purse	7818
socialism	7819
Sean	7820
fuels	7821
teachings	7822
fork	7823
peasant	7824
holders	7825
wrap	7826
fascinating	7827
steal	7828
Hawaii	7829
Blackwell	7830
meantime	7831
wherein	7832
ottoman	7833
lesbian	7834
wit	7835
Lucas	7836
subset	7837
Thai	7838
molly	7839
futures	7840
consultants	7841
potassium	7842
ventilation	7843
publicity	7844
josh	7845
statistically	7846
reporters	7847
lesion	7848
rabbit	7849
cop	7850
abnormalities	7851
Jew	7852
packing	7853
therein	7854
patrol	7855
damned	7856
Raymond	7857
simplified	7858
anticipation	7859
securing	7860
damp	7861
dissolution	7862
Kenya	7863
textual	7864
wishing	7865
Reynolds	7866
schooling	7867
lately	7868
hopefully	7869
beg	7870
sadness	7871
trinity	7872
floors	7873
blown	7874
indices	7875
etc	7876
cab	7877
displaced	7878
CIA	7879
specialty	7880
glimpse	7881
hearings	7882
Bennett	7883
detention	7884
negotiating	7885
dynasty	7886
beneficiaries	7887
AA	7888
trustees	7889
booth	7890
battalion	7891
halt	7892
postal	7893
boiling	7894
simulated	7895
addiction	7896
sickness	7897
triple	7898
reservations	7899
rhetorical	7900
schedules	7901
refusing	7902
renewable	7903
brushed	7904
revival	7905
bandwidth	7906
aligned	7907
blues	7908
misery	7909
delegation	7910
vibration	7911
risen	7912
gloves	7913
taxi	7914
Isaiah	7915
curved	7916
reflective	7917
hitting	7918
notation	7919
cardinal	7920
restrict	7921
slice	7922
FDA	7923
verdict	7924
warehouse	7925
urinary	7926
randomly	7927
twist	7928
witch	7929
spirituality	7930
profitable	7931
punch	7932
passionate	7933
bowed	7934
scheduling	7935
psalm	7936
favored	7937
introduces	7938
govern	7939
portal	7940
transforming	7941
evolving	7942
pencil	7943
finishing	7944
toys	7945
nutrient	7946
skirt	7947
danish	7948
MRI	7949
embassy	7950
spinning	7951
Greeks	7952
offender	7953
plausible	7954
precipitation	7955
cervical	7956
pupil	7957
preserving	7958
exotic	7959
compiled	7960
textile	7961
Wu	7962
methodological	7963
developers	7964
undergraduate	7965
performs	7966
praying	7967
rt	7968
intentional	7969
analogous	7970
swim	7971
occupations	7972
myths	7973
canon	7974
attained	7975
certificates	7976
toilet	7977
hormones	7978
conform	7979
Norton	7980
instinct	7981
hug	7982
clergy	7983
curtain	7984
coarse	7985
withdrawn	7986
zinc	7987
factories	7988
contractual	7989
journalist	7990
factual	7991
tennis	7992
Br	7993
promotes	7994
dispersion	7995
HTML	7996
testified	7997
decides	7998
cart	7999
fractures	8000
presidency	8001
vapor	8002
planting	8003
distinctions	8004
deaf	8005
tucked	8006
segregation	8007
flashed	8008
tenure	8009
closet	8010
affinity	8011
toe	8012
understands	8013
republicans	8014
fluctuations	8015
ashamed	8016
fairy	8017
insertion	8018
drying	8019
depended	8020
strand	8021
chromosome	8022
eyebrows	8023
releases	8024
napoleon	8025
blowing	8026
cu	8027
servers	8028
phones	8029
tangible	8030
Spencer	8031
kissing	8032
bubble	8033
attach	8034
honestly	8035
cultivated	8036
consecutive	8037
platforms	8038
obscure	8039
winner	8040
criticized	8041
mesh	8042
disclose	8043
attain	8044
ambition	8045
chi	8046
demon	8047
encourages	8048
fossil	8049
BP	8050
gazed	8051
transported	8052
trusts	8053
debris	8054
fond	8055
rests	8056
temples	8057
echoed	8058
asthma	8059
biomass	8060
combustion	8061
stained	8062
settlers	8063
basketball	8064
intimacy	8065
saturated	8066
shoe	8067
Powell	8068
ram	8069
cox	8070
remarkably	8071
equitable	8072
superficial	8073
domination	8074
nonsense	8075
routing	8076
enrollment	8077
vanished	8078
flies	8079
fog	8080
terminated	8081
triggered	8082
reinforcement	8083
cries	8084
bark	8085
collectively	8086
deficits	8087
offshore	8088
Perry	8089
bonding	8090
bat	8091
hammer	8092
monument	8093
dozens	8094
utilize	8095
delays	8096
righteous	8097
arctic	8098
proposes	8099
Pd	8100
Jacques	8101
soluble	8102
lacks	8103
journalism	8104
freight	8105
melt	8106
Maine	8107
acre	8108
rim	8109
reinforce	8110
righteousness	8111
collision	8112
issuance	8113
strengthened	8114
translations	8115
paradox	8116
drum	8117
characterize	8118
descended	8119
chemotherapy	8120
downstream	8121
advancing	8122
hull	8123
restraint	8124
amid	8125
fragile	8126
ambiguity	8127
stirring	8128
settling	8129
sensed	8130
refugee	8131
disposed	8132
sadly	8133
toes	8134
notify	8135
discharged	8136
girlfriend	8137
merchandise	8138
lipid	8139
towers	8140
presumed	8141
injustice	8142
fairness	8143
slower	8144
contradiction	8145
vendor	8146
antigen	8147
uncommon	8148
clue	8149
functionality	8150
disagree	8151
persuaded	8152
orchestra	8153
Judaism	8154
formulas	8155
prosecutor	8156
departed	8157
spun	8158
Arabia	8159
arterial	8160
exceeding	8161
insect	8162
toy	8163
signing	8164
appetite	8165
gambling	8166
countless	8167
leap	8168
harassment	8169
veteran	8170
sierra	8171
guitar	8172
subordinate	8173
tiger	8174
missile	8175
kinetic	8176
economists	8177
Stevens	8178
screw	8179
chat	8180
onion	8181
brains	8182
pad	8183
Clarke	8184
comprises	8185
admired	8186
sanctuary	8187
Darwin	8188
natives	8189
backs	8190
mars	8191
lawn	8192
corrections	8193
maximize	8194
denotes	8195
Pittsburgh	8196
husbands	8197
oz	8198
ISO	8199
ultrasound	8200
circumstance	8201
oils	8202
dominate	8203
managerial	8204
supposedly	8205
Colin	8206
fortunate	8207
dismissal	8208
gasped	8209
localized	8210
Leonard	8211
exterior	8212
lighter	8213
Diana	8214
lowering	8215
Louise	8216
printer	8217
Muhammad	8218
invasive	8219
donors	8220
confront	8221
champion	8222
Vietnamese	8223
swelling	8224
NASA	8225
stamp	8226
Noah	8227
reminds	8228
notices	8229
cleaned	8230
stark	8231
posture	8232
viruses	8233
talents	8234
licenses	8235
finest	8236
burnt	8237
websites	8238
innocence	8239
axial	8240
charging	8241
Ellis	8242
radial	8243
obstruction	8244
descendants	8245
feminism	8246
Caesar	8247
groundwater	8248
tier	8249
trajectory	8250
flavor	8251
affective	8252
asylum	8253
excel	8254
temptation	8255
Catholics	8256
attributable	8257
manifestation	8258
candy	8259
algebra	8260
sculpture	8261
optimum	8262
Greg	8263
pertaining	8264
traded	8265
appellant	8266
persistence	8267
Carlos	8268
marched	8269
enduring	8270
vicinity	8271
Ron	8272
differing	8273
boyfriend	8274
thunder	8275
acoustic	8276
probabilities	8277
marketplace	8278
drill	8279
presentations	8280
mitigation	8281
Betty	8282
appealing	8283
graduated	8284
chiefs	8285
PE	8286
landlord	8287
browser	8288
clan	8289
articulated	8290
Buddhism	8291
doe	8292
shanghai	8293
enforced	8294
utter	8295
guessed	8296
hoc	8297
wholesale	8298
levy	8299
sums	8300
dismiss	8301
sticks	8302
introductory	8303
freezing	8304
uptake	8305
Julian	8306
mini	8307
basal	8308
shy	8309
enjoyment	8310
borrowing	8311
differentiated	8312
kindly	8313
corrosion	8314
epic	8315
endure	8316
jumping	8317
spelling	8318
formats	8319
Sophie	8320
cracked	8321
foreigners	8322
forthcoming	8323
hid	8324
prints	8325
bless	8326
complain	8327
tablespoons	8328
productions	8329
originated	8330
discomfort	8331
pistol	8332
coated	8333
catalog	8334
pragmatic	8335
ton	8336
pillow	8337
allegations	8338
elites	8339
adventures	8340
sunset	8341
confrontation	8342
fuller	8343
monk	8344
spheres	8345
hut	8346
neighboring	8347
metallic	8348
appealed	8349
accepts	8350
SD	8351
towel	8352
citing	8353
Warner	8354
judging	8355
Dakota	8356
bean	8357
inland	8358
Sr	8359
estimating	8360
corrupt	8361
constituents	8362
unaware	8363
exploit	8364
genus	8365
theorists	8366
Brussels	8367
chuckled	8368
bailey	8369
ignorant	8370
dealers	8371
Sullivan	8372
slopes	8373
neat	8374
consciously	8375
disruption	8376
systematically	8377
deprived	8378
malignant	8379
stirred	8380
bi	8381
Venice	8382
gestures	8383
diagrams	8384
diffuse	8385
trafficking	8386
superintendent	8387
sounding	8388
ads	8389
spectacular	8390
readiness	8391
practicing	8392
stimulated	8393
scarce	8394
reactor	8395
architects	8396
plug	8397
muscular	8398
Cornell	8399
delete	8400
dividend	8401
numbered	8402
trait	8403
balances	8404
replication	8405
breathed	8406
sometime	8407
Allah	8408
explanatory	8409
mortal	8410
admiration	8411
bloom	8412
WWW	8413
shepherd	8414
ABC	8415
proximal	8416
Russians	8417
footsteps	8418
lid	8419
athletic	8420
artifacts	8421
polite	8422
bye	8423
Denver	8424
regulating	8425
coaching	8426
matrices	8427
irony	8428
expose	8429
wandering	8430
Wagner	8431
protests	8432
elect	8433
quotation	8434
sentencing	8435
gasoline	8436
solitary	8437
fury	8438
constants	8439
specially	8440
Janet	8441
weaker	8442
plantation	8443
Eddie	8444
marriages	8445
lime	8446
disadvantage	8447
graduates	8448
owns	8449
keywords	8450
palms	8451
rationality	8452
routinely	8453
Foucault	8454
arthritis	8455
judiciary	8456
punished	8457
preaching	8458
vivid	8459
transverse	8460
gram	8461
holocaust	8462
recreational	8463
marrow	8464
brooks	8465
hostility	8466
Mon	8467
teaches	8468
jointly	8469
intellect	8470
contradictory	8471
IBM	8472
multitude	8473
homeless	8474
scriptures	8475
polarization	8476
slowed	8477
nationality	8478
learner	8479
outputs	8480
linguistics	8481
gm	8482
goodbye	8483
technically	8484
proclaimed	8485
deferred	8486
tribute	8487
slammed	8488
superiority	8489
forensic	8490
bounds	8491
supplemental	8492
tendencies	8493
symptom	8494
enactment	8495
pigs	8496
proving	8497
sunshine	8498
psychologists	8499
heroic	8500
correlations	8501
huh	8502
disturbing	8503
antenna	8504
prevalent	8505
simplest	8506
schizophrenia	8507
ensures	8508
unlawful	8509
medial	8510
weary	8511
administer	8512
thighs	8513
tones	8514
commissioned	8515
repeating	8516
issuing	8517
courtyard	8518
cone	8519
warn	8520
ruins	8521
parenting	8522
ecosystems	8523
nails	8524
calibration	8525
criminals	8526
buck	8527
polymers	8528
pilots	8529
digest	8530
Minneapolis	8531
incorporating	8532
cows	8533
contraction	8534
password	8535
Iraqi	8536
Burke	8537
definitive	8538
potent	8539
exceeded	8540
psychologist	8541
residues	8542
Jeffrey	8543
morally	8544
Columbus	8545
examinations	8546
negatively	8547
constructions	8548
Ukraine	8549
contaminated	8550
ruined	8551
xii	8552
aspirations	8553
hepatitis	8554
rightly	8555
fantastic	8556
Todd	8557
stuffed	8558
relying	8559
contacted	8560
Davies	8561
reciprocal	8562
subcommittee	8563
gravel	8564
Tyler	8565
concealed	8566
psychotherapy	8567
naming	8568
batch	8569
nuclei	8570
terrorists	8571
graves	8572
backgrounds	8573
creditor	8574
appearances	8575
logistics	8576
configurations	8577
Joyce	8578
variants	8579
greenhouse	8580
concurrent	8581
drought	8582
shout	8583
liquor	8584
backup	8585
restrictive	8586
winding	8587
Cameron	8588
misleading	8589
expressly	8590
Richardson	8591
altitude	8592
chorus	8593
Jamie	8594
tempted	8595
ankle	8596
trails	8597
daylight	8598
transplantation	8599
frameworks	8600
jungle	8601
videos	8602
dementia	8603
dock	8604
unpleasant	8605
sequential	8606
citation	8607
commenced	8608
extensions	8609
borrow	8610
confess	8611
arguably	8612
deserved	8613
Peru	8614
gown	8615
demons	8616
premise	8617
speculation	8618
troubles	8619
eternity	8620
Nov	8621
lend	8622
Hungarian	8623
violate	8624
shirts	8625
benign	8626
heterogeneous	8627
Malcolm	8628
transitional	8629
empowerment	8630
contested	8631
leverage	8632
boost	8633
viewpoint	8634
plague	8635
situ	8636
laden	8637
overwhelmed	8638
hedge	8639
monks	8640
blinked	8641
Madrid	8642
commissions	8643
rebel	8644
gland	8645
modulation	8646
seizure	8647
professors	8648
chill	8649
Quebec	8650
caste	8651
nail	8652
responds	8653
intuition	8654
wonders	8655
hepatic	8656
plural	8657
portable	8658
Nevada	8659
pork	8660
breed	8661
incomes	8662
freeze	8663
wasted	8664
prototype	8665
contention	8666
cosmic	8667
communism	8668
dashed	8669
eliminating	8670
coherence	8671
Jeremy	8672
cherry	8673
Rico	8674
airlines	8675
distribute	8676
socioeconomic	8677
Portland	8678
Jon	8679
freed	8680
auditor	8681
Montgomery	8682
compulsory	8683
drained	8684
Eng	8685
Socrates	8686
transmit	8687
frost	8688
possessions	8689
lengthy	8690
invariably	8691
pains	8692
madness	8693
hospitality	8694
recordings	8695
pipes	8696
Montana	8697
adjusting	8698
unauthorized	8699
queries	8700
bowel	8701
resolutions	8702
rigorous	8703
dorsal	8704
observes	8705
unemployed	8706
appointments	8707
lively	8708
postwar	8709
jealous	8710
Dorothy	8711
furious	8712
Nd	8713
Jesse	8714
defending	8715
dispersed	8716
var	8717
Arkansas	8718
disadvantages	8719
migrant	8720
overlooked	8721
crowds	8722
assay	8723
snap	8724
ruby	8725
Logan	8726
cs	8727
ideally	8728
pastoral	8729
ham	8730
sided	8731
BBC	8732
Brooklyn	8733
helpless	8734
mainland	8735
rectangular	8736
pertinent	8737
commissioners	8738
siblings	8739
reminder	8740
consume	8741
allegedly	8742
venous	8743
baron	8744
constructs	8745
antibiotics	8746
missionaries	8747
requesting	8748
prostate	8749
Melbourne	8750
seizures	8751
rainfall	8752
queer	8753
copying	8754
simpler	8755
whatsoever	8756
welsh	8757
improves	8758
cocaine	8759
hop	8760
sip	8761
visibility	8762
applicability	8763
Montreal	8764
strips	8765
mat	8766
stunned	8767
duck	8768
boring	8769
councils	8770
minus	8771
ample	8772
repairs	8773
terrified	8774
civilians	8775
Jessica	8776
defended	8777
contributors	8778
longing	8779
conductivity	8780
constituent	8781
admissions	8782
sermon	8783
tomato	8784
textbook	8785
ironically	8786
quotes	8787
paste	8788
separating	8789
providence	8790
aqueous	8791
framing	8792
neighborhoods	8793
Marc	8794
candle	8795
MHz	8796
intellectuals	8797
bonus	8798
sailing	8799
Manhattan	8800
reversal	8801
youngest	8802
logs	8803
presidents	8804
tablets	8805
slender	8806
updates	8807
modeled	8808
faults	8809
compensate	8810
resume	8811
alloy	8812
directing	8813
bishops	8814
collector	8815
nasal	8816
yielded	8817
disclosed	8818
undermine	8819
subscription	8820
dedication	8821
bored	8822
airway	8823
mp	8824
phoenix	8825
symmetric	8826
sweep	8827
mentions	8828
bargain	8829
congenital	8830
empathy	8831
aquatic	8832
pizza	8833
attacking	8834
ribs	8835
ally	8836
splendid	8837
unrelated	8838
nausea	8839
scaling	8840
Delaware	8841
spiral	8842
mammals	8843
regeneration	8844
relieve	8845
earning	8846
safer	8847
Stalin	8848
herbs	8849
Angela	8850
preceded	8851
martial	8852
dosage	8853
Ge	8854
Meyer	8855
fighter	8856
Cuban	8857
attainment	8858
sandwich	8859
seminar	8860
theirs	8861
titled	8862
marsh	8863
stays	8864
eh	8865
asserts	8866
narrowed	8867
ore	8868
flora	8869
facilitated	8870
lest	8871
unchanged	8872
sweeping	8873
unlimited	8874
doubled	8875
proves	8876
cohort	8877
swallow	8878
herein	8879
chancellor	8880
conformity	8881
threaten	8882
franchise	8883
mist	8884
disturbances	8885
afforded	8886
Judah	8887
Patricia	8888
differentiate	8889
Judith	8890
confidentiality	8891
curled	8892
idle	8893
solo	8894
volatile	8895
stripped	8896
dared	8897
fake	8898
quo	8899
trivial	8900
preventive	8901
unwilling	8902
foremost	8903
yeast	8904
endangered	8905
waving	8906
outlet	8907
obstacle	8908
polished	8909
predictable	8910
excitation	8911
composer	8912
biodiversity	8913
Neil	8914
alterations	8915
calories	8916
impressions	8917
diplomacy	8918
latent	8919
landscapes	8920
schematic	8921
shoved	8922
hydraulic	8923
longest	8924
cruise	8925
UV	8926
nearer	8927
influencing	8928
Saul	8929
spectroscopy	8930
skeletal	8931
conveyed	8932
sincere	8933
roses	8934
enthusiastic	8935
villa	8936
confederate	8937
distinguishing	8938
cents	8939
Jose	8940
mall	8941
Amanda	8942
ceramic	8943
solids	8944
auditory	8945
vomiting	8946
Brazilian	8947
recalls	8948
hugged	8949
cautious	8950
wires	8951
testify	8952
cops	8953
Facebook	8954
patches	8955
searches	8956
portrayed	8957
cues	8958
digging	8959
disasters	8960
conditioned	8961
Gerald	8962
UT	8963
Clara	8964
cigarettes	8965
shortage	8966
hemisphere	8967
violet	8968
fixing	8969
manifested	8970
font	8971
electromagnetic	8972
absurd	8973
establishments	8974
overlapping	8975
tore	8976
Hegel	8977
conceptions	8978
float	8979
recycling	8980
propositions	8981
premature	8982
unprecedented	8983
insofar	8984
rebels	8985
fearful	8986
nineteen	8987
Justin	8988
antiquity	8989
affordable	8990
weighed	8991
Lebanon	8992
Austrian	8993
unfamiliar	8994
heir	8995
deserted	8996
accountable	8997
predictive	8998
psychic	8999
lad	9000
hardy	9001
improper	9002
Av	9003
peptide	9004
repealed	9005
pools	9006
reformation	9007
mentor	9008
Nietzsche	9009
prophecy	9010
auxiliary	9011
ineffective	9012
township	9013
inward	9014
thigh	9015
drawer	9016
inequalities	9017
drilling	9018
parade	9019
therapies	9020
supernatural	9021
specifies	9022
destroying	9023
genuinely	9024
baptism	9025
explosive	9026
microwave	9027
resumed	9028
distinctly	9029
Blair	9030
conductor	9031
speeds	9032
openness	9033
selfish	9034
revolt	9035
loses	9036
surveyed	9037
Lu	9038
dwell	9039
residue	9040
appropriated	9041
outbreak	9042
Africans	9043
Birmingham	9044
figs	9045
secretion	9046
taxpayers	9047
possesses	9048
passions	9049
inherently	9050
Klein	9051
homework	9052
buses	9053
wow	9054
abused	9055
distortion	9056
pulls	9057
boil	9058
governors	9059
absorb	9060
evolve	9061
puzzle	9062
qualification	9063
semantics	9064
herald	9065
backing	9066
powered	9067
boulder	9068
tapped	9069
Pearson	9070
bothered	9071
pardon	9072
nightmare	9073
acknowledgments	9074
ethanol	9075
liberalism	9076
oppose	9077
alteration	9078
fourteenth	9079
lust	9080
ferry	9081
deserves	9082
cooperate	9083
melted	9084
professions	9085
kin	9086
Colombia	9087
encoding	9088
token	9089
chooses	9090
fellows	9091
presumption	9092
enlarged	9093
implicitly	9094
EUR	9095
proxy	9096
Oscar	9097
budgets	9098
intestinal	9099
punish	9100
rushing	9101
classrooms	9102
offenses	9103
annex	9104
contingency	9105
Olympic	9106
locus	9107
discovering	9108
freeman	9109
modernization	9110
brutal	9111
Ia	9112
articulate	9113
medicaid	9114
saturation	9115
bombing	9116
purchaser	9117
morrow	9118
oracle	9119
dreamed	9120
blond	9121
labeling	9122
tenants	9123
exploited	9124
scored	9125
subparagraph	9126
plaza	9127
Palmer	9128
ranked	9129
Michel	9130
schema	9131
releasing	9132
counselor	9133
dough	9134
stochastic	9135
infrared	9136
commanding	9137
risky	9138
tightened	9139
stimulating	9140
resemble	9141
adolescence	9142
danced	9143
coordinator	9144
medicines	9145
affiliated	9146
aftermath	9147
amusement	9148
incapable	9149
tuberculosis	9150
communicated	9151
flights	9152
thoughtful	9153
unreasonable	9154
Hampshire	9155
cannon	9156
internationally	9157
Bradley	9158
Rf	9159
rubbing	9160
hereafter	9161
suppress	9162
perceptual	9163
bolt	9164
flung	9165
analog	9166
fare	9167
grazing	9168
wrath	9169
amazed	9170
sore	9171
animation	9172
bachelor	9173
cubic	9174
opt	9175
encyclopedia	9176
grim	9177
butt	9178
competitiveness	9179
veil	9180
drifted	9181
acquaintance	9182
contracted	9183
chiefly	9184
xiii	9185
trades	9186
Einstein	9187
Broadway	9188
Bangladesh	9189
jar	9190
knights	9191
squeeze	9192
waking	9193
convictions	9194
advocated	9195
aided	9196
supervisors	9197
delegates	9198
construed	9199
authentication	9200
economist	9201
habitats	9202
crosses	9203
vigorous	9204
inviting	9205
consulted	9206
kinase	9207
pleasures	9208
combines	9209
robe	9210
destined	9211
inserting	9212
colon	9213
johns	9214
tactical	9215
resisted	9216
treatise	9217
myocardial	9218
Nebraska	9219
Sherman	9220
neatly	9221
aesthetics	9222
earnest	9223
Katie	9224
Ira	9225
Simpson	9226
sunny	9227
rep	9228
Sudan	9229
theoretically	9230
geology	9231
sporting	9232
confusing	9233
qualifying	9234
sperm	9235
feathers	9236
honesty	9237
prestige	9238
perpendicular	9239
metaphysical	9240
Sharon	9241
versa	9242
cracks	9243
featuring	9244
keyboard	9245
imitation	9246
genocide	9247
intercourse	9248
provisional	9249
petty	9250
clustering	9251
frontal	9252
fortress	9253
yoga	9254
multimedia	9255
viewer	9256
chronicle	9257
cane	9258
tastes	9259
pioneer	9260
bucket	9261
microbial	9262
alley	9263
ambient	9264
goat	9265
ordinance	9266
lump	9267
stove	9268
slightest	9269
incoming	9270
spy	9271
adviser	9272
institutes	9273
supplements	9274
withdrew	9275
hunters	9276
axes	9277
ginger	9278
successes	9279
reproduce	9280
interacting	9281
planets	9282
wandered	9283
anticipate	9284
shine	9285
undergoing	9286
inhibitor	9287
resigned	9288
Leslie	9289
resemblance	9290
autism	9291
diesel	9292
sentiments	9293
scratch	9294
notebook	9295
builds	9296
epidemic	9297
motors	9298
miracles	9299
berry	9300
scoring	9301
kernel	9302
incredibly	9303
arrives	9304
bee	9305
developer	9306
authenticity	9307
beck	9308
Armstrong	9309
threads	9310
verified	9311
vendors	9312
makeup	9313
expressive	9314
gossip	9315
tomatoes	9316
autobiography	9317
scandal	9318
spark	9319
splitting	9320
Norwegian	9321
precedent	9322
radically	9323
swiftly	9324
Webster	9325
fountain	9326
apples	9327
ministries	9328
internally	9329
batteries	9330
begged	9331
laundry	9332
predicting	9333
humanities	9334
comprise	9335
Lang	9336
monkey	9337
cliffs	9338
jun	9339
flip	9340
bureaucracy	9341
advent	9342
insurer	9343
apt	9344
intervene	9345
siege	9346
Lynn	9347
inmates	9348
Apr	9349
satisfies	9350
terminate	9351
pensions	9352
sells	9353
elephant	9354
disagreement	9355
pottery	9356
cough	9357
backwards	9358
puzzled	9359
travelers	9360
fin	9361
monastery	9362
indifference	9363
rude	9364
activism	9365
outset	9366
denoted	9367
expiration	9368
spoon	9369
Peterson	9370
Maya	9371
pseudo	9372
acquisitions	9373
finely	9374
surge	9375
slices	9376
mirrors	9377
Jeremiah	9378
shattered	9379
pouring	9380
memoirs	9381
compositions	9382
probation	9383
exponential	9384
smelled	9385
sung	9386
transcript	9387
embarrassment	9388
Katherine	9389
determinants	9390
filtering	9391
thanked	9392
terrace	9393
infusion	9394
indicative	9395
jurisdictions	9396
treats	9397
grandma	9398
hypothetical	9399
catheter	9400
discoveries	9401
stool	9402
gateway	9403
Reid	9404
herd	9405
coral	9406
ff	9407
dale	9408
raid	9409
blamed	9410
dreaming	9411
displaying	9412
contextual	9413
sinking	9414
divorced	9415
nowadays	9416
gastric	9417
rotating	9418
Iranian	9419
facilitating	9420
orbital	9421
communion	9422
pavement	9423
inquiries	9424
Fm	9425
Joel	9426
melody	9427
academics	9428
stereotypes	9429
intuitive	9430
haired	9431
beads	9432
dissemination	9433
Thomson	9434
coincidence	9435
earthly	9436
accidental	9437
loops	9438
persecution	9439
mobilization	9440
Wesley	9441
Leon	9442
suburban	9443
clicking	9444
gastrointestinal	9445
wizard	9446
periodically	9447
permitting	9448
outlines	9449
overly	9450
stole	9451
alliances	9452
Newman	9453
Locke	9454
arteries	9455
clues	9456
knot	9457
microscopy	9458
abstraction	9459
erected	9460
exodus	9461
subjectivity	9462
McDonald	9463
ceremonies	9464
curtains	9465
Aug	9466
feasibility	9467
tackle	9468
Alexandria	9469
arithmetic	9470
explores	9471
defective	9472
awe	9473
bombs	9474
trash	9475
Mao	9476
twelfth	9477
anal	9478
licensee	9479
weed	9480
seismic	9481
comparatively	9482
stumbled	9483
biopsy	9484
viscosity	9485
balloon	9486
extinction	9487
xiv	9488
darker	9489
Gothic	9490
fried	9491
sliced	9492
airline	9493
nationwide	9494
Eden	9495
exhaust	9496
metrics	9497
helicopter	9498
optic	9499
Eva	9500
descending	9501
betrayed	9502
cyclic	9503
download	9504
parted	9505
ontology	9506
info	9507
watershed	9508
advisor	9509
Monte	9510
upstream	9511
hurricane	9512
deficiencies	9513
retrieve	9514
viewers	9515
raced	9516
Hz	9517
stealing	9518
doctrines	9519
Gandhi	9520
fractions	9521
needing	9522
ribbon	9523
cares	9524
gamma	9525
alcoholic	9526
deficient	9527
wines	9528
clip	9529
Robertson	9530
amber	9531
tops	9532
fluorescence	9533
resilience	9534
packets	9535
talented	9536
casualties	9537
strands	9538
financially	9539
Arabs	9540
harmonic	9541
supplementary	9542
liquidity	9543
linen	9544
protested	9545
soccer	9546
summoned	9547
evangelical	9548
thinkers	9549
resentment	9550
bureaucratic	9551
holly	9552
ranged	9553
sucked	9554
squadron	9555
VP	9556
deception	9557
abbey	9558
cor	9559
nursery	9560
gifted	9561
theatrical	9562
sailed	9563
reimbursement	9564
wax	9565
registry	9566
lining	9567
peered	9568
utilizing	9569
buddy	9570
screens	9571
prisons	9572
mourning	9573
sleeve	9574
Andrews	9575
infringement	9576
lamps	9577
retaining	9578
compartment	9579
referral	9580
potentials	9581
RI	9582
sulfur	9583
entails	9584
clinically	9585
indexes	9586
Chang	9587
louder	9588
Christine	9589
mailing	9590
lone	9591
notified	9592
strangely	9593
praised	9594
multiply	9595
detached	9596
madam	9597
dreadful	9598
touches	9599
transplant	9600
Vegas	9601
veterinary	9602
cortical	9603
gorgeous	9604
volatility	9605
cookies	9606
exaggerated	9607
dumb	9608
newsletter	9609
radioactive	9610
ace	9611
Easter	9612
coil	9613
adherence	9614
coded	9615
deductions	9616
issuer	9617
affiliation	9618
NS	9619
aggregation	9620
exploded	9621
dread	9622
commanders	9623
Schmidt	9624
Feb	9625
secretly	9626
col	9627
distracted	9628
rabbi	9629
calmly	9630
hereby	9631
grouped	9632
blades	9633
fulfilling	9634
fighters	9635
demonstrations	9636
dragging	9637
dip	9638
spectacle	9639
principally	9640
susceptibility	9641
recession	9642
urgency	9643
ESP	9644
methyl	9645
sailors	9646
exercising	9647
cheaper	9648
shah	9649
devised	9650
ghosts	9651
placebo	9652
visualization	9653
Quinn	9654
Munich	9655
Durham	9656
distorted	9657
sensations	9658
lexical	9659
sacrifices	9660
defenses	9661
crow	9662
DVD	9663
garbage	9664
ventures	9665
quotations	9666
strive	9667
rack	9668
poses	9669
policing	9670
accessibility	9671
standpoint	9672
carpenter	9673
slides	9674
kisses	9675
Westminster	9676
mansion	9677
originating	9678
slim	9679
inhibit	9680
doctoral	9681
corpse	9682
widened	9683
oriental	9684
Liverpool	9685
doll	9686
semiconductor	9687
deleted	9688
tire	9689
newer	9690
baked	9691
Calvin	9692
GPS	9693
dame	9694
airplane	9695
fulfillment	9696
honored	9697
portraits	9698
Henderson	9699
glowing	9700
trim	9701
stabilization	9702
prognosis	9703
fictional	9704
nephew	9705
mob	9706
credited	9707
abdomen	9708
venue	9709
unacceptable	9710
freshly	9711
Gibson	9712
tens	9713
smoothly	9714
psalms	9715
princes	9716
blessings	9717
visa	9718
imperialism	9719
gripped	9720
Eugene	9721
Eleanor	9722
writ	9723
reverend	9724
localization	9725
polynomial	9726
invoked	9727
ozone	9728
Barnes	9729
inscription	9730
graduation	9731
advertisement	9732
jewelry	9733
spacing	9734
heel	9735
patron	9736
nickel	9737
bang	9738
deviations	9739
tort	9740
tracing	9741
dial	9742
discretionary	9743
plateau	9744
armor	9745
pleading	9746
villagers	9747
worrying	9748
clearer	9749
moss	9750
Rosa	9751
teenage	9752
greeting	9753
adulthood	9754
entropy	9755
champagne	9756
lied	9757
devastating	9758
therapists	9759
anesthesia	9760
grocery	9761
monuments	9762
candles	9763
optimistic	9764
linkage	9765
cursed	9766
authoritative	9767
Olivia	9768
derives	9769
masculinity	9770
commercially	9771
trout	9772
wartime	9773
weigh	9774
foam	9775
sustaining	9776
Dem	9777
accession	9778
pervasive	9779
epidemiology	9780
deterioration	9781
duct	9782
trousers	9783
communists	9784
diarrhea	9785
alloys	9786
Heidegger	9787
troy	9788
resembles	9789
senators	9790
pounding	9791
echoes	9792
extracts	9793
Maxwell	9794
fixation	9795
nasty	9796
mystical	9797
AF	9798
automation	9799
rider	9800
tolerate	9801
warnings	9802
bidding	9803
Kay	9804
skip	9805
heather	9806
desktop	9807
hygiene	9808
contrasts	9809
Frances	9810
pumps	9811
precautions	9812
fragmentation	9813
Americas	9814
rites	9815
neurological	9816
terribly	9817
NW	9818
maximal	9819
parallels	9820
disgust	9821
unsuccessful	9822
biochemical	9823
latitude	9824
brethren	9825
teens	9826
worries	9827
ringing	9828
Maurice	9829
Latino	9830
Milan	9831
multilateral	9832
automotive	9833
sticking	9834
GI	9835
Disney	9836
pulses	9837
performers	9838
Edmund	9839
aliens	9840
understandings	9841
mastery	9842
sentenced	9843
imagining	9844
repression	9845
plainly	9846
monarchy	9847
coup	9848
Ada	9849
invalid	9850
glancing	9851
photographic	9852
cloak	9853
averaged	9854
cousins	9855
financed	9856
jealousy	9857
lender	9858
spherical	9859
slaughter	9860
graft	9861
homer	9862
ammunition	9863
TN	9864
totals	9865
stiffness	9866
doubtful	9867
lymph	9868
topical	9869
flooding	9870
expects	9871
mounting	9872
hesitation	9873
vacant	9874
incremental	9875
fertile	9876
hamlet	9877
centralized	9878
beasts	9879
voluntarily	9880
confirms	9881
designate	9882
envy	9883
respectable	9884
yearly	9885
injected	9886
secretariat	9887
switches	9888
weakened	9889
commentators	9890
profoundly	9891
terrestrial	9892
grandparents	9893
Riley	9894
Carlo	9895
contradictions	9896
foul	9897
metaphors	9898
Bristol	9899
poultry	9900
garrison	9901
sour	9902
bells	9903
magnesium	9904
sprang	9905
teenagers	9906
Cairo	9907
dome	9908
intravenous	9909
lazy	9910
Albany	9911
marshal	9912
pore	9913
sediments	9914
emphasizing	9915
preacher	9916
atlas	9917
finances	9918
oaks	9919
acquainted	9920
comprehend	9921
attendant	9922
compressed	9923
housed	9924
rainbow	9925
tricks	9926
conduction	9927
additions	9928
summarize	9929
bourgeois	9930
ashes	9931
Ernest	9932
beginnings	9933
converting	9934
dye	9935
declares	9936
Gaussian	9937
deprivation	9938
fifteenth	9939
Glasgow	9940
semester	9941
persist	9942
refuses	9943
deity	9944
multinational	9945
postoperative	9946
wins	9947
clenched	9948
fa	9949
bullets	9950
Ethan	9951
LC	9952
photographer	9953
sultan	9954
Alzheimer	9955
appoint	9956
groaned	9957
Michelle	9958
jokes	9959
postmodern	9960
tertiary	9961
driveway	9962
Sep	9963
swinging	9964
assistants	9965
grammatical	9966
strained	9967
plotted	9968
poly	9969
tags	9970
hitherto	9971
lien	9972
conceive	9973
mysteries	9974
depart	9975
blows	9976
medal	9977
pierce	9978
Hume	9979
erotic	9980
Dante	9981
Vancouver	9982
injunction	9983
eff	9984
crust	9985
credible	9986
Ana	9987
lawful	9988
costume	9989
heightened	9990
aortic	9991
basil	9992
bicycle	9993
damaging	9994
eagerly	9995
Winston	9996
perpetual	9997
doubted	9998
soda	9999
benchmark	10000
CNS	10001
racist	10002
emoji	10003
mold	10004
podcast	10005
declaring	10006
assimilation	10007
multiplied	10008
recruited	10009
swollen	10010
sights	10011
utmost	10012
blonde	10013
slot	10014
cache	10015
Seth	10016
biotechnology	10017
densities	10018
Edgar	10019
coli	10020
Otto	10021
detecting	10022
interdisciplinary	10023
Huang	10024
compares	10025
Theodore	10026
Miranda	10027
energetic	10028
Saxon	10029
counterpart	10030
resolving	10031
prairie	10032
agony	10033
connects	10034
capitol	10035
eased	10036
wastes	10037
telegraph	10038
flush	10039
Mann	10040
Fourier	10041
evenly	10042
flushed	10043
ambulance	10044
metaphysics	10045
iris	10046
innate	10047
jerked	10048
familiarity	10049
ripped	10050
farewell	10051
merry	10052
uneasy	10053
Idaho	10054
photon	10055
ensemble	10056
glands	10057
resignation	10058
morphological	10059
slipping	10060
cam	10061
lifelong	10062
newborn	10063
coaches	10064
eventual	10065
duly	10066
Chapman	10067
Davidson	10068
recurrence	10069
benefited	10070
unusually	10071
protects	10072
bake	10073
parcel	10074
pneumonia	10075
shiny	10076
participatory	10077
amused	10078
basics	10079
penal	10080
cheerful	10081
solemn	10082
ultra	10083
multicultural	10084
methodologies	10085
investigator	10086
recipes	10087
normalized	10088
Romania	10089
indispensable	10090
usefulness	10091
premier	10092
compromised	10093
Claude	10094
Venus	10095
treasurer	10096
grams	10097
vicious	10098
microscope	10099
privatization	10100
premiums	10101
archbishop	10102
unequal	10103
aerial	10104
Johnston	10105
monsieur	10106
diffraction	10107
proton	10108
hawk	10109
inspire	10110
pumping	10111
genres	10112
radicals	10113
toast	10114
sellers	10115
crest	10116
tilted	10117
assisting	10118
amateur	10119
annoyed	10120
textbooks	10121
exposition	10122
whip	10123
console	10124
entrepreneurial	10125
digit	10126
wills	10127
unwanted	10128
Congo	10129
reorganization	10130
allowances	10131
discarded	10132
insists	10133
prohibit	10134
crisp	10135
replies	10136
forgetting	10137
confessed	10138
weighing	10139
moist	10140
restless	10141
deepest	10142
knocking	10143
sterile	10144
rocket	10145
pharmacy	10146
exert	10147
wade	10148
imperfect	10149
epithelial	10150
subsistence	10151
firstly	10152
irrational	10153
rapids	10154
eminent	10155
apology	10156
grouping	10157
tor	10158
pyramid	10159
uniformly	10160
pitched	10161
Greene	10162
captive	10163
Np	10164
skeleton	10165
shone	10166
daring	10167
yielding	10168
substrates	10169
squad	10170
daisy	10171
apostles	10172
depletion	10173
BO	10174
reluctantly	10175
insane	10176
indifferent	10177
exhaustion	10178
payroll	10179
negligible	10180
dusty	10181
activist	10182
prevail	10183
cancel	10184
dots	10185
entrepreneurship	10186
storms	10187
circulating	10188
staircase	10189
formidable	10190
hints	10191
invariant	10192
connectivity	10193
acknowledging	10194
adsorption	10195
borrower	10196
dash	10197
annuity	10198
Harriet	10199
potter	10200
hears	10201
cite	10202
rupture	10203
disappearance	10204
Dylan	10205
Bengal	10206
merged	10207
RC	10208
politician	10209
furnace	10210
famine	10211
additive	10212
IE	10213
spider	10214
teen	10215
Ethiopia	10216
heap	10217
uttered	10218
folding	10219
breadth	10220
permeability	10221
bushes	10222
universally	10223
Sm	10224
noisy	10225
jam	10226
Marxist	10227
vampire	10228
seize	10229
Tc	10230
edema	10231
brad	10232
acknowledges	10233
lobe	10234
beautifully	10235
admire	10236
Ghana	10237
halls	10238
Esther	10239
illnesses	10240
imprisoned	10241
coconut	10242
percentages	10243
holistic	10244
locals	10245
unilateral	10246
fry	10247
poll	10248
educate	10249
shades	10250
pretending	10251
bud	10252
furnish	10253
retailers	10254
shelves	10255
Ottawa	10256
magistrate	10257
kinship	10258
roar	10259
materially	10260
massage	10261
flap	10262
regulators	10263
trailer	10264
imminent	10265
pixel	10266
Eliot	10267
liberties	10268
turbulent	10269
employs	10270
apartments	10271
popped	10272
thief	10273
proprietary	10274
conservatives	10275
Kyle	10276
cue	10277
Jenkins	10278
robbery	10279
Burton	10280
Garcia	10281
vertex	10282
rue	10283
canonical	10284
grasped	10285
wetlands	10286
Marion	10287
psychoanalysis	10288
ripe	10289
locality	10290
orderly	10291
shaken	10292
imposition	10293
advertisements	10294
committing	10295
malaria	10296
barred	10297
Torah	10298
festivals	10299
hast	10300
bypass	10301
outreach	10302
crept	10303
onions	10304
gym	10305
battlefield	10306
seals	10307
locks	10308
gazing	10309
mock	10310
shorts	10311
Della	10312
stein	10313
healed	10314
mixtures	10315
sworn	10316
delightful	10317
Diane	10318
valves	10319
militia	10320
cute	10321
bipolar	10322
rented	10323
NR	10324
poisoning	10325
pulp	10326
interpretive	10327
births	10328
refrigerator	10329
paramount	10330
pagan	10331
Allan	10332
humidity	10333
docket	10334
sidewalk	10335
pixels	10336
honorable	10337
rewarded	10338
soaked	10339
caps	10340
ironic	10341
Morrison	10342
glared	10343
weeds	10344
quoting	10345
pots	10346
recruiting	10347
idiot	10348
animated	10349
rejecting	10350
poster	10351
profitability	10352
Donna	10353
fungi	10354
logging	10355
lenses	10356
umbrella	10357
sectional	10358
sorting	10359
garment	10360
Derek	10361
municipality	10362
mantle	10363
dataset	10364
flowed	10365
smoked	10366
haunted	10367
remembers	10368
cohesion	10369
unjust	10370
pillars	10371
Ivan	10372
handles	10373
antibiotic	10374
crush	10375
explorer	10376
segmentation	10377
electrodes	10378
rash	10379
insult	10380
supervised	10381
precursor	10382
pas	10383
globally	10384
loosely	10385
incompatible	10386
wolves	10387
moderately	10388
hatch	10389
criticisms	10390
insistence	10391
apostle	10392
discursive	10393
stadium	10394
hats	10395
checklist	10396
topology	10397
scar	10398
Casey	10399
supervisory	10400
dive	10401
Luis	10402
endorsed	10403
frankly	10404
Andrea	10405
sterling	10406
prevailed	10407
imaginative	10408
Judy	10409
ordinarily	10410
escort	10411
vintage	10412
pleaded	10413
colonialism	10414
pillar	10415
hen	10416
expectancy	10417
fetch	10418
persisted	10419
Sandra	10420
blog	10421
elasticity	10422
Cincinnati	10423
silica	10424
Lou	10425
accomplishments	10426
biased	10427
lynch	10428
ascertain	10429
formulate	10430
activate	10431
wipe	10432
Friedman	10433
fore	10434
lag	10435
watches	10436
illumination	10437
mouths	10438
coordinating	10439
woven	10440
sen	10441
multiplication	10442
rub	10443
queue	10444
lent	10445
uniquely	10446
understandable	10447
Conrad	10448
annals	10449
cracking	10450
crane	10451
wastewater	10452
sabbath	10453
eleventh	10454
competencies	10455
revisions	10456
complainant	10457
granite	10458
velvet	10459
ATP	10460
indoor	10461
reluctance	10462
optimism	10463
insignificant	10464
footnote	10465
ppm	10466
formations	10467
intends	10468
pledge	10469
cruelty	10470
manipulate	10471
endured	10472
whichever	10473
modifying	10474
irritation	10475
worthwhile	10476
personalities	10477
worldly	10478
bees	10479
mattered	10480
upwards	10481
messiah	10482
visually	10483
registers	10484
Cyprus	10485
Felix	10486
shocks	10487
specifying	10488
abandonment	10489
polity	10490
uncertainties	10491
subsidy	10492
impulses	10493
flock	10494
authoritarian	10495
cancers	10496
speculative	10497
Vermont	10498
withholding	10499
fabrication	10500
boarding	10501
Curtis	10502
evidenced	10503
USSR	10504
fidelity	10505
Crawford	10506
awaiting	10507
resin	10508
MacDonald	10509
beaches	10510
diamonds	10511
metro	10512
lethal	10513
retire	10514
tensile	10515
detachment	10516
permissible	10517
aye	10518
aspiration	10519
adhesion	10520
diagonal	10521
heath	10522
bio	10523
handy	10524
questionable	10525
Heidelberg	10526
admits	10527
equivalence	10528
creep	10529
overt	10530
classics	10531
seeming	10532
vested	10533
bliss	10534
coke	10535
Monroe	10536
lace	10537
Carroll	10538
Emerson	10539
recovering	10540
humility	10541
peters	10542
emergent	10543
valleys	10544
pelvic	10545
contrasting	10546
depicts	10547
beats	10548
blunt	10549
capillary	10550
distributing	10551
Jamaica	10552
conquered	10553
signatures	10554
yourselves	10555
scripts	10556
wildly	10557
pretended	10558
listeners	10559
fists	10560
monitors	10561
tenderness	10562
markedly	10563
consortium	10564
dresses	10565
liberals	10566
persuasion	10567
aiming	10568
corrective	10569
lounge	10570
aroused	10571
banned	10572
maize	10573
procession	10574
Uganda	10575
forecasting	10576
Carson	10577
harvesting	10578
cables	10579
voter	10580
refrain	10581
masks	10582
compatibility	10583
unpaid	10584
conspicuous	10585
generals	10586
conceal	10587
trench	10588
weekends	10589
banner	10590
staging	10591
reside	10592
hum	10593
fiduciary	10594
transferring	10595
Jill	10596
tariffs	10597
chaotic	10598
flooded	10599
Monica	10600
guarded	10601
tablet	10602
akin	10603
ionic	10604
legendary	10605
Levi	10606
inclination	10607
laughs	10608
ingredient	10609
celebrity	10610
xv	10611
prostitution	10612
microscopic	10613
Deborah	10614
flags	10615
spear	10616
genetically	10617
concessions	10618
inorganic	10619
stakes	10620
fading	10621
strokes	10622
laptop	10623
Schwartz	10624
whale	10625
symphony	10626
gotta	10627
compass	10628
chef	10629
ensured	10630
accessories	10631
viability	10632
helmet	10633
generosity	10634
griffin	10635
exposing	10636
predominant	10637
logically	10638
clinicians	10639
tidal	10640
limestone	10641
familial	10642
listener	10643
homosexual	10644
kicking	10645
municipalities	10646
Corinthians	10647
persuasive	10648
erect	10649
flipped	10650
unpredictable	10651
folds	10652
Richards	10653
USDA	10654
anthropological	10655
motif	10656
textiles	10657
filtered	10658
Frankfurt	10659
straightened	10660
thirteenth	10661
brook	10662
royalty	10663
purification	10664
anemia	10665
reasoned	10666
ballot	10667
lineage	10668
poorer	10669
lance	10670
endogenous	10671
complaining	10672
dances	10673
recommends	10674
salts	10675
Gardner	10676
heavier	10677
sack	10678
tuning	10679
brake	10680
distinguishes	10681
spill	10682
endothelial	10683
examiner	10684
Prentice	10685
dielectric	10686
boiled	10687
irrespective	10688
drake	10689
fringe	10690
allegiance	10691
hub	10692
cooled	10693
Lanka	10694
modulus	10695
patronage	10696
picnic	10697
trademarks	10698
athlete	10699
periphery	10700
routines	10701
embryo	10702
meg	10703
ambitions	10704
nay	10705
throws	10706
tipped	10707
patted	10708
porous	10709
biomedical	10710
pleasing	10711
pathogens	10712
chuck	10713
contend	10714
Baldwin	10715
pesticides	10716
commencement	10717
Geoffrey	10718
agitation	10719
zip	10720
seminars	10721
oval	10722
horns	10723
reformed	10724
instincts	10725
inversion	10726
chronicles	10727
delegate	10728
memo	10729
involuntary	10730
outsiders	10731
whipped	10732
grinding	10733
gendered	10734
implicated	10735
canopy	10736
tribune	10737
nicely	10738
cautiously	10739
debated	10740
greet	10741
garments	10742
Sb	10743
miniature	10744
accreditation	10745
Mb	10746
irradiation	10747
panama	10748
flashing	10749
melancholy	10750
liquids	10751
bilingual	10752
Jackie	10753
fills	10754
recruit	10755
passport	10756
shrine	10757
highways	10758
facilitates	10759
slapped	10760
uncovered	10761
marines	10762
ideologies	10763
penetrate	10764
convex	10765
inspect	10766
emancipation	10767
discriminatory	10768
crystalline	10769
merge	10770
Yugoslavia	10771
patrons	10772
continual	10773
colorful	10774
motivations	10775
giants	10776
penis	10777
salient	10778
impatient	10779
volcanic	10780
knelt	10781
perimeter	10782
antique	10783
drafting	10784
transmitting	10785
converts	10786
inlet	10787
capturing	10788
communicative	10789
progressively	10790
flee	10791
Clarendon	10792
violently	10793
begging	10794
dotted	10795
doubtless	10796
hastily	10797
marijuana	10798
missiles	10799
ontological	10800
niche	10801
actress	10802
misconduct	10803
announce	10804
ecclesiastical	10805
interpreter	10806
pedagogy	10807
Truman	10808
toss	10809
nomination	10810
syntactic	10811
Jung	10812
Fletcher	10813
fireplace	10814
shipped	10815
clinics	10816
evenings	10817
Doug	10818
inquired	10819
restoring	10820
Io	10821
phosphorus	10822
Holt	10823
bury	10824
Ned	10825
sunk	10826
tasted	10827
piles	10828
noticeable	10829
bis	10830
reef	10831
authorize	10832
nova	10833
morocco	10834
loneliness	10835
om	10836
weeping	10837
beverages	10838
herb	10839
contour	10840
Ferguson	10841
murders	10842
illuminated	10843
stain	10844
xvi	10845
AZ	10846
tablespoon	10847
blankets	10848
contemporaries	10849
secrecy	10850
ant	10851
Lydia	10852
tang	10853
respecting	10854
petitions	10855
Myers	10856
comp	10857
synthesized	10858
Liz	10859
McCarthy	10860
awakening	10861
smells	10862
Chan	10863
biographical	10864
yuan	10865
arrays	10866
modal	10867
homosexuality	10868
landmark	10869
adjective	10870
requisite	10871
enriched	10872
prudent	10873
Dewey	10874
mosaic	10875
notorious	10876
billions	10877
dialect	10878
referenced	10879
prophetic	10880
mythology	10881
memorable	10882
gaming	10883
enlightened	10884
disbelief	10885
policeman	10886
openings	10887
Hayes	10888
fishery	10889
DOD	10890
alas	10891
nouns	10892
moonlight	10893
streaming	10894
supplemented	10895
pollutants	10896
dancers	10897
articulation	10898
suffers	10899
disadvantaged	10900
pills	10901
differed	10902
Coleman	10903
MW	10904
citations	10905
wrought	10906
broadband	10907
bubbles	10908
infinitely	10909
renowned	10910
proclamation	10911
kilometers	10912
Bryan	10913
alright	10914
torque	10915
dos	10916
nut	10917
balcony	10918
Apollo	10919
impedance	10920
snakes	10921
shalt	10922
parole	10923
intrusion	10924
overcoming	10925
upside	10926
dissent	10927
tucker	10928
SW	10929
sketches	10930
lemma	10931
grabbing	10932
assemblies	10933
LP	10934
hesitate	10935
sinus	10936
preferable	10937
closes	10938
vengeance	10939
mound	10940
Indonesian	10941
congestion	10942
glare	10943
liberalization	10944
kinetics	10945
submarine	10946
experimentation	10947
exposures	10948
urging	10949
marching	10950
noticing	10951
generalization	10952
nodding	10953
determinations	10954
amazon	10955
composites	10956
header	10957
cured	10958
peel	10959
infancy	10960
amounted	10961
Fischer	10962
catalytic	10963
Abby	10964
proudly	10965
spouses	10966
encryption	10967
cites	10968
supplying	10969
predecessor	10970
provoked	10971
atrial	10972
subscriber	10973
Cruz	10974
endeavor	10975
colonization	10976
insulation	10977
growled	10978
entertaining	10979
Sidney	10980
glossary	10981
interrupt	10982
exemptions	10983
reacted	10984
murderer	10985
Sebastian	10986
nobility	10987
diabetic	10988
honors	10989
enclosure	10990
Turks	10991
endurance	10992
Fraser	10993
possessing	10994
entitlement	10995
summarizes	10996
BS	10997
disputed	10998
manifold	10999
relay	11000
predicate	11001
coats	11002
outlets	11003
burdens	11004
suffice	11005
partisan	11006
reflex	11007
chasing	11008
teenager	11009
curvature	11010
carbohydrate	11011
sideways	11012
confinement	11013
subscribers	11014
planners	11015
repetitive	11016
Nepal	11017
Willie	11018
believer	11019
dove	11020
ivory	11021
dominion	11022
vinegar	11023
enhances	11024
sober	11025
Jerome	11026
Henri	11027
uranium	11028
turbine	11029
Patterson	11030
credentials	11031
disguise	11032
shrimp	11033
Methodist	11034
Reich	11035
warranty	11036
triangular	11037
swore	11038
paired	11039
allowable	11040
apex	11041
rumors	11042
declines	11043
nets	11044
mapped	11045
shores	11046
statistic	11047
embracing	11048
existential	11049
macroeconomic	11050
ounce	11051
vet	11052
ski	11053
pathological	11054
civilized	11055
needles	11056
whistle	11057
curb	11058
Tamil	11059
manages	11060
suspects	11061
advisers	11062
Ashley	11063
sticky	11064
hemorrhage	11065
bizarre	11066
sincerely	11067
Che	11068
raven	11069
forecasts	11070
incorporates	11071
tailored	11072
grandchildren	11073
conferred	11074
foregoing	11075
riches	11076
directives	11077
scholarships	11078
antitrust	11079
miners	11080
monarch	11081
resultant	11082
goodwill	11083
ounces	11084
studios	11085
traps	11086
heterogeneity	11087
diminish	11088
wander	11089
prominence	11090
tolerated	11091
casually	11092
warranted	11093
intensely	11094
unexpectedly	11095
thankful	11096
drafted	11097
uneven	11098
incumbent	11099
apprehension	11100
outright	11101
neuroscience	11102
disregard	11103
Edwin	11104
intensified	11105
Walsh	11106
diversion	11107
HTTP	11108
freshwater	11109
Roland	11110
collagen	11111
outfit	11112
distraction	11113
Vatican	11114
musician	11115
binds	11116
sampled	11117
particulars	11118
classify	11119
sanction	11120
harmless	11121
neuron	11122
bile	11123
oppressed	11124
stubborn	11125
nationally	11126
omission	11127
tapping	11128
curiously	11129
decorative	11130
fundamentals	11131
paperwork	11132
enlisted	11133
oceans	11134
hank	11135
allergic	11136
contemplated	11137
retrospective	11138
intangible	11139
lieu	11140
refund	11141
scarlet	11142
identifiable	11143
Elliott	11144
tearing	11145
calculus	11146
Pedro	11147
ante	11148
Kathleen	11149
almighty	11150
willow	11151
diving	11152
holiness	11153
fade	11154
instituted	11155
fights	11156
fetus	11157
undesirable	11158
ivy	11159
sh	11160
induces	11161
vaginal	11162
brightness	11163
handing	11164
refinement	11165
decoration	11166
leak	11167
cricket	11168
grapes	11169
promoter	11170
algebraic	11171
rand	11172
richer	11173
decimal	11174
fines	11175
alienation	11176
casino	11177
suburbs	11178
vaguely	11179
spa	11180
hereditary	11181
fortunes	11182
Herman	11183
acknowledgment	11184
Hague	11185
feeds	11186
tb	11187
lions	11188
measurable	11189
strode	11190
sponsors	11191
drums	11192
choir	11193
invaluable	11194
socks	11195
surgeons	11196
treasures	11197
someday	11198
unseen	11199
graphical	11200
abolition	11201
clad	11202
learns	11203
Gloria	11204
Rochester	11205
proposing	11206
extremes	11207
durable	11208
happier	11209
demise	11210
interrogation	11211
Yahweh	11212
altering	11213
crews	11214
anomalies	11215
youths	11216
align	11217
enjoys	11218
regain	11219
din	11220
scroll	11221
Marco	11222
fantasies	11223
instructors	11224
GAO	11225
iteration	11226
fascinated	11227
enrichment	11228
hairs	11229
lyrics	11230
crashed	11231
apologize	11232
preclude	11233
Julius	11234
chromosomes	11235
alternating	11236
froze	11237
boulevard	11238
owl	11239
intriguing	11240
fabrics	11241
Nina	11242
diaspora	11243
noteworthy	11244
mutant	11245
survivor	11246
constitutive	11247
pointer	11248
enlargement	11249
succeeding	11250
ovarian	11251
hardened	11252
inspections	11253
captures	11254
derivation	11255
triggers	11256
abuses	11257
translator	11258
executing	11259
abrupt	11260
adhere	11261
picks	11262
ethnographic	11263
swords	11264
welding	11265
Derrida	11266
eldest	11267
larvae	11268
Isabel	11269
pasta	11270
technician	11271
homicide	11272
tongues	11273
objected	11274
soy	11275
linkages	11276
manor	11277
mu	11278
Franco	11279
greatness	11280
Webb	11281
Adrian	11282
ditch	11283
revocation	11284
gazette	11285
scrap	11286
cube	11287
naive	11288
Finn	11289
feather	11290
tub	11291
brokers	11292
goats	11293
condemnation	11294
storing	11295
recourse	11296
hurting	11297
mandated	11298
entertain	11299
hopeless	11300
tentative	11301
empowered	11302
gum	11303
aromatic	11304
vitamins	11305
upheld	11306
weakly	11307
coffin	11308
thence	11309
northwestern	11310
Ella	11311
legends	11312
adversely	11313
influenza	11314
proverbs	11315
occurrences	11316
yelling	11317
asymmetric	11318
vertices	11319
byzantine	11320
monkeys	11321
leases	11322
necrosis	11323
drowned	11324
meadow	11325
greed	11326
dissolve	11327
clung	11328
sulfate	11329
astronomy	11330
glue	11331
thirst	11332
ballet	11333
marrying	11334
willingly	11335
retains	11336
navigate	11337
battered	11338
aisle	11339
lumber	11340
imprint	11341
novelty	11342
Strauss	11343
cowboy	11344
sequencing	11345
morals	11346
reinforcing	11347
preferably	11348
pilgrimage	11349
stainless	11350
stall	11351
statues	11352
offended	11353
chickens	11354
founders	11355
freedoms	11356
upgrade	11357
Stockholm	11358
processors	11359
bonded	11360
indictment	11361
cakes	11362
pins	11363
Sophia	11364
hardship	11365
Babylon	11366
intermittent	11367
compensated	11368
Nash	11369
slab	11370
anguish	11371
incidental	11372
quota	11373
pasture	11374
averages	11375
discern	11376
brightly	11377
frightening	11378
Nashville	11379
sands	11380
chromatography	11381
Teresa	11382
leakage	11383
estrogen	11384
rents	11385
virtuous	11386
maiden	11387
caves	11388
wasting	11389
Zimbabwe	11390
fragmented	11391
banana	11392
calf	11393
hourly	11394
lawsuit	11395
gracious	11396
populated	11397
concentrating	11398
inferred	11399
attracting	11400
accidentally	11401
spit	11402
noises	11403
cascade	11404
blurred	11405
erroneous	11406
rivals	11407
Venezuela	11408
frown	11409
thematic	11410
arousal	11411
ramp	11412
plastics	11413
myriad	11414
duplicate	11415
stunning	11416
surround	11417
Byron	11418
waiter	11419
crawled	11420
implements	11421
darkened	11422
terminals	11423
typing	11424
spreads	11425
suggestive	11426
tile	11427
eyebrow	11428
zoning	11429
apoptosis	11430
vowel	11431
inhabited	11432
preached	11433
spontaneously	11434
Stan	11435
morbidity	11436
investigative	11437
narrowly	11438
sublime	11439
stakeholder	11440
attractions	11441
Dana	11442
trusting	11443
nervously	11444
astonished	11445
cheer	11446
assassination	11447
pier	11448
odor	11449
proofs	11450
affirm	11451
agreeing	11452
builder	11453
awakened	11454
dislike	11455
substituting	11456
amen	11457
butterfly	11458
compilation	11459
unsure	11460
twisting	11461
neutron	11462
mitigate	11463
overtime	11464
invaded	11465
cos	11466
barley	11467
flowering	11468
thanksgiving	11469
gestured	11470
Sylvia	11471
formulations	11472
yo	11473
reconcile	11474
isolate	11475
abolished	11476
updating	11477
consequent	11478
reminding	11479
occupying	11480
apps	11481
uniforms	11482
accumulate	11483
keeper	11484
Clare	11485
whence	11486
clash	11487
riders	11488
hp	11489
Finnish	11490
grandson	11491
humiliation	11492
neuronal	11493
piled	11494
felony	11495
belle	11496
Eli	11497
appliances	11498
builders	11499
spike	11500
shuttle	11501
bald	11502
Wyoming	11503
budgetary	11504
hopeful	11505
PDF	11506
Roth	11507
neutrality	11508
sanders	11509
capsule	11510
invoke	11511
individualism	11512
comfortably	11513
regulator	11514
ascending	11515
observable	11516
Lauren	11517
lecturer	11518
turbulence	11519
maple	11520
inferences	11521
asserting	11522
simplify	11523
recurring	11524
microorganisms	11525
Melissa	11526
Pb	11527
sol	11528
averaging	11529
vanity	11530
Nile	11531
oxidative	11532
manually	11533
Megan	11534
accountant	11535
Eisenhower	11536
dictated	11537
disastrous	11538
Hansen	11539
arbor	11540
Shannon	11541
Mae	11542
Wendy	11543
heirs	11544
socialization	11545
airports	11546
Becker	11547
mitochondrial	11548
tolerant	11549
wary	11550
blended	11551
immortal	11552
edged	11553
mint	11554
obligated	11555
forged	11556
Hal	11557
sexes	11558
patriarchal	11559
utterance	11560
starch	11561
implying	11562
camping	11563
pluralism	11564
celebrating	11565
crafts	11566
pact	11567
scare	11568
implant	11569
Chester	11570
Ithaca	11571
Descartes	11572
sanitation	11573
evoked	11574
inflicted	11575
massacre	11576
devote	11577
repository	11578
Saunders	11579
satellites	11580
repertoire	11581
bricks	11582
epilepsy	11583
taller	11584
accomplishment	11585
excavation	11586
Rousseau	11587
trump	11588
Hugo	11589
Bulgaria	11590
rods	11591
overlooking	11592
comrades	11593
fluorescent	11594
skies	11595
endowed	11596
impacted	11597
rejects	11598
administering	11599
exquisite	11600
installations	11601
dickens	11602
platelet	11603
fashionable	11604
infect	11605
spectator	11606
indies	11607
bids	11608
reformers	11609
patriotic	11610
easiest	11611
accrued	11612
spared	11613
extracellular	11614
sf	11615
vigorously	11616
tendon	11617
icy	11618
justices	11619
competency	11620
liaison	11621
serpent	11622
pollen	11623
Nazis	11624
presiding	11625
pest	11626
teasing	11627
striving	11628
exhibitions	11629
tugged	11630
infarction	11631
accommodations	11632
telescope	11633
subsidiaries	11634
solitude	11635
stroked	11636
preach	11637
cycling	11638
Morton	11639
renders	11640
patiently	11641
grinning	11642
wears	11643
Eco	11644
Belgian	11645
Baltic	11646
mosque	11647
ammonia	11648
divergence	11649
galaxy	11650
tiles	11651
hegemony	11652
accessing	11653
stacked	11654
memoir	11655
pacing	11656
worksheet	11657
endorsement	11658
inscribed	11659
barrels	11660
Tm	11661
assigning	11662
prosperous	11663
diets	11664
chess	11665
Barrett	11666
ethic	11667
router	11668
arched	11669
electronically	11670
vanilla	11671
mortar	11672
Nora	11673
hardness	11674
pinch	11675
confirming	11676
reconsideration	11677
rescued	11678
foil	11679
vat	11680
objectivity	11681
optics	11682
uniformity	11683
infer	11684
bug	11685
nationals	11686
climatic	11687
singers	11688
Indianapolis	11689
donations	11690
torch	11691
proficiency	11692
hurts	11693
logo	11694
minimizing	11695
youthful	11696
unite	11697
brotherhood	11698
disturb	11699
revise	11700
purified	11701
bankers	11702
principals	11703
undermined	11704
validated	11705
exceedingly	11706
thoracic	11707
weaving	11708
adversary	11709
upcoming	11710
spectators	11711
floated	11712
divinity	11713
Giovanni	11714
cartilage	11715
GIs	11716
fraudulent	11717
medicinal	11718
ropes	11719
Leiden	11720
cedar	11721
removes	11722
celestial	11723
inspiring	11724
hooked	11725
guideline	11726
countenance	11727
mater	11728
cylindrical	11729
instruct	11730
knots	11731
technicians	11732
marina	11733
circus	11734
Alberta	11735
Bosnia	11736
litter	11737
prescribe	11738
goose	11739
symptomatic	11740
redundant	11741
kills	11742
discouraged	11743
swap	11744
cod	11745
entrepreneur	11746
Edith	11747
intervening	11748
interviewing	11749
clarification	11750
installing	11751
tents	11752
abusive	11753
shortcomings	11754
constable	11755
pancreatic	11756
Jacobs	11757
Ernst	11758
pictured	11759
affirmation	11760
twilight	11761
Linux	11762
awesome	11763
worm	11764
illicit	11765
ancestral	11766
Kirk	11767
bullying	11768
quartz	11769
ministerial	11770
API	11771
pane	11772
diversification	11773
launching	11774
neonatal	11775
Shelley	11776
safeguard	11777
betrayal	11778
infinity	11779
wedge	11780
dire	11781
recalling	11782
Rita	11783
Barcelona	11784
tapes	11785
plunged	11786
wretched	11787
softened	11788
informing	11789
sorted	11790
inscriptions	11791
Brunswick	11792
effected	11793
Manuel	11794
shields	11795
Horace	11796
elaborated	11797
angrily	11798
collectors	11799
undergone	11800
digits	11801
dopamine	11802
sewing	11803
laborers	11804
caregivers	11805
complication	11806
lastly	11807
Charleston	11808
Glenn	11809
meaningless	11810
Boyd	11811
DAT	11812
exported	11813
Castro	11814
Franz	11815
scary	11816
plantations	11817
Cynthia	11818
complexities	11819
cans	11820
contours	11821
trajectories	11822
atop	11823
airborne	11824
fiery	11825
phenotype	11826
carbonate	11827
vine	11828
Paula	11829
resection	11830
Nicole	11831
doomed	11832
ubiquitous	11833
fertilizer	11834
tires	11835
psychosocial	11836
DJ	11837
indebted	11838
lymphoma	11839
embodiment	11840
parity	11841
supremacy	11842
inactive	11843
causation	11844
coatings	11845
Tanzania	11846
watts	11847
insecurity	11848
resides	11849
sermons	11850
accusations	11851
cancellation	11852
whiskey	11853
coercion	11854
morale	11855
rip	11856
Stella	11857
leasing	11858
Syrian	11859
barber	11860
squared	11861
sailor	11862
inexpensive	11863
confronting	11864
piety	11865
exceptionally	11866
escaping	11867
cleavage	11868
glen	11869
vitality	11870
fabricated	11871
Shirley	11872
psychoanalytic	11873
predecessors	11874
informative	11875
emitted	11876
comforting	11877
Cambodia	11878
vertically	11879
clinician	11880
wrapping	11881
mentioning	11882
excludes	11883
ark	11884
contemplation	11885
cookie	11886
encoded	11887
embarrassing	11888
Israelites	11889
Jupiter	11890
tempting	11891
bail	11892
Penn	11893
punitive	11894
Copenhagen	11895
modernism	11896
recorder	11897
Nobel	11898
contends	11899
tracts	11900
bitterness	11901
gore	11902
sparks	11903
commandments	11904
Rhode	11905
outlays	11906
discrepancy	11907
aperture	11908
inventories	11909
reversible	11910
guild	11911
mushrooms	11912
fats	11913
snatched	11914
rectangle	11915
Travis	11916
robots	11917
bitterly	11918
gill	11919
modem	11920
forfeiture	11921
saline	11922
CDs	11923
frog	11924
manipulated	11925
contacting	11926
Nate	11927
exams	11928
aura	11929
CV	11930
kitty	11931
alphabet	11932
CDC	11933
fascination	11934
locating	11935
mole	11936
reminiscent	11937
stretches	11938
syrup	11939
proponents	11940
classifications	11941
protections	11942
assemble	11943
floods	11944
initiating	11945
retinal	11946
ceramics	11947
scrambled	11948
Mia	11949
elbows	11950
imbalance	11951
penetrating	11952
selections	11953
LAN	11954
knowledgeable	11955
legislators	11956
Caleb	11957
alarmed	11958
wheeler	11959
staged	11960
cis	11961
mediator	11962
endowment	11963
cultured	11964
accelerate	11965
posters	11966
engineered	11967
modernist	11968
Warsaw	11969
tomography	11970
fastest	11971
cultivate	11972
yarn	11973
pickup	11974
repeal	11975
lingering	11976
galleries	11977
scenery	11978
dump	11979
Tibetan	11980
magnet	11981
Brady	11982
Dixon	11983
biases	11984
librarian	11985
sucking	11986
shaded	11987
Hoffman	11988
peeled	11989
cooler	11990
relocation	11991
amplification	11992
Guatemala	11993
adjoining	11994
templates	11995
hosted	11996
periodicals	11997
Agnes	11998
biting	11999
biochemistry	12000
destinations	12001
selves	12002
anatomical	12003
riots	12004
selfie	12005
unfolding	12006
Schneider	12007
Allison	12008
fishes	12009
Wilhelm	12010
concession	12011
randy	12012
scars	12013
grill	12014
peptides	12015
clerical	12016
tails	12017
reconstructed	12018
plurality	12019
optimized	12020
winners	12021
turmoil	12022
mustard	12023
vaccines	12024
rally	12025
commonplace	12026
contrasted	12027
interruption	12028
greens	12029
experimentally	12030
reuse	12031
generators	12032
shocking	12033
dancer	12034
welcoming	12035
democracies	12036
breakthrough	12037
seafood	12038
competitor	12039
leukemia	12040
encompasses	12041
pets	12042
Prague	12043
chronological	12044
Jul	12045
transforms	12046
spilled	12047
riot	12048
folly	12049
circulated	12050
vent	12051
scatter	12052
Evelyn	12053
Augustus	12054
Ty	12055
Cicero	12056
temperament	12057
shipment	12058
headings	12059
KS	12060
paved	12061
paradigms	12062
admitting	12063
symbolism	12064
fictitious	12065
detrimental	12066
suffrage	12067
progressed	12068
roared	12069
underwent	12070
syllable	12071
sacrificed	12072
pill	12073
inquire	12074
submitting	12075
transmitter	12076
Brandon	12077
ache	12078
blindness	12079
NH	12080
tonnes	12081
roller	12082
expired	12083
folklore	12084
obsolete	12085
presses	12086
repaired	12087
censorship	12088
stressful	12089
railways	12090
intestine	12091
twitter	12092
donation	12093
Evan	12094
intimately	12095
Bombay	12096
Vera	12097
rhythms	12098
endemic	12099
guru	12100
harvested	12101
Val	12102
anchored	12103
Orlando	12104
lanes	12105
rotor	12106
counselors	12107
apparel	12108
resisting	12109
violating	12110
diligence	12111
vibrant	12112
impress	12113
teddy	12114
nominated	12115
resembled	12116
trader	12117
luggage	12118
arranging	12119
predators	12120
sued	12121
leased	12122
halted	12123
bred	12124
Stephanie	12125
haste	12126
frontiers	12127
sandwiches	12128
mergers	12129
denies	12130
pedagogical	12131
highlighting	12132
bathing	12133
rifles	12134
ether	12135
adaptations	12136
elusive	12137
mammalian	12138
constituting	12139
dispose	12140
womb	12141
stationed	12142
savior	12143
repeats	12144
Tracy	12145
abbreviations	12146
democrat	12147
sparse	12148
probes	12149
intricate	12150
creed	12151
longed	12152
invites	12153
Beverly	12154
entertained	12155
mug	12156
devoid	12157
cessation	12158
ere	12159
referendum	12160
enforcing	12161
viz	12162
entail	12163
flourish	12164
correlates	12165
protagonist	12166
gravitational	12167
widening	12168
auditors	12169
hockey	12170
adrenal	12171
knives	12172
orthogonal	12173
behaved	12174
runner	12175
peg	12176
Catholicism	12177
depressive	12178
shouts	12179
environmentally	12180
worms	12181
lodging	12182
spaced	12183
seminary	12184
favors	12185
ancestor	12186
renew	12187
flank	12188
Weiss	12189
scout	12190
zoo	12191
swell	12192
climax	12193
ensuing	12194
avail	12195
catastrophe	12196
nitrate	12197
predictor	12198
Ellie	12199
southwestern	12200
disciple	12201
niece	12202
warmed	12203
obsession	12204
configured	12205
chord	12206
fungal	12207
pituitary	12208
Negroes	12209
queens	12210
Scots	12211
til	12212
bowls	12213
wheelchair	12214
practicable	12215
troop	12216
brandy	12217
exerted	12218
anytime	12219
surrendered	12220
augmented	12221
reckon	12222
terrifying	12223
friendships	12224
pirates	12225
mast	12226
dusk	12227
dislocation	12228
rewarding	12229
wording	12230
roast	12231
clicked	12232
microphone	12233
lithium	12234
seniors	12235
faculties	12236
Walt	12237
pious	12238
mortgages	12239
simulate	12240
locking	12241
cereal	12242
glances	12243
velocities	12244
gal	12245
Essex	12246
thereto	12247
Hg	12248
adequacy	12249
muddy	12250
rides	12251
richness	12252
baggage	12253
reverence	12254
directs	12255
crawl	12256
motivate	12257
Elijah	12258
mentoring	12259
fruitful	12260
topped	12261
electrolyte	12262
catastrophic	12263
evaporation	12264
industrialization	12265
arbitrator	12266
remnants	12267
quadratic	12268
voiced	12269
advisors	12270
translating	12271
Stevenson	12272
politely	12273
programmed	12274
instinctively	12275
divides	12276
Milwaukee	12277
correspondent	12278
Wong	12279
perfume	12280
Goodman	12281
promotional	12282
liking	12283
stout	12284
foliage	12285
monsters	12286
isle	12287
configure	12288
thrilled	12289
beacon	12290
heterosexual	12291
inhibited	12292
dessert	12293
choked	12294
emergencies	12295
incision	12296
informs	12297
concerts	12298
Norfolk	12299
revolutions	12300
standardization	12301
fearing	12302
joins	12303
mattress	12304
Kane	12305
turtle	12306
specialization	12307
spends	12308
skeptical	12309
occupies	12310
astonishing	12311
inspected	12312
Jessie	12313
shakes	12314
tensor	12315
seriousness	12316
plaster	12317
Kathy	12318
suspicions	12319
exemplified	12320
Calcutta	12321
disappearing	12322
tyranny	12323
sewage	12324
interplay	12325
empirically	12326
sap	12327
bulb	12328
unanimous	12329
Garrett	12330
multiplicity	12331
discounts	12332
Bruno	12333
delivers	12334
psyche	12335
throughput	12336
motioned	12337
Armenian	12338
kidding	12339
auditing	12340
retreated	12341
parsons	12342
Carrie	12343
digestion	12344
beverage	12345
warrants	12346
Rn	12347
posting	12348
leaped	12349
smashed	12350
fishermen	12351
submissions	12352
firearms	12353
vernacular	12354
forge	12355
billing	12356
pinned	12357
ale	12358
rib	12359
Dee	12360
hearted	12361
Fitzgerald	12362
woodland	12363
separates	12364
wellington	12365
barracks	12366
Lancaster	12367
aggregates	12368
cyber	12369
shoots	12370
methane	12371
reprint	12372
momentarily	12373
insisting	12374
epistemic	12375
Jensen	12376
trembled	12377
Irene	12378
safeguards	12379
charcoal	12380
hail	12381
kingdoms	12382
Rh	12383
admissible	12384
Kurt	12385
audits	12386
cellar	12387
tho	12388
unification	12389
scalar	12390
inverted	12391
whispering	12392
aforementioned	12393
lighted	12394
Natalie	12395
delinquency	12396
ascribed	12397
fibrosis	12398
Lopez	12399
cosmos	12400
gangs	12401
layered	12402
lever	12403
amplifier	12404
extremity	12405
lobbying	12406
sparkling	12407
tortured	12408
reportedly	12409
predicts	12410
accorded	12411
Salvador	12412
Amelia	12413
Naples	12414
DP	12415
distressed	12416
paced	12417
meadows	12418
endocrine	12419
impending	12420
Jehovah	12421
homo	12422
depiction	12423
Williamson	12424
sleeves	12425
soviets	12426
staffing	12427
horizons	12428
allocate	12429
courtroom	12430
recollection	12431
plaque	12432
afghan	12433
tuned	12434
cinnamon	12435
prestigious	12436
digestive	12437
summers	12438
gale	12439
Burma	12440
ragged	12441
adapting	12442
fasting	12443
graceful	12444
crap	12445
alkaline	12446
disappears	12447
preschool	12448
Clifford	12449
extant	12450
motifs	12451
perennial	12452
championship	12453
allergy	12454
breaths	12455
hare	12456
flint	12457
encompass	12458
Miguel	12459
Dawson	12460
thine	12461
tracked	12462
typed	12463
repayment	12464
wrists	12465
elicit	12466
hymn	12467
harness	12468
icons	12469
prerequisite	12470
etiology	12471
screams	12472
applause	12473
inertia	12474
hose	12475
rabbits	12476
bedside	12477
Midwest	12478
orientations	12479
underwater	12480
advantageous	12481
ventral	12482
forgiven	12483
withstand	12484
oppressive	12485
jurisprudence	12486
crushing	12487
incubation	12488
hoover	12489
Elaine	12490
runoff	12491
Helena	12492
teased	12493
educator	12494
imposes	12495
pharaoh	12496
Doyle	12497
Luxembourg	12498
oddly	12499
awoke	12500
haul	12501
jade	12502
southeastern	12503
superb	12504
restrained	12505
emptiness	12506
grandpa	12507
detectors	12508
depot	12509
Putnam	12510
ethos	12511
rite	12512
dipped	12513
reckless	12514
sway	12515
Trevor	12516
stray	12517
org	12518
startling	12519
handkerchief	12520
dripping	12521
unfinished	12522
relaxing	12523
defenders	12524
offending	12525
dealings	12526
planetary	12527
swan	12528
mumbled	12529
formative	12530
distributor	12531
priced	12532
Canadians	12533
amusing	12534
proactive	12535
surf	12536
directional	12537
disciplined	12538
polls	12539
theologians	12540
ignition	12541
pits	12542
instrumentation	12543
tilt	12544
strata	12545
agreeable	12546
scenic	12547
intercept	12548
railroads	12549
mating	12550
Serbia	12551
staining	12552
disclosures	12553
vibrations	12554
astonishment	12555
drifting	12556
tick	12557
junk	12558
painfully	12559
somatic	12560
ranger	12561
delegated	12562
chronology	12563
slowing	12564
dispatch	12565
Haiti	12566
ADHD	12567
manila	12568
ceremonial	12569
suck	12570
Hebrews	12571
GP	12572
tutor	12573
mare	12574
stamped	12575
expelled	12576
Knox	12577
Toby	12578
bamboo	12579
abide	12580
cork	12581
backbone	12582
lays	12583
epistemological	12584
mates	12585
Saddam	12586
dumped	12587
Memphis	12588
reciprocity	12589
flown	12590
pike	12591
clerks	12592
brace	12593
photocopying	12594
filtration	12595
workload	12596
intermediary	12597
stature	12598
novelist	12599
vaccination	12600
exemplary	12601
declarations	12602
Parkinson	12603
revived	12604
decedent	12605
thrive	12606
Kuwait	12607
sufficiency	12608
Springfield	12609
revisited	12610
prohibits	12611
Doppler	12612
orient	12613
hamburg	12614
dodge	12615
rotate	12616
apartheid	12617
brackets	12618
solubility	12619
Vernon	12620
rocking	12621
hiking	12622
affidavit	12623
evacuation	12624
slate	12625
Rex	12626
zeal	12627
Iceland	12628
punched	12629
sweetheart	12630
carbohydrates	12631
disparate	12632
depicting	12633
Barton	12634
entrusted	12635
jurors	12636
Savannah	12637
directorate	12638
GB	12639
inducing	12640
descend	12641
aspirin	12642
postcolonial	12643
aristocratic	12644
seating	12645
Dominican	12646
dissection	12647
Gideon	12648
fiercely	12649
arid	12650
deductible	12651
Lexington	12652
Mel	12653
cleaner	12654
divergent	12655
stenosis	12656
malicious	12657
dilemmas	12658
lymphocytes	12659
lottery	12660
categorical	12661
telegram	12662
Clayton	12663
rosemary	12664
legion	12665
dissociation	12666
wallet	12667
compel	12668
avoids	12669
archer	12670
reclamation	12671
concise	12672
validate	12673
interviewer	12674
Ming	12675
puppy	12676
pesticide	12677
remedial	12678
Pauline	12679
Jess	12680
maturation	12681
rethinking	12682
AK	12683
staggered	12684
unavailable	12685
Miriam	12686
coincide	12687
translates	12688
tighter	12689
scaled	12690
luckily	12691
Presbyterian	12692
ordained	12693
individuality	12694
corridors	12695
undue	12696
draped	12697
containment	12698
inaccurate	12699
publishes	12700
restricting	12701
gloom	12702
buzz	12703
UNESCO	12704
notch	12705
worldview	12706
respiration	12707
outsider	12708
arrogant	12709
outpatient	12710
chewing	12711
corporal	12712
disruptive	12713
Constantinople	12714
whispers	12715
respectful	12716
attachments	12717
protestants	12718
resembling	12719
warmer	12720
nods	12721
Trent	12722
rhythmic	12723
fingertips	12724
Hawaiian	12725
chad	12726
stigma	12727
sweating	12728
cocoa	12729
barker	12730
inhibits	12731
embryonic	12732
clarified	12733
misuse	12734
skins	12735
scarcity	12736
absorbing	12737
realist	12738
wept	12739
Bloomington	12740
erection	12741
modalities	12742
onward	12743
attribution	12744
pushes	12745
Salem	12746
Berger	12747
owning	12748
synagogue	12749
preview	12750
thieves	12751
propensity	12752
outsourcing	12753
anthology	12754
thresholds	12755
motel	12756
fieldwork	12757
agitated	12758
knit	12759
Preston	12760
Randall	12761
deterministic	12762
accredited	12763
canoe	12764
licked	12765
covert	12766
stricken	12767
indefinite	12768
conquer	12769
heroin	12770
backyard	12771
tournament	12772
boolean	12773
inhibitory	12774
Carnegie	12775
clinging	12776
Taliban	12777
acetate	12778
assertions	12779
performer	12780
painters	12781
Benedict	12782
antigens	12783
oi	12784
footing	12785
abstracts	12786
impetus	12787
successors	12788
Egyptians	12789
transcendental	12790
careless	12791
deploy	12792
finer	12793
banker	12794
redistribution	12795
realms	12796
deletion	12797
ligament	12798
brushing	12799
woody	12800
uniqueness	12801
Ahmed	12802
thrill	12803
pornography	12804
rivalry	12805
violin	12806
oblique	12807
Bella	12808
repay	12809
Vt	12810
axe	12811
blur	12812
Carr	12813
Chloe	12814
fostering	12815
unnatural	12816
disparities	12817
experiential	12818
topography	12819
embryos	12820
wreck	12821
amazement	12822
expands	12823
trailing	12824
briefing	12825
probabilistic	12826
misunderstanding	12827
Ida	12828
pitcher	12829
roasted	12830
Phillip	12831
grading	12832
cigar	12833
doth	12834
commentaries	12835
excuses	12836
donated	12837
Huntington	12838
attentive	12839
yearbook	12840
detained	12841
urges	12842
strait	12843
suspend	12844
preoccupied	12845
Rhodes	12846
Howe	12847
kidneys	12848
totality	12849
trillion	12850
predictors	12851
unconditional	12852
uterine	12853
inhaled	12854
correlate	12855
repentance	12856
accusation	12857
Isabella	12858
residing	12859
snack	12860
manning	12861
adhesive	12862
taxed	12863
threatens	12864
diagnoses	12865
Nigerian	12866
tar	12867
desperation	12868
Tina	12869
duchess	12870
incarnation	12871
infiltration	12872
steer	12873
syndromes	12874
Rodriguez	12875
Algeria	12876
backdrop	12877
jewels	12878
awaited	12879
deliberation	12880
undertook	12881
berg	12882
paralysis	12883
piercing	12884
agendas	12885
dumping	12886
swamp	12887
babe	12888
footage	12889
compliment	12890
compose	12891
pronoun	12892
catches	12893
Addison	12894
Kyoto	12895
witches	12896
inefficient	12897
Marilyn	12898
needless	12899
departmental	12900
announcing	12901
spices	12902
withheld	12903
highlands	12904
defiance	12905
Irving	12906
Perkins	12907
yer	12908
patriotism	12909
persona	12910
countess	12911
degraded	12912
fermentation	12913
Bach	12914
instantaneous	12915
feminists	12916
distrust	12917
journeys	12918
rains	12919
timeline	12920
sensibility	12921
Matthews	12922
weaver	12923
Aquinas	12924
casualty	12925
chased	12926
Yorkshire	12927
intently	12928
distributors	12929
originate	12930
grape	12931
regimen	12932
sac	12933
femoral	12934
steak	12935
sender	12936
restitution	12937
questionnaires	12938
algae	12939
presume	12940
compounded	12941
magistrates	12942
Polly	12943
joey	12944
workings	12945
Wittgenstein	12946
Brooke	12947
wired	12948
Kashmir	12949
slit	12950
skirts	12951
elaboration	12952
engages	12953
receivable	12954
blending	12955
robes	12956
obeyed	12957
permissions	12958
receptive	12959
attic	12960
diploma	12961
Ezra	12962
ventured	12963
Martinez	12964
multiplying	12965
subscriptions	12966
interdependence	12967
perched	12968
snorted	12969
moaned	12970
shortest	12971
Percy	12972
curls	12973
bolts	12974
automobiles	12975
rotational	12976
landowners	12977
attenuation	12978
Amos	12979
envisioned	12980
celebrations	12981
ware	12982
neurology	12983
insider	12984
Sacramento	12985
irritated	12986
discourage	12987
phenomenology	12988
Wei	12989
bosom	12990
Santiago	12991
depict	12992
planar	12993
summons	12994
soothing	12995
valentine	12996
Palestinians	12997
remembrance	12998
quarrel	12999
responsiveness	13000
barren	13001
JD	13002
Marxism	13003
negation	13004
scratched	13005
dissatisfaction	13006
pumped	13007
northeastern	13008
lifts	13009
Randolph	13010
ecstasy	13011
kaiser	13012
catalysts	13013
artwork	13014
alleviate	13015
hardest	13016
clutching	13017
provoke	13018
sheila	13019
twenties	13020
sigma	13021
fastened	13022
scans	13023
realizes	13024
ordination	13025
ashore	13026
grasping	13027
optimize	13028
conceded	13029
brows	13030
policymakers	13031
confer	13032
Dunn	13033
cosmopolitan	13034
degeneration	13035
handicapped	13036
impossibility	13037
convent	13038
GHz	13039
Tate	13040
hierarchies	13041
opium	13042
lasts	13043
baptized	13044
printers	13045
seekers	13046
arisen	13047
assays	13048
gentiles	13049
pivotal	13050
CPU	13051
Nam	13052
tempered	13053
unmarried	13054
ATM	13055
crab	13056
preferential	13057
Celtic	13058
disks	13059
fused	13060
Hastings	13061
uterus	13062
blockade	13063
jerk	13064
hazel	13065
hissed	13066
agrarian	13067
solvents	13068
recognizable	13069
ankles	13070
tangled	13071
guardians	13072
diaries	13073
anomaly	13074
disrupt	13075
colonists	13076
stamps	13077
Peggy	13078
manpower	13079
dent	13080
tunnels	13081
plight	13082
victories	13083
sunrise	13084
butcher	13085
greenwood	13086
reactivity	13087
bony	13088
amorphous	13089
defender	13090
gigantic	13091
mart	13092
underway	13093
solicitor	13094
brighter	13095
sentimental	13096
lenders	13097
bust	13098
deputies	13099
dictate	13100
recruits	13101
labs	13102
bearings	13103
dilution	13104
exhaustive	13105
peanut	13106
rejoice	13107
phantom	13108
stringent	13109
correctional	13110
jewel	13111
xvii	13112
occupancy	13113
Shane	13114
Mitch	13115
steward	13116
Mackenzie	13117
liquidation	13118
salon	13119
lancet	13120
selectivity	13121
roofs	13122
Levine	13123
cleansing	13124
hale	13125
dams	13126
externally	13127
trainer	13128
bugs	13129
dwellings	13130
constituency	13131
rouge	13132
cation	13133
cad	13134
ratification	13135
spur	13136
cataloging	13137
inventions	13138
emigration	13139
acidic	13140
worthless	13141
mod	13142
herbal	13143
yin	13144
prohibiting	13145
condensed	13146
immersed	13147
retaliation	13148
ants	13149
dummy	13150
misfortune	13151
compassionate	13152
cardboard	13153
costing	13154
discriminate	13155
downs	13156
livelihood	13157
deter	13158
nobles	13159
Lambert	13160
clutched	13161
causality	13162
correcting	13163
characterizes	13164
quicker	13165
erupted	13166
iterative	13167
vines	13168
Baghdad	13169
RR	13170
suitcase	13171
Roma	13172
Christina	13173
sincerity	13174
hike	13175
stitch	13176
rap	13177
genera	13178
Tibet	13179
archaic	13180
spells	13181
claws	13182
metadata	13183
cranial	13184
composers	13185
encompassing	13186
wiping	13187
shrink	13188
inspectors	13189
informational	13190
opted	13191
sheath	13192
bundles	13193
Queensland	13194
inmate	13195
completeness	13196
statewide	13197
pathetic	13198
factions	13199
parting	13200
flawed	13201
epistemology	13202
shuddered	13203
crimson	13204
Sinclair	13205
determinant	13206
Mack	13207
cartoon	13208
prehistoric	13209
habitual	13210
mailed	13211
motivational	13212
forearm	13213
expended	13214
maneuver	13215
signifies	13216
outrage	13217
crusade	13218
circled	13219
nipples	13220
bout	13221
papal	13222
clement	13223
cocktail	13224
rehearsal	13225
triangles	13226
testosterone	13227
cellulose	13228
greedy	13229
parametric	13230
disposable	13231
motorcycle	13232
roaring	13233
pilgrims	13234
likeness	13235
NRC	13236
clasped	13237
handler	13238
belts	13239
JP	13240
Alison	13241
shivered	13242
fools	13243
dwarf	13244
Kerry	13245
evils	13246
carotid	13247
Carolyn	13248
spiritually	13249
Italians	13250
authorizing	13251
Goldman	13252
echoing	13253
slack	13254
groom	13255
Thames	13256
subgroup	13257
outdoors	13258
Keller	13259
Libya	13260
admittedly	13261
costumes	13262
stokes	13263
powerless	13264
intern	13265
subtitle	13266
atypical	13267
Tara	13268
germ	13269
wavelengths	13270
FAA	13271
complied	13272
miraculous	13273
earthquakes	13274
Ezekiel	13275
limp	13276
mentality	13277
gloomy	13278
futile	13279
psychiatrist	13280
lantern	13281
verge	13282
seminal	13283
chamberlain	13284
symmetrical	13285
incidentally	13286
heed	13287
rusty	13288
observational	13289
Willis	13290
wetland	13291
spice	13292
entirety	13293
fascist	13294
polarized	13295
reunion	13296
fanny	13297
hem	13298
pal	13299
overweight	13300
Ukrainian	13301
lexis	13302
storytelling	13303
Whitney	13304
mandates	13305
categorized	13306
nuns	13307
Connie	13308
drunken	13309
boiler	13310
controllers	13311
knowingly	13312
unrest	13313
militant	13314
xviii	13315
diminishing	13316
allocations	13317
dialogues	13318
tavern	13319
basins	13320
inherit	13321
wan	13322
vista	13323
everlasting	13324
starving	13325
taxonomy	13326
doubling	13327
Erik	13328
filthy	13329
annotated	13330
modular	13331
lofty	13332
trio	13333
Jonah	13334
computerized	13335
affiliates	13336
Oakland	13337
concomitant	13338
nostrils	13339
headline	13340
poorest	13341
ling	13342
enact	13343
peas	13344
USD	13345
sanitary	13346
moody	13347
saves	13348
contemplate	13349
flaws	13350
Kb	13351
sweater	13352
Cecil	13353
obtains	13354
disparity	13355
RP	13356
condemn	13357
heartbeat	13358
gait	13359
quantify	13360
Mario	13361
owes	13362
headaches	13363
Philippine	13364
salvage	13365
Hyde	13366
Hussein	13367
skinny	13368
sixties	13369
inception	13370
researching	13371
orgasm	13372
suicidal	13373
conjecture	13374
unitary	13375
liberated	13376
pioneers	13377
orthodoxy	13378
hearth	13379
Samantha	13380
Lenin	13381
packs	13382
orally	13383
substitutes	13384
skepticism	13385
Erin	13386
reassuring	13387
excavations	13388
clips	13389
wrestling	13390
playground	13391
underwear	13392
nuisance	13393
swallowing	13394
fridge	13395
motionless	13396
phonological	13397
multivariate	13398
Pamela	13399
berries	13400
recycled	13401
overlook	13402
dubious	13403
discharges	13404
orchard	13405
pierced	13406
Lizzie	13407
fauna	13408
Beatrice	13409
transcripts	13410
heuristic	13411
arrests	13412
Hawkins	13413
asymmetry	13414
feeble	13415
frantic	13416
Bryant	13417
nun	13418
Cb	13419
crashing	13420
traveler	13421
monstrous	13422
stipulated	13423
ignores	13424
pamphlet	13425
projecting	13426
economical	13427
nap	13428
Suzanne	13429
necklace	13430
unconsciously	13431
Lisbon	13432
crawling	13433
maze	13434
sleepy	13435
cunning	13436
precedence	13437
rug	13438
perfusion	13439
walled	13440
stripes	13441
epithelium	13442
curry	13443
enjoyable	13444
saith	13445
folders	13446
rum	13447
stabilized	13448
regulates	13449
aerospace	13450
yell	13451
Sheffield	13452
shark	13453
Nan	13454
denominator	13455
Cassie	13456
shortages	13457
explosives	13458
sanctioned	13459
raids	13460
rebuilding	13461
segregated	13462
decidedly	13463
ratified	13464
hauled	13465
bait	13466
daytime	13467
prefers	13468
stabilize	13469
volunteered	13470
prejudices	13471
disguised	13472
refining	13473
insanity	13474
registrar	13475
grievance	13476
bursting	13477
conducive	13478
equivalents	13479
Leah	13480
Cunningham	13481
synonymous	13482
jasper	13483
rotten	13484
exporting	13485
soybean	13486
pharmaceuticals	13487
hector	13488
grease	13489
amplified	13490
Rwanda	13491
conserved	13492
crooked	13493
ischemia	13494
slap	13495
immersion	13496
Lutheran	13497
wee	13498
creeping	13499
interfering	13500
admirable	13501
prep	13502
oxides	13503
broth	13504
fabulous	13505
hooks	13506
gamble	13507
pioneering	13508
uprising	13509
oceanic	13510
reins	13511
diluted	13512
disapproval	13513
consul	13514
mister	13515
clothed	13516
laurel	13517
corollary	13518
wisely	13519
affiliate	13520
reflexive	13521
phosphorylation	13522
tubular	13523
CBS	13524
needy	13525
Mayer	13526
grasses	13527
hydrolysis	13528
envisaged	13529
Barth	13530
illustrating	13531
trenches	13532
starvation	13533
sinful	13534
kindergarten	13535
dispositions	13536
foreword	13537
marginalized	13538
adjectives	13539
Punjab	13540
Rosie	13541
asbestos	13542
jaws	13543
shrubs	13544
toxins	13545
sensual	13546
submerged	13547
condensation	13548
Benson	13549
visualize	13550
mundane	13551
Naomi	13552
scalp	13553
radiant	13554
Armour	13555
signify	13556
manufactures	13557
elemental	13558
prefix	13559
ethnography	13560
Gould	13561
lunar	13562
genital	13563
retardation	13564
robbed	13565
buys	13566
immature	13567
strife	13568
temperate	13569
anxieties	13570
bites	13571
manuals	13572
monumental	13573
hinder	13574
metastatic	13575
immortality	13576
platinum	13577
Payne	13578
alt	13579
indexed	13580
stranded	13581
tempo	13582
treason	13583
anxiously	13584
Lyon	13585
currencies	13586
serotonin	13587
wrongful	13588
troubling	13589
glove	13590
drowning	13591
leapt	13592
foreground	13593
Brenda	13594
rot	13595
grievances	13596
recombination	13597
rainy	13598
Eliza	13599
pediatrics	13600
gallons	13601
advertised	13602
fractional	13603
oscillations	13604
Elliot	13605
mindful	13606
preserves	13607
IQ	13608
titanium	13609
exploiting	13610
dagger	13611
pissed	13612
merging	13613
accountants	13614
interconnected	13615
flattened	13616
Vic	13617
Cain	13618
unused	13619
hmm	13620
structuring	13621
contributor	13622
drastic	13623
Ky	13624
trailed	13625
aching	13626
consultations	13627
insurers	13628
kneeling	13629
macrophages	13630
lasers	13631
Lindsay	13632
toxin	13633
blackness	13634
viking	13635
obsessed	13636
ox	13637
witchcraft	13638
rails	13639
trumpet	13640
rebuild	13641
Hampton	13642
rust	13643
devise	13644
sprinkle	13645
Pam	13646
hunted	13647
synchronization	13648
ascent	13649
wagons	13650
tailor	13651
relapse	13652
crouched	13653
slain	13654
Croatia	13655
tying	13656
Bayesian	13657
scouts	13658
Carmen	13659
classmates	13660
amending	13661
irreversible	13662
sclerosis	13663
predetermined	13664
Buchanan	13665
facets	13666
jumps	13667
stockholders	13668
portfolios	13669
dynamical	13670
selectively	13671
deceived	13672
slippery	13673
chores	13674
pads	13675
Romanian	13676
escorted	13677
Bonnie	13678
mickey	13679
offs	13680
flats	13681
steroids	13682
charismatic	13683
formatting	13684
locker	13685
tending	13686
aw	13687
indignation	13688
Dover	13689
supermarket	13690
preparedness	13691
badge	13692
veto	13693
compiler	13694
peering	13695
Constantine	13696
groove	13697
sting	13698
summed	13699
rugged	13700
paradoxical	13701
hides	13702
humankind	13703
primer	13704
dialysis	13705
highland	13706
awhile	13707
cutaneous	13708
aide	13709
probate	13710
tactic	13711
canned	13712
educating	13713
oncology	13714
Forbes	13715
keyword	13716
GPA	13717
implants	13718
disrupted	13719
industrialized	13720
workflow	13721
dissenting	13722
monastic	13723
controversies	13724
promulgated	13725
ridden	13726
stride	13727
parlor	13728
situational	13729
rulings	13730
Whitman	13731
whales	13732
tombs	13733
narrowing	13734
tug	13735
Carey	13736
prop	13737
await	13738
sludge	13739
nurture	13740
thoughtfully	13741
faithfully	13742
Hobbes	13743
victorious	13744
NF	13745
relativity	13746
chlorine	13747
bounced	13748
resonant	13749
grounding	13750
flashes	13751
confines	13752
alleging	13753
pedestrian	13754
regained	13755
bedrooms	13756
abbot	13757
pounded	13758
debut	13759
fortified	13760
deference	13761
Istanbul	13762
occupants	13763
Lester	13764
adopts	13765
Saharan	13766
sinners	13767
exploratory	13768
terrific	13769
helper	13770
mommy	13771
intel	13772
aristocracy	13773
vault	13774
sweetness	13775
tossing	13776
objectively	13777
Seoul	13778
waits	13779
Nordic	13780
avenues	13781
modality	13782
UL	13783
lumbar	13784
prenatal	13785
chalk	13786
Avery	13787
discontinued	13788
migrate	13789
feudal	13790
mediate	13791
playful	13792
ancestry	13793
Cindy	13794
Amer	13795
genealogy	13796
Marcel	13797
spelled	13798
extinct	13799
exogenous	13800
Becky	13801
spat	13802
mead	13803
captivity	13804
microbiology	13805
polymerization	13806
summaries	13807
Devon	13808
predator	13809
aerobic	13810
tanner	13811
isotope	13812
chilled	13813
gasp	13814
ethylene	13815
narrower	13816
Meredith	13817
pirate	13818
penetrated	13819
trimmed	13820
confederation	13821
MPs	13822
redundancy	13823
venues	13824
crowned	13825
forums	13826
pentagon	13827
prudence	13828
commence	13829
cloning	13830
influx	13831
humane	13832
ponds	13833
collisions	13834
canals	13835
pronouns	13836
sine	13837
RV	13838
zen	13839
essentials	13840
scotch	13841
eyelids	13842
cores	13843
distilled	13844
electrochemical	13845
dearest	13846
slumped	13847
geometrical	13848
spies	13849
Mai	13850
Bernstein	13851
businessman	13852
screened	13853
Zeus	13854
ischemic	13855
confuse	13856
unaffected	13857
annoying	13858
baths	13859
mischief	13860
sheltered	13861
inventor	13862
cosmetic	13863
indebtedness	13864
thrombosis	13865
ionization	13866
Vladimir	13867
shrug	13868
violates	13869
faction	13870
cuisine	13871
Clarence	13872
smoothed	13873
bates	13874
lodged	13875
unreliable	13876
prescriptions	13877
grassroots	13878
reset	13879
graded	13880
parasites	13881
chandler	13882
coercive	13883
Silva	13884
Melanie	13885
Chelsea	13886
exalted	13887
eddy	13888
surprises	13889
spoil	13890
flicked	13891
vastly	13892
geographically	13893
prizes	13894
Kingston	13895
preparatory	13896
unrealistic	13897
reconstruct	13898
handwriting	13899
manifesto	13900
antimicrobial	13901
emptied	13902
pearls	13903
unresolved	13904
arsenic	13905
expansive	13906
murmur	13907
milieu	13908
aversion	13909
coma	13910
intergovernmental	13911
vow	13912
slips	13913
Tess	13914
caregiver	13915
discounted	13916
courier	13917
faulty	13918
wrinkled	13919
elephants	13920
raging	13921
Elena	13922
illustrative	13923
banquet	13924
interstitial	13925
localities	13926
longevity	13927
Tl	13928
vie	13929
dipole	13930
liturgical	13931
birch	13932
disseminated	13933
HS	13934
Andre	13935
metabolites	13936
gleaming	13937
blouse	13938
fleeing	13939
restrain	13940
Bradford	13941
unlocked	13942
retailer	13943
centrally	13944
protector	13945
runway	13946
giggled	13947
Wyatt	13948
towels	13949
correspondents	13950
fascism	13951
computations	13952
unavoidable	13953
renamed	13954
prof	13955
conducts	13956
lingered	13957
branching	13958
replaces	13959
Fiona	13960
tailed	13961
obese	13962
motherhood	13963
sibling	13964
Leigh	13965
carrots	13966
foe	13967
bats	13968
Fleming	13969
parentheses	13970
excise	13971
illusions	13972
damping	13973
molar	13974
Anglican	13975
masonry	13976
embarked	13977
galaxies	13978
monograph	13979
peach	13980
contaminants	13981
blazing	13982
sails	13983
abandoning	13984
hash	13985
subscribe	13986
dictatorship	13987
eccentric	13988
injections	13989
audible	13990
unconstitutional	13991
boxing	13992
strap	13993
Gavin	13994
identifier	13995
Wolfe	13996
betray	13997
curricula	13998
Zion	13999
alcoholism	14000
Basel	14001
infamous	14002
mildly	14003
plead	14004
stimulates	14005
confessions	14006
institutionalized	14007
imitate	14008
Zoe	14009
bump	14010
Johann	14011
Cong	14012
yen	14013
lure	14014
poker	14015
pores	14016
Kenny	14017
weep	14018
bra	14019
dd	14020
pathogen	14021
businessmen	14022
periodical	14023
dismay	14024
garland	14025
KO	14026
nested	14027
idealism	14028
dialectic	14029
diversified	14030
photons	14031
horrified	14032
Canterbury	14033
depleted	14034
smoothing	14035
eats	14036
methanol	14037
Geo	14038
baskets	14039
Poisson	14040
spacecraft	14041
drastically	14042
liturgy	14043
milling	14044
groan	14045
reservoirs	14046
vortex	14047
sturdy	14048
waitress	14049
bestowed	14050
authorship	14051
insure	14052
gradients	14053
liar	14054
uncover	14055
Utopian	14056
alpine	14057
ostensibly	14058
glacier	14059
negligent	14060
episcopal	14061
contended	14062
bursts	14063
bridging	14064
Louisville	14065
ambivalence	14066
vinyl	14067
lipids	14068
winked	14069
Giles	14070
Sept	14071
iodine	14072
indefinitely	14073
Virgil	14074
piper	14075
sinister	14076
marquis	14077
cabbage	14078
pigment	14079
disgrace	14080
boldly	14081
parable	14082
sandstone	14083
converge	14084
Snyder	14085
comb	14086
pledged	14087
exhibiting	14088
fir	14089
urbanization	14090
Ecuador	14091
faintly	14092
ridges	14093
relentless	14094
researched	14095
subdued	14096
blush	14097
hydrocarbons	14098
courthouse	14099
correctness	14100
casts	14101
budgeting	14102
bluff	14103
winters	14104
overload	14105
stats	14106
neoliberal	14107
admin	14108
cradle	14109
cola	14110
Nicaragua	14111
Olson	14112
Ferdinand	14113
Gina	14114
surveying	14115
stratification	14116
pony	14117
scarf	14118
Lithuania	14119
converse	14120
conveniently	14121
poised	14122
paints	14123
achieves	14124
probing	14125
crescent	14126
jeep	14127
bloc	14128
compensatory	14129
linearly	14130
cherished	14131
Simmons	14132
weaken	14133
bibliographical	14134
untreated	14135
razor	14136
retina	14137
anthropologists	14138
preoccupation	14139
empires	14140
narration	14141
regularity	14142
dues	14143
debit	14144
maximizing	14145
tandem	14146
obscured	14147
gallon	14148
inductive	14149
integrative	14150
doom	14151
perish	14152
stew	14153
Darcy	14154
despised	14155
Sutton	14156
overthrow	14157
OMB	14158
belongings	14159
mimic	14160
fucked	14161
surrogate	14162
benevolent	14163
shotgun	14164
Marty	14165
psi	14166
quotas	14167
connective	14168
Jared	14169
remuneration	14170
advising	14171
steroid	14172
torso	14173
minimized	14174
jars	14175
flu	14176
reacting	14177
dominates	14178
gladly	14179
bondage	14180
Bolivia	14181
bowling	14182
petals	14183
mornings	14184
peril	14185
curly	14186
federally	14187
ceases	14188
prominently	14189
slick	14190
amenities	14191
ducks	14192
dilute	14193
disconnected	14194
capacitor	14195
artifact	14196
spacious	14197
Brett	14198
vows	14199
logos	14200
assent	14201
Sal	14202
leagues	14203
Epstein	14204
smelling	14205
tasting	14206
Fowler	14207
asphalt	14208
pelvis	14209
subway	14210
captains	14211
breeds	14212
chimney	14213
spoiled	14214
sipped	14215
deadlines	14216
witnessing	14217
trunks	14218
turf	14219
enormously	14220
nostalgia	14221
arrogance	14222
Ludwig	14223
autobiographical	14224
dialectical	14225
apron	14226
Alec	14227
visibly	14228
covariance	14229
Spaniards	14230
cheating	14231
PCs	14232
professionalism	14233
Arabian	14234
Scandinavian	14235
sneak	14236
oblivious	14237
omega	14238
replicate	14239
Lyons	14240
Juliet	14241
Gibbs	14242
consolation	14243
constitutions	14244
ransom	14245
strategically	14246
innumerable	14247
stereo	14248
clustered	14249
growers	14250
advisable	14251
traction	14252
lordship	14253
entrenched	14254
pillows	14255
fueled	14256
attacker	14257
vineyard	14258
frustrating	14259
provocative	14260
latency	14261
Sanskrit	14262
Dickinson	14263
muffled	14264
wardrobe	14265
borrowers	14266
reviewers	14267
informants	14268
nucleic	14269
evoke	14270
protons	14271
depository	14272
transgenic	14273
pines	14274
primacy	14275
transporting	14276
packaged	14277
ventricle	14278
expulsion	14279
paradoxically	14280
Gupta	14281
immensely	14282
browning	14283
floral	14284
Merrill	14285
reconnaissance	14286
harmonious	14287
Hindus	14288
Newcastle	14289
hymns	14290
materialism	14291
vulgar	14292
nipple	14293
deities	14294
camel	14295
Cathy	14296
ocular	14297
vest	14298
fronts	14299
Genet	14300
ICC	14301
wanna	14302
Windsor	14303
foundational	14304
lessee	14305
lotus	14306
humorous	14307
antarctic	14308
EEG	14309
nickname	14310
adultery	14311
manhood	14312
particulate	14313
toolbar	14314
dragons	14315
Baxter	14316
aggravated	14317
cons	14318
telecom	14319
joking	14320
hue	14321
rem	14322
yanked	14323
waived	14324
remand	14325
weakening	14326
Sicily	14327
secretaries	14328
mucosa	14329
critiques	14330
hemoglobin	14331
manure	14332
precarious	14333
ax	14334
increment	14335
coworkers	14336
unfolded	14337
elk	14338
masked	14339
bombers	14340
burger	14341
autoimmune	14342
skinned	14343
dispatched	14344
hangs	14345
curl	14346
historiography	14347
illuminating	14348
potency	14349
regretted	14350
bucks	14351
drafts	14352
opaque	14353
remotely	14354
borough	14355
tacit	14356
Keynes	14357
warmly	14358
hind	14359
charities	14360
discard	14361
Goldberg	14362
quantification	14363
portray	14364
anticipating	14365
airways	14366
precursors	14367
mas	14368
cove	14369
HUD	14370
headlines	14371
walnut	14372
transcendent	14373
unhealthy	14374
plasticity	14375
dice	14376
Claudia	14377
rocked	14378
thicker	14379
excretion	14380
legged	14381
unspecified	14382
mystic	14383
spanning	14384
xix	14385
Philippe	14386
bleak	14387
securely	14388
squeezing	14389
Wilkins	14390
Harding	14391
prosecutors	14392
riverside	14393
prostitutes	14394
converter	14395
paras	14396
Krishna	14397
petitioners	14398
Abel	14399
accessory	14400
gardening	14401
lapse	14402
prepares	14403
Angus	14404
HM	14405
comics	14406
sausage	14407
haze	14408
Malay	14409
phenomenological	14410
transfusion	14411
Leeds	14412
subordinates	14413
contentious	14414
contra	14415
closeness	14416
cutter	14417
sings	14418
drawers	14419
observatory	14420
distortions	14421
oscillation	14422
mick	14423
dichotomy	14424
excessively	14425
Tory	14426
aggressively	14427
brakes	14428
multidimensional	14429
synchronous	14430
nests	14431
vacancy	14432
Shapiro	14433
malice	14434
consolidate	14435
Markov	14436
shiver	14437
trek	14438
perturbation	14439
Gage	14440
wheeled	14441
Englishman	14442
beforehand	14443
hegemonic	14444
astronomical	14445
nonverbal	14446
rhyme	14447
hairy	14448
manifests	14449
persists	14450
importing	14451
tow	14452
hovering	14453
thermodynamic	14454
arches	14455
Syracuse	14456
Persia	14457
tuna	14458
Arlington	14459
Wilkinson	14460
yacht	14461
courageous	14462
fleeting	14463
portrayal	14464
botanical	14465
asymptomatic	14466
casa	14467
exploits	14468
carnival	14469
valence	14470
Andersen	14471
tam	14472
nurturing	14473
contradict	14474
horrors	14475
distract	14476
henceforth	14477
hosting	14478
Hammond	14479
salinity	14480
archival	14481
Skinner	14482
exacerbated	14483
spleen	14484
tractor	14485
richest	14486
edible	14487
anaerobic	14488
reel	14489
Abbott	14490
cert	14491
Brent	14492
dictates	14493
bearer	14494
heroine	14495
congregations	14496
swings	14497
unsafe	14498
excerpt	14499
profiling	14500
pros	14501
scrub	14502
invent	14503
MBA	14504
staple	14505
thankfully	14506
mythical	14507
revelations	14508
congressman	14509
assemblage	14510
italics	14511
mindfulness	14512
countered	14513
excused	14514
pictorial	14515
typology	14516
plotting	14517
Hutchinson	14518
extraordinarily	14519
sherry	14520
tricky	14521
dolls	14522
cocked	14523
pests	14524
privy	14525
Belfast	14526
Malta	14527
receivers	14528
uphold	14529
ghetto	14530
Frankie	14531
westward	14532
adobe	14533
syllables	14534
devastated	14535
backpack	14536
acquires	14537
malpractice	14538
blink	14539
assigns	14540
horseback	14541
rag	14542
piping	14543
dispersal	14544
civilizations	14545
guessing	14546
picturesque	14547
parsley	14548
nexus	14549
Joanna	14550
postage	14551
vagina	14552
Gerard	14553
mule	14554
Dow	14555
troublesome	14556
impatience	14557
Denis	14558
stumbling	14559
raped	14560
Katrina	14561
detectives	14562
deriving	14563
menus	14564
anew	14565
empress	14566
rotated	14567
synonyms	14568
deepening	14569
transistor	14570
cystic	14571
fritz	14572
duplication	14573
kettle	14574
femininity	14575
forwards	14576
centrality	14577
DAR	14578
inadvertently	14579
Nichols	14580
regiments	14581
horizontally	14582
wiring	14583
Aires	14584
admiralty	14585
alarming	14586
accelerating	14587
synaptic	14588
individualized	14589
intolerance	14590
Gus	14591
residency	14592
Harlem	14593
pancreas	14594
proclaim	14595
dangling	14596
rebuilt	14597
commenting	14598
epoch	14599
rearing	14600
thatcher	14601
platoon	14602
OD	14603
coined	14604
intending	14605
marketed	14606
affluent	14607
dong	14608
planner	14609
fostered	14610
Estonia	14611
cushion	14612
Pratt	14613
transformative	14614
famously	14615
vividly	14616
Laurie	14617
screwed	14618
streak	14619
deflection	14620
phi	14621
integers	14622
Ahmad	14623
doctorate	14624
palette	14625
HT	14626
interpreters	14627
grunted	14628
chemically	14629
Afro	14630
instructive	14631
irresistible	14632
revolving	14633
caffeine	14634
conductors	14635
resorts	14636
disagreed	14637
Heinrich	14638
elicited	14639
Apache	14640
signaled	14641
Cody	14642
dew	14643
Hindi	14644
palliative	14645
explode	14646
propped	14647
delinquent	14648
maternity	14649
rehearing	14650
promotions	14651
parasite	14652
clutch	14653
glaring	14654
satire	14655
photographers	14656
Laurence	14657
criticize	14658
sophistication	14659
professionally	14660
winged	14661
contemplating	14662
Jude	14663
messy	14664
childbirth	14665
implantation	14666
metropolis	14667
immoral	14668
continents	14669
kHz	14670
tee	14671
flourishing	14672
Bangkok	14673
lush	14674
constellation	14675
Athenian	14676
brittle	14677
aroma	14678
shelters	14679
collaborate	14680
chop	14681
criminology	14682
mingled	14683
showers	14684
override	14685
chunks	14686
impartial	14687
nightmares	14688
resign	14689
allusion	14690
Leipzig	14691
Achilles	14692
additives	14693
pronunciation	14694
inasmuch	14695
Pitt	14696
vocation	14697
whiteness	14698
tedious	14699
brink	14700
zoom	14701
deceive	14702
interchange	14703
cytokines	14704
adjudication	14705
attested	14706
aurora	14707
forwarded	14708
coward	14709
disproportionate	14710
beaver	14711
Abigail	14712
markings	14713
shivering	14714
splash	14715
nationalists	14716
moods	14717
motivating	14718
Jonas	14719
Mir	14720
tangent	14721
gem	14722
nu	14723
ordeal	14724
Sheridan	14725
perpetrators	14726
Goethe	14727
reconsider	14728
conclusive	14729
restraints	14730
Newport	14731
Abe	14732
sugars	14733
incense	14734
nucleotide	14735
flourished	14736
stares	14737
reactors	14738
undo	14739
preoperative	14740
polarity	14741
tachycardia	14742
suction	14743
estimator	14744
spotlight	14745
impersonal	14746
Flynn	14747
advocating	14748
butterflies	14749
pharmacology	14750
inhabit	14751
poisonous	14752
eclipse	14753
pursuits	14754
servicing	14755
hormonal	14756
compliant	14757
fences	14758
discovers	14759
gin	14760
intertwined	14761
citrus	14762
Pakistani	14763
roughness	14764
annoyance	14765
cupboard	14766
organizers	14767
marvelous	14768
speculate	14769
democratization	14770
remnant	14771
habeas	14772
intercultural	14773
vase	14774
interpolation	14775
sped	14776
ached	14777
federalism	14778
watt	14779
boast	14780
afflicted	14781
flare	14782
guerrilla	14783
widows	14784
raft	14785
selects	14786
concerted	14787
proprietor	14788
ruthless	14789
muster	14790
spatially	14791
Sinai	14792
torment	14793
isolates	14794
Humphrey	14795
pilgrim	14796
marvel	14797
indulge	14798
announces	14799
patio	14800
brute	14801
momentary	14802
contests	14803
bytes	14804
Sussex	14805
resided	14806
dell	14807
darted	14808
diaphragm	14809
Wordsworth	14810
sewer	14811
emerald	14812
shrinking	14813
ultraviolet	14814
paternal	14815
trapping	14816
architectures	14817
cologne	14818
reliably	14819
discontent	14820
devils	14821
confidently	14822
misunderstood	14823
incarceration	14824
suitability	14825
Uruguay	14826
hf	14827
utterances	14828
stereotype	14829
Rubin	14830
complexion	14831
pens	14832
arrivals	14833
asymptotic	14834
refractory	14835
nesting	14836
reddish	14837
triumphant	14838
warden	14839
flashlight	14840
impatiently	14841
fullness	14842
adorned	14843
Fernando	14844
mil	14845
runners	14846
obsessive	14847
chick	14848
Anton	14849
librarians	14850
refine	14851
caller	14852
mayo	14853
rigidity	14854
Norris	14855
wed	14856
volcano	14857
usable	14858
shipments	14859
fuss	14860
congratulations	14861
grated	14862
frail	14863
discs	14864
undertakings	14865
dialects	14866
stillness	14867
uncontrolled	14868
alveolar	14869
boarded	14870
inhalation	14871
inert	14872
compulsive	14873
cleanup	14874
ABA	14875
oft	14876
mastered	14877
hybridization	14878
dreaded	14879
pouch	14880
mutants	14881
Nathaniel	14882
Plymouth	14883
hates	14884
redress	14885
twain	14886
academia	14887
blinded	14888
impoverished	14889
poetics	14890
mirrored	14891
convection	14892
striped	14893
putative	14894
intrigued	14895
occlusion	14896
completes	14897
intensities	14898
unintended	14899
glittering	14900
screws	14901
tribunals	14902
nude	14903
prologue	14904
exec	14905
minors	14906
Nielsen	14907
policemen	14908
piston	14909
helm	14910
bows	14911
homemade	14912
progresses	14913
Steele	14914
Ames	14915
numb	14916
chartered	14917
listings	14918
Damascus	14919
tightening	14920
Beethoven	14921
exchanging	14922
reared	14923
flute	14924
rogue	14925
quarry	14926
existent	14927
chatting	14928
solicitation	14929
Mk	14930
ledge	14931
Elias	14932
lobes	14933
Budapest	14934
reckoned	14935
benches	14936
unnoticed	14937
cubes	14938
rig	14939
luxurious	14940
shortened	14941
anyhow	14942
logistic	14943
Deuteronomy	14944
scissors	14945
joyful	14946
salute	14947
bomber	14948
Clyde	14949
blossom	14950
porcelain	14951
phenomenal	14952
jelly	14953
Olympics	14954
simmer	14955
flexion	14956
rubbish	14957
reconciled	14958
tread	14959
deceptive	14960
thirties	14961
subconscious	14962
multidisciplinary	14963
diode	14964
hereinafter	14965
arbitrarily	14966
ingestion	14967
composing	14968
quilt	14969
jets	14970
repressed	14971
fixtures	14972
antioxidant	14973
invade	14974
mindset	14975
Griffith	14976
Wilde	14977
affectionate	14978
thinker	14979
annealing	14980
patriot	14981
branding	14982
mechanically	14983
republics	14984
sponge	14985
sniffed	14986
misses	14987
reforming	14988
insufficiency	14989
forbid	14990
incompetent	14991
Hanson	14992
dependencies	14993
buds	14994
helium	14995
frowning	14996
forefront	14997
ledger	14998
biographies	14999
palate	15000
wonderfully	15001
Stanton	15002
capacitance	15003
vantage	15004
gripping	15005
conveys	15006
hashtag	15007
atrophy	15008
stabbed	15009
ducked	15010
Gonzalez	15011
lifestyles	15012
ulcers	15013
unfold	15014
Mozart	15015
porosity	15016
Fri	15017
champions	15018
impairments	15019
severed	15020
concentrates	15021
breathless	15022
decentralized	15023
topological	15024
documenting	15025
allotted	15026
antagonist	15027
conceivable	15028
Dalton	15029
representational	15030
fuse	15031
undermining	15032
bakery	15033
GU	15034
sculptures	15035
elective	15036
yea	15037
palpable	15038
karma	15039
deepened	15040
mediators	15041
intellectually	15042
structurally	15043
metaphorical	15044
furnishings	15045
intelligible	15046
hyper	15047
hydrocarbon	15048
analogue	15049
denounced	15050
stylistic	15051
iterations	15052
Jules	15053
administrations	15054
melanoma	15055
spears	15056
mute	15057
Mercedes	15058
radiology	15059
Nigel	15060
metastases	15061
guarding	15062
Sanchez	15063
acquaintances	15064
Prussia	15065
visionary	15066
dizzy	15067
supporter	15068
chestnut	15069
homestead	15070
NBC	15071
weave	15072
stroking	15073
vanish	15074
dentist	15075
Antony	15076
Titus	15077
dominating	15078
ammonium	15079
relics	15080
remorse	15081
glacial	15082
renovation	15083
juices	15084
newcomers	15085
TD	15086
figuring	15087
punishments	15088
insomnia	15089
catering	15090
Wm	15091
omissions	15092
fugitive	15093
Stefan	15094
weighting	15095
coca	15096
beers	15097
sufferings	15098
psychotic	15099
Prussian	15100
Anita	15101
bead	15102
almond	15103
counters	15104
diverted	15105
lick	15106
partitioning	15107
embody	15108
guise	15109
vowels	15110
Freddie	15111
Lawson	15112
blaze	15113
strawberry	15114
autonomic	15115
narcotics	15116
cylinders	15117
empowering	15118
beware	15119
effluent	15120
groupings	15121
hurriedly	15122
lightweight	15123
survives	15124
Harley	15125
Lima	15126
Marvin	15127
slogan	15128
anthropologist	15129
Raphael	15130
Jennings	15131
ans	15132
reinforces	15133
interrelated	15134
enforceable	15135
Lr	15136
spirited	15137
cuff	15138
vertebral	15139
dehydration	15140
flavors	15141
behaving	15142
bewildered	15143
suture	15144
endorse	15145
eliminates	15146
GATT	15147
Boyle	15148
reassure	15149
Alma	15150
subsets	15151
recounted	15152
ping	15153
Kissinger	15154
conduit	15155
peacekeeping	15156
shoreline	15157
Slovenia	15158
midway	15159
lyric	15160
Ob	15161
excerpts	15162
installment	15163
stacks	15164
entailed	15165
Doris	15166
legislatures	15167
blinking	15168
breastfeeding	15169
swam	15170
fibrous	15171
Johannes	15172
necessities	15173
utopia	15174
subcutaneous	15175
apprentice	15176
brill	15177
Cartesian	15178
spinach	15179
Helsinki	15180
takeover	15181
frantically	15182
ornaments	15183
crossroads	15184
Zambia	15185
pulsed	15186
attendants	15187
decentralization	15188
BB	15189
thorn	15190
honorary	15191
nitric	15192
conveyance	15193
intracranial	15194
OJ	15195
moan	15196
biscuits	15197
roe	15198
importation	15199
freshman	15200
dude	15201
observance	15202
hush	15203
loci	15204
primal	15205
extrinsic	15206
bouncing	15207
lava	15208
inpatient	15209
visitation	15210
Daniels	15211
stale	15212
orphan	15213
formulating	15214
baroque	15215
finishes	15216
dynamically	15217
guts	15218
omit	15219
Edison	15220
lea	15221
inseparable	15222
outskirts	15223
booked	15224
ulcer	15225
ECG	15226
coughing	15227
mushroom	15228
embedding	15229
binder	15230
Zn	15231
recess	15232
priesthood	15233
pavilion	15234
refractive	15235
idealized	15236
calculator	15237
enslaved	15238
propriety	15239
railing	15240
overheard	15241
manipulating	15242
outgoing	15243
cynical	15244
normalization	15245
morphine	15246
facade	15247
anchorage	15248
aorta	15249
obedient	15250
Cherokee	15251
Poe	15252
overwhelmingly	15253
doped	15254
Sundays	15255
NIH	15256
dissipation	15257
Hartford	15258
fertilization	15259
excavated	15260
predicament	15261
outbreaks	15262
barking	15263
oversee	15264
remediation	15265
dizziness	15266
Somalia	15267
supplementation	15268
disagreements	15269
pollutant	15270
engagements	15271
resilient	15272
wilt	15273
carving	15274
functionally	15275
Marian	15276
timer	15277
convertible	15278
Gil	15279
conservatism	15280
newest	15281
calves	15282
shaky	15283
batter	15284
detectable	15285
thriving	15286
colt	15287
Boris	15288
crafted	15289
donkey	15290
intrinsically	15291
pastry	15292
Donovan	15293
allele	15294
huddled	15295
ambivalent	15296
untouched	15297
disdain	15298
dharma	15299
Tristan	15300
pueblo	15301
graphite	15302
puberty	15303
literate	15304
Higgins	15305
Jenna	15306
jolly	15307
panting	15308
underlined	15309
retrospect	15310
brewing	15311
comrade	15312
slots	15313
tumbled	15314
commencing	15315
acutely	15316
reassured	15317
amnesty	15318
cytoplasm	15319
unsatisfactory	15320
unbearable	15321
consonant	15322
tonic	15323
Bert	15324
geared	15325
sponsorship	15326
sporadic	15327
embraces	15328
bruised	15329
superiors	15330
lawsuits	15331
socket	15332
swirling	15333
droplets	15334
wards	15335
Thornton	15336
majors	15337
seedlings	15338
scientifically	15339
Denise	15340
royalties	15341
Koch	15342
sis	15343
eruption	15344
Rosenberg	15345
collects	15346
Lilly	15347
sobbing	15348
bothering	15349
nomenclature	15350
pharmacological	15351
deduced	15352
perfected	15353
theaters	15354
hillside	15355
Mumbai	15356
prompts	15357
Valerie	15358
utilitarian	15359
cleft	15360
opioid	15361
sealing	15362
retorted	15363
Lorenzo	15364
briefs	15365
personalized	15366
alienated	15367
transcendence	15368
attaining	15369
Woolf	15370
trustworthy	15371
Rockefeller	15372
illuminate	15373
rumor	15374
upgrading	15375
Adler	15376
trance	15377
hearty	15378
Yankee	15379
char	15380
hydrophobic	15381
foreseeable	15382
lucrative	15383
adjunct	15384
timed	15385
pans	15386
Steiner	15387
conveying	15388
ushered	15389
PRC	15390
replicated	15391
scorn	15392
hideous	15393
extremities	15394
cohesive	15395
obligatory	15396
anorexia	15397
abiding	15398
abs	15399
triggering	15400
Everett	15401
boredom	15402
mummy	15403
Rb	15404
jurisdictional	15405
tremble	15406
cords	15407
thinner	15408
atrocities	15409
Kramer	15410
supervise	15411
compressive	15412
biologically	15413
empower	15414
Marianne	15415
kw	15416
CNN	15417
cathode	15418
paddy	15419
stewardship	15420
coagulation	15421
viewpoints	15422
hostilities	15423
hardening	15424
Georgetown	15425
psychologically	15426
Gail	15427
withdrawing	15428
taxa	15429
conversational	15430
urgently	15431
martyr	15432
softer	15433
Trinidad	15434
humanism	15435
jasmine	15436
cabinets	15437
straining	15438
rounding	15439
thirsty	15440
bolted	15441
disobedience	15442
migratory	15443
pudding	15444
earnestly	15445
landmarks	15446
powerfully	15447
NLRB	15448
hectares	15449
chuckle	15450
poked	15451
Walton	15452
Venetian	15453
mentors	15454
electorate	15455
Gaza	15456
Lena	15457
stalls	15458
alumni	15459
enthusiastically	15460
crossover	15461
affirming	15462
circling	15463
Macedonia	15464
demographics	15465
yearning	15466
smokers	15467
numeric	15468
discrepancies	15469
blushed	15470
frogs	15471
subgroups	15472
tunes	15473
homage	15474
mitochondria	15475
inconsistency	15476
woe	15477
rotary	15478
novice	15479
curing	15480
illegally	15481
tenor	15482
Salisbury	15483
swayed	15484
Winchester	15485
maxim	15486
Kerr	15487
debtors	15488
footnotes	15489
mails	15490
snacks	15491
childish	15492
anesthetic	15493
Smithsonian	15494
poppy	15495
creamy	15496
clocks	15497
killers	15498
bounce	15499
Cromwell	15500
brewer	15501
suites	15502
illegitimate	15503
coalitions	15504
extracting	15505
mechanic	15506
stellar	15507
categorization	15508
staggering	15509
hanged	15510
squire	15511
Lucia	15512
fragrance	15513
Rupert	15514
osteoporosis	15515
electrostatic	15516
Perez	15517
mph	15518
facet	15519
healthier	15520
subordination	15521
generously	15522
chant	15523
transformer	15524
thumbs	15525
cyclical	15526
contractions	15527
Oslo	15528
deterrence	15529
foreman	15530
cw	15531
outrageous	15532
withhold	15533
Bartlett	15534
philosophies	15535
Gwen	15536
Angola	15537
weld	15538
variously	15539
hailed	15540
straits	15541
paranoid	15542
Jesuit	15543
teller	15544
poisoned	15545
RAF	15546
grilled	15547
rec	15548
preachers	15549
messengers	15550
Herr	15551
mismatch	15552
decrees	15553
corpses	15554
ominous	15555
baton	15556
trainers	15557
certify	15558
ordinances	15559
idol	15560
Bart	15561
intermediaries	15562
bovine	15563
vegetarian	15564
servings	15565
praises	15566
wink	15567
Brennan	15568
moderation	15569
genotype	15570
perceiving	15571
disappointing	15572
menstrual	15573
deliverance	15574
occult	15575
sawyer	15576
Sid	15577
mobilize	15578
vowed	15579
peppers	15580
circumference	15581
Leicester	15582
duality	15583
Saturn	15584
spruce	15585
marathon	15586
hostage	15587
informant	15588
BM	15589
motto	15590
luminous	15591
precipitate	15592
furiously	15593
subsections	15594
flask	15595
jackets	15596
Welch	15597
insecure	15598
Tunisia	15599
noel	15600
orbits	15601
collier	15602
Mexicans	15603
invoking	15604
cooperatives	15605
lexicon	15606
stitches	15607
favorites	15608
NAFTA	15609
richly	15610
concurrently	15611
cheerfully	15612
Galileo	15613
intuitively	15614
alto	15615
Seymour	15616
authored	15617
adrenaline	15618
functioned	15619
chaplain	15620
charms	15621
fifties	15622
puppet	15623
activating	15624
molten	15625
satin	15626
plumbing	15627
efficiencies	15628
grating	15629
arsenal	15630
Angelo	15631
ancillary	15632
canine	15633
apprenticeship	15634
barked	15635
Isis	15636
Leonardo	15637
explorations	15638
Audrey	15639
winced	15640
ester	15641
affections	15642
scanner	15643
erase	15644
incur	15645
hasty	15646
preamble	15647
Vanessa	15648
fractured	15649
rangers	15650
plunge	15651
strolled	15652
apostolic	15653
statesman	15654
smuggling	15655
clumsy	15656
posing	15657
downloaded	15658
Hamiltonian	15659
borderline	15660
redeemed	15661
Terra	15662
visceral	15663
complying	15664
gatherings	15665
Christie	15666
allegation	15667
deprive	15668
heater	15669
chariot	15670
speeding	15671
clapped	15672
spreadsheet	15673
tigers	15674
universality	15675
apocalyptic	15676
thereon	15677
numbering	15678
workmen	15679
draining	15680
herds	15681
cupped	15682
flakes	15683
egalitarian	15684
psycho	15685
lame	15686
nil	15687
Floyd	15688
bully	15689
analytics	15690
housekeeper	15691
teaspoons	15692
diagnose	15693
loaf	15694
athletics	15695
Sammy	15696
pooled	15697
meats	15698
Morse	15699
eroded	15700
Constance	15701
Torres	15702
mediating	15703
Melville	15704
Honolulu	15705
barney	15706
choking	15707
plum	15708
subdivisions	15709
refreshing	15710
Stephens	15711
hugging	15712
gestation	15713
endings	15714
photographed	15715
pea	15716
Nell	15717
convoy	15718
governs	15719
towering	15720
decorations	15721
lesbians	15722
Adelaide	15723
rebellious	15724
claimants	15725
aggregated	15726
Toyota	15727
Slovak	15728
slamming	15729
dolly	15730
pol	15731
constipation	15732
overriding	15733
stains	15734
Debbie	15735
propelled	15736
petrol	15737
infra	15738
cling	15739
martyrs	15740
incorrectly	15741
yogurt	15742
Coleridge	15743
obstructive	15744
dine	15745
characterizing	15746
squash	15747
sinner	15748
menace	15749
Janice	15750
fang	15751
rewrite	15752
saucepan	15753
desolate	15754
Hellenistic	15755
saga	15756
capitals	15757
Dillon	15758
liner	15759
Elvis	15760
regent	15761
paperback	15762
phoebe	15763
parasitic	15764
overarching	15765
Beckett	15766
remission	15767
engraved	15768
Lowell	15769
justifying	15770
meteorological	15771
undergoes	15772
implanted	15773
antagonists	15774
revive	15775
insolvency	15776
urea	15777
departing	15778
lament	15779
densely	15780
disliked	15781
expeditions	15782
contiguous	15783
quadrant	15784
Archie	15785
dangerously	15786
speedy	15787
bleed	15788
Muller	15789
Judas	15790
Greenwich	15791
dubbed	15792
modesty	15793
stressing	15794
deformed	15795
purchasers	15796
annotation	15797
mosquito	15798
facilitation	15799
bankrupt	15800
Jeanne	15801
Kazakhstan	15802
warns	15803
etched	15804
unison	15805
sociologists	15806
attracts	15807
cheat	15808
blaming	15809
Dominic	15810
hypothesized	15811
surety	15812
wits	15813
sparked	15814
paces	15815
sacrificial	15816
migrated	15817
degenerate	15818
ingenious	15819
Angie	15820
Myanmar	15821
transcend	15822
stud	15823
spans	15824
Kendall	15825
stony	15826
seam	15827
skipped	15828
outflow	15829
conceptualization	15830
Niger	15831
procure	15832
datasets	15833
vulnerabilities	15834
Robbins	15835
Newark	15836
vanishing	15837
messaging	15838
broadening	15839
viscous	15840
mono	15841
reviewer	15842
reversing	15843
deregulation	15844
bidder	15845
miner	15846
chew	15847
bananas	15848
recursive	15849
sinks	15850
dresser	15851
recollections	15852
gentry	15853
gardener	15854
rapport	15855
bracket	15856
robustness	15857
etching	15858
traverse	15859
abbreviated	15860
escapes	15861
grained	15862
idols	15863
carrot	15864
lavender	15865
elapsed	15866
convened	15867
conceptually	15868
tides	15869
spikes	15870
steaming	15871
blueprint	15872
creations	15873
starter	15874
albums	15875
decoding	15876
dissatisfied	15877
introductions	15878
peck	15879
invoice	15880
reap	15881
cooks	15882
immunization	15883
Canberra	15884
scratching	15885
toxicology	15886
traitor	15887
destroys	15888
prescribing	15889
approving	15890
assurances	15891
blogs	15892
assists	15893
disgusting	15894
concord	15895
tokens	15896
patterned	15897
thinning	15898
aquaculture	15899
rattled	15900
pitfalls	15901
Roberto	15902
commandment	15903
Atkinson	15904
lettuce	15905
docks	15906
sprung	15907
knuckles	15908
Brock	15909
Kelley	15910
Neal	15911
stroll	15912
yep	15913
riparian	15914
jihad	15915
dysfunctional	15916
freak	15917
indexing	15918
brutality	15919
superstition	15920
admiring	15921
Maori	15922
surrounds	15923
explosions	15924
simulator	15925
lads	15926
simplification	15927
kidnapping	15928
unmistakable	15929
hobby	15930
Benny	15931
Putin	15932
Louisa	15933
endeavors	15934
disordered	15935
grotesque	15936
pint	15937
spectacles	15938
chewed	15939
psychosis	15940
precedes	15941
dyes	15942
outstretched	15943
fungus	15944
gypsy	15945
exponent	15946
Abdul	15947
compartments	15948
SJ	15949
affords	15950
bedding	15951
bureaucrats	15952
wiser	15953
strikingly	15954
landlords	15955
stiffened	15956
Alicia	15957
anomalous	15958
fossils	15959
punctuation	15960
cafeteria	15961
apical	15962
heresy	15963
solemnly	15964
elevations	15965
Chung	15966
mobilized	15967
somerset	15968
heck	15969
intervened	15970
socialists	15971
patriarch	15972
touring	15973
payoff	15974
dismissing	15975
antecedent	15976
hospice	15977
repent	15978
waive	15979
customized	15980
Yankees	15981
beetle	15982
transference	15983
durability	15984
chatter	15985
postponed	15986
stump	15987
extravagant	15988
helix	15989
watering	15990
pew	15991
stables	15992
Cyrus	15993
waveform	15994
classifier	15995
connector	15996
bland	15997
coloring	15998
airplanes	15999
sacks	16000
seasoned	16001
plucked	16002
tidy	16003
simplistic	16004
isles	16005
blends	16006
pausing	16007
salesman	16008
malnutrition	16009
Como	16010
swarm	16011
lore	16012
reacts	16013
brochure	16014
quantified	16015
spindle	16016
Enron	16017
Brighton	16018
deliveries	16019
participates	16020
summon	16021
Bauer	16022
conjugate	16023
foreclosure	16024
competitions	16025
pauses	16026
granular	16027
cones	16028
Latvia	16029
tighten	16030
lighthouse	16031
Kathryn	16032
victimization	16033
amp	16034
telecommunication	16035
resented	16036
workbook	16037
eloquent	16038
deacon	16039
divers	16040
heparin	16041
fireworks	16042
theologian	16043
ardent	16044
reiterated	16045
Omar	16046
elongated	16047
implementations	16048
underestimated	16049
repairing	16050
abduction	16051
quiz	16052
Tucson	16053
radiotherapy	16054
respectfully	16055
Regina	16056
sup	16057
sedimentary	16058
interacts	16059
trough	16060
tot	16061
cheered	16062
leans	16063
Sadie	16064
startup	16065
Ava	16066
CSS	16067
mercer	16068
histogram	16069
coils	16070
venerable	16071
stockings	16072
unclean	16073
rpm	16074
revoked	16075
placenta	16076
esophageal	16077
foraging	16078
slam	16079
cursor	16080
forcefully	16081
calibrated	16082
abyss	16083
Mormon	16084
follower	16085
restraining	16086
deliberations	16087
epidemiological	16088
snapping	16089
chunk	16090
facsimile	16091
youngsters	16092
tubing	16093
expanse	16094
nope	16095
gears	16096
retiring	16097
cysts	16098
ablation	16099
bosses	16100
flared	16101
CPI	16102
plagued	16103
precluded	16104
drawback	16105
postmodernism	16106
Sioux	16107
hometown	16108
inhibiting	16109
crystallization	16110
eagles	16111
shadowy	16112
rugby	16113
sacrament	16114
panties	16115
exits	16116
Browne	16117
invading	16118
artificially	16119
differentiating	16120
armored	16121
suffix	16122
drilled	16123
revolver	16124
gran	16125
plentiful	16126
lib	16127
lumen	16128
constituencies	16129
signified	16130
pamphlets	16131
covenants	16132
nicotine	16133
falsely	16134
Hilton	16135
convict	16136
tattoo	16137
Asians	16138
rectal	16139
directories	16140
prohibitions	16141
frying	16142
footprint	16143
leaping	16144
ceilings	16145
primordial	16146
Kierkegaard	16147
stratum	16148
Shelby	16149
compile	16150
forage	16151
Yemen	16152
stripping	16153
Barnett	16154
dazzling	16155
underworld	16156
detailing	16157
assaults	16158
attire	16159
accommodated	16160
shutting	16161
improperly	16162
Greenland	16163
laundering	16164
vampires	16165
prism	16166
piracy	16167
multiculturalism	16168
systolic	16169
homogeneity	16170
forceful	16171
fisherman	16172
intolerable	16173
Rodney	16174
primates	16175
deportation	16176
feat	16177
shudder	16178
bottled	16179
antennas	16180
Paige	16181
abscess	16182
eigenvalues	16183
ascertained	16184
Ramsey	16185
shortening	16186
protracted	16187
insulated	16188
jest	16189
antiquities	16190
appropriateness	16191
compulsion	16192
killings	16193
Ur	16194
Moran	16195
peacefully	16196
Wolfgang	16197
Burgess	16198
facilitator	16199
brokerage	16200
benzene	16201
craving	16202
mocking	16203
interviewees	16204
surfaced	16205
enumerated	16206
Celia	16207
coincided	16208
hardships	16209
jeopardy	16210
Chaucer	16211
sedimentation	16212
prophylaxis	16213
cobalt	16214
perverse	16215
SK	16216
Simone	16217
Hancock	16218
wafer	16219
manageable	16220
juveniles	16221
Barr	16222
majestic	16223
multiplier	16224
atonement	16225
ribbons	16226
prostitute	16227
caravan	16228
generalizations	16229
fright	16230
abode	16231
prompting	16232
inflated	16233
dinners	16234
skillet	16235
silenced	16236
reassurance	16237
cultivating	16238
chromium	16239
inaccessible	16240
deviant	16241
legality	16242
Stuttgart	16243
corrupted	16244
sighted	16245
prognostic	16246
drown	16247
doctrinal	16248
Theresa	16249
commits	16250
Maureen	16251
clone	16252
veronica	16253
archaeologists	16254
Sloan	16255
passionately	16256
baba	16257
assuring	16258
sloping	16259
hospitalization	16260
glossy	16261
rags	16262
gloss	16263
intrusive	16264
glowed	16265
soak	16266
lookout	16267
precipitated	16268
disintegration	16269
Lowe	16270
Betsy	16271
predicated	16272
anarchy	16273
photosynthesis	16274
assembling	16275
Raleigh	16276
cyst	16277
polo	16278
pairing	16279
Sony	16280
impurities	16281
crumpled	16282
commune	16283
Botswana	16284
sow	16285
pleas	16286
throbbing	16287
migraine	16288
agile	16289
shortcut	16290
cursing	16291
unworthy	16292
spec	16293
tease	16294
nozzle	16295
predatory	16296
dignified	16297
rye	16298
grandeur	16299
unimportant	16300
spicy	16301
natal	16302
solute	16303
subtract	16304
variances	16305
elegance	16306
surrey	16307
anonymity	16308
Doubleday	16309
humid	16310
Oswald	16311
reagents	16312
wellness	16313
numerically	16314
disregarded	16315
quartet	16316
crater	16317
Zionist	16318
Santos	16319
hybrids	16320
bounty	16321
tentatively	16322
soften	16323
saloon	16324
Georgian	16325
frenzy	16326
grabs	16327
climates	16328
Cornwall	16329
stratified	16330
Cheryl	16331
accuse	16332
oscillator	16333
suspense	16334
rebirth	16335
granny	16336
Larson	16337
organizer	16338
mysticism	16339
saliva	16340
originality	16341
originates	16342
antisocial	16343
beamed	16344
syringe	16345
promoters	16346
python	16347
Carlson	16348
unifying	16349
cloves	16350
bathed	16351
braced	16352
lessen	16353
pod	16354
deserving	16355
freezer	16356
kidnapped	16357
pap	16358
flaw	16359
fragrant	16360
terminating	16361
wrongly	16362
Josie	16363
broadcasts	16364
revising	16365
PBS	16366
meningitis	16367
restorative	16368
Alexis	16369
manganese	16370
teamwork	16371
Douglass	16372
knob	16373
snapshot	16374
announcements	16375
aquifer	16376
Lao	16377
unidentified	16378
ornamental	16379
pear	16380
Owens	16381
vacancies	16382
gentile	16383
indulgence	16384
vesicles	16385
strides	16386
twofold	16387
specifics	16388
Lafayette	16389
harmed	16390
powdered	16391
brushes	16392
rubble	16393
francs	16394
whereabouts	16395
serene	16396
rheumatoid	16397
Mozambique	16398
tremor	16399
secreted	16400
unanimously	16401
graduating	16402
forging	16403
soaking	16404
pharisees	16405
thinly	16406
spilling	16407
steamer	16408
halves	16409
Briggs	16410
offline	16411
ensued	16412
Namibia	16413
Armenia	16414
reproach	16415
AAA	16416
sprint	16417
lobster	16418
Filipino	16419
drains	16420
swine	16421
indoors	16422
indemnity	16423
cockpit	16424
Austen	16425
villain	16426
hovered	16427
preexisting	16428
Buckingham	16429
Alexandra	16430
greetings	16431
cosmetics	16432
YouTube	16433
dunes	16434
Jorge	16435
STD	16436
Bowen	16437
huts	16438
modulated	16439
approximations	16440
prosecute	16441
Lois	16442
highness	16443
minimally	16444
pastors	16445
skiing	16446
iconic	16447
palaces	16448
insensitive	16449
Sartre	16450
Samson	16451
levied	16452
accompanies	16453
pleadings	16454
cytoplasmic	16455
Slovakia	16456
bunker	16457
distributive	16458
hearsay	16459
unofficial	16460
blockers	16461
bot	16462
stab	16463
willed	16464
pivot	16465
hinges	16466
Gertrude	16467
merciful	16468
puritan	16469
Serbian	16470
ascended	16471
equip	16472
vita	16473
Nb	16474
emperors	16475
seasonally	16476
amenable	16477
enzymatic	16478
sly	16479
halo	16480
grind	16481
prosecuted	16482
compressor	16483
bulbs	16484
clarifying	16485
perpetrator	16486
olives	16487
exertion	16488
shale	16489
Warwick	16490
deceit	16491
Confucian	16492
codified	16493
pigeon	16494
nodules	16495
impair	16496
Clive	16497
excision	16498
groves	16499
chilling	16500
Dudley	16501
invaders	16502
Osborne	16503
Seneca	16504
dosing	16505
hesitant	16506
drip	16507
Woodward	16508
mounds	16509
Navajo	16510
subversive	16511
subtly	16512
punk	16513
Sachs	16514
gratefully	16515
pastures	16516
succeeds	16517
roadway	16518
coasts	16519
discreet	16520
WC	16521
prosper	16522
Nicholson	16523
doubly	16524
herpes	16525
ultrasonic	16526
sepsis	16527
Xavier	16528
strapped	16529
boasted	16530
rosy	16531
referrals	16532
Carla	16533
rationally	16534
artisans	16535
daunting	16536
alps	16537
mixer	16538
emphatically	16539
tenets	16540
manly	16541
exponentially	16542
cortisol	16543
gorge	16544
Augusta	16545
Hawthorne	16546
consented	16547
rift	16548
shin	16549
awaken	16550
hinted	16551
vile	16552
deduct	16553
Argentine	16554
increments	16555
catalyzed	16556
leaks	16557
disgusted	16558
watery	16559
licking	16560
Rhine	16561
thirdly	16562
creole	16563
ripple	16564
demolition	16565
botany	16566
caption	16567
Spinoza	16568
wavelet	16569
shaved	16570
hysterical	16571
offend	16572
infused	16573
degrading	16574
spurred	16575
Vince	16576
autopsy	16577
enrich	16578
scholastic	16579
ornament	16580
cabins	16581
sedation	16582
willful	16583
Tao	16584
Hinduism	16585
branded	16586
chairperson	16587
reefs	16588
gaseous	16589
fro	16590
toddler	16591
provoking	16592
lowers	16593
celebrities	16594
patty	16595
partitions	16596
wen	16597
godly	16598
truthful	16599
bologna	16600
chords	16601
carts	16602
preferring	16603
oats	16604
gasping	16605
alleles	16606
monasteries	16607
sob	16608
pretext	16609
moth	16610
fluency	16611
Lillian	16612
crucified	16613
bruises	16614
composure	16615
voltages	16616
Ethernet	16617
grieving	16618
helicopters	16619
coincides	16620
Semitic	16621
cutoff	16622
starved	16623
platonic	16624
intoxication	16625
superseded	16626
stabilizing	16627
Burlington	16628
readable	16629
Dora	16630
romeo	16631
attaching	16632
Nairobi	16633
Worcester	16634
Tudor	16635
precepts	16636
delusion	16637
Irwin	16638
demeanor	16639
licensees	16640
diocese	16641
waterfront	16642
impede	16643
medically	16644
adversaries	16645
Johannesburg	16646
attractiveness	16647
stemming	16648
gratification	16649
gravely	16650
amends	16651
defer	16652
inflow	16653
pathogenic	16654
bourgeoisie	16655
sunglasses	16656
praxis	16657
mesa	16658
Auckland	16659
Scotia	16660
foreigner	16661
abnormality	16662
claw	16663
spokesman	16664
sharks	16665
banished	16666
plump	16667
raining	16668
denominations	16669
populace	16670
Suffolk	16671
Rowe	16672
capitalists	16673
toil	16674
advertisers	16675
oranges	16676
joys	16677
fertilizers	16678
capitalization	16679
unfavorable	16680
Cisco	16681
dermatitis	16682
napkin	16683
mused	16684
unbelievable	16685
shedding	16686
alternately	16687
Lazarus	16688
uniformed	16689
nocturnal	16690
haunt	16691
Lorraine	16692
pinched	16693
Balkans	16694
culinary	16695
molding	16696
vices	16697
playwright	16698
deem	16699
invitations	16700
abound	16701
eradication	16702
flicker	16703
browse	16704
conserve	16705
Herod	16706
deducted	16707
plank	16708
outs	16709
MacArthur	16710
lam	16711
adept	16712
derby	16713
preheat	16714
postulated	16715
noses	16716
classifying	16717
barge	16718
Husserl	16719
Havana	16720
swaying	16721
pipelines	16722
Cooke	16723
approximated	16724
granddaughter	16725
roadside	16726
exempted	16727
coastline	16728
embodies	16729
tame	16730
lama	16731
colorectal	16732
flocks	16733
stocking	16734
endoscopic	16735
excursion	16736
emanating	16737
indistinguishable	16738
metastasis	16739
masterpiece	16740
insults	16741
suburb	16742
byte	16743
orphans	16744
Ricardo	16745
clamped	16746
analyzes	16747
shove	16748
cheers	16749
dipping	16750
Albuquerque	16751
rinse	16752
prelude	16753
circa	16754
epistle	16755
Bridget	16756
wickedness	16757
yoke	16758
lavish	16759
Lear	16760
configuring	16761
Nicolas	16762
xxi	16763
euclidean	16764
workout	16765
authorizes	16766
childcare	16767
sayings	16768
Ronnie	16769
drawbacks	16770
Czechoslovakia	16771
alluded	16772
envelopes	16773
midday	16774
pascal	16775
shuffled	16776
Cobb	16777
canceled	16778
alters	16779
lagoon	16780
captives	16781
sans	16782
theorems	16783
Leopold	16784
endlessly	16785
informatics	16786
lends	16787
justly	16788
dart	16789
gee	16790
Aristotelian	16791
waterfall	16792
addicted	16793
hypersensitivity	16794
impulsive	16795
inconsistencies	16796
OSHA	16797
cot	16798
parcels	16799
pleasantly	16800
aft	16801
reflexes	16802
doubles	16803
disarmament	16804
linger	16805
PowerPoint	16806
ducts	16807
reigned	16808
squirrel	16809
knitting	16810
stung	16811
bumped	16812
glazed	16813
versatile	16814
haunting	16815
veiled	16816
atrium	16817
monographs	16818
squarely	16819
cereals	16820
Nolan	16821
reagent	16822
satisfactorily	16823
dormant	16824
fullest	16825
alkali	16826
geophysical	16827
insightful	16828
Dwight	16829
qualifies	16830
wrongs	16831
benchmarks	16832
vodka	16833
precede	16834
gallant	16835
parchment	16836
pk	16837
redeem	16838
misrepresentation	16839
accusing	16840
emitting	16841
Howell	16842
purported	16843
Erie	16844
allegory	16845
scribe	16846
JavaScript	16847
prod	16848
coupon	16849
cohorts	16850
tabs	16851
oxidized	16852
bunk	16853
retribution	16854
rations	16855
associative	16856
immunodeficiency	16857
interdependent	16858
assertive	16859
displacements	16860
castes	16861
Sharpe	16862
seventies	16863
olfactory	16864
sentinel	16865
Rudolf	16866
exporters	16867
Watkins	16868
confederacy	16869
fetched	16870
Kaufman	16871
transcribed	16872
Ethiopian	16873
Kuhn	16874
recited	16875
herring	16876
populist	16877
exited	16878
brisk	16879
flickering	16880
Hayden	16881
hostess	16882
pops	16883
dismal	16884
Babylonian	16885
scant	16886
punishing	16887
subpoena	16888
Charley	16889
overflow	16890
enacting	16891
lurking	16892
subsystem	16893
hastened	16894
awarding	16895
CPA	16896
blasted	16897
farmland	16898
aerosol	16899
epilogue	16900
purposeful	16901
Cumberland	16902
hopped	16903
stressors	16904
chili	16905
protagonists	16906
fielding	16907
castles	16908
isotropic	16909
whereupon	16910
sketched	16911
ramifications	16912
outdated	16913
crashes	16914
initiates	16915
supervising	16916
sane	16917
Boeing	16918
honeymoon	16919
trophy	16920
treatises	16921
Unix	16922
magician	16923
vicar	16924
subtraction	16925
angled	16926
combating	16927
humming	16928
Australians	16929
usability	16930
macroscopic	16931
embroidered	16932
broaden	16933
acreage	16934
indeterminate	16935
Reno	16936
taboo	16937
humanist	16938
Townsend	16939
plenum	16940
hist	16941
Portsmouth	16942
racially	16943
upbringing	16944
dictionaries	16945
divert	16946
pumpkin	16947
hurled	16948
Rutgers	16949
cruiser	16950
hallmark	16951
translators	16952
clones	16953
retarded	16954
tuck	16955
bulls	16956
parody	16957
contingencies	16958
Mongolia	16959
necks	16960
coldly	16961
verbally	16962
mitigating	16963
concave	16964
cramped	16965
jammed	16966
contented	16967
Hispanics	16968
pristine	16969
dwellers	16970
auditorium	16971
Vivian	16972
Conway	16973
debating	16974
lupus	16975
Galilee	16976
Lori	16977
ridicule	16978
malignancy	16979
lashes	16980
connotations	16981
timeless	16982
Ru	16983
tyrant	16984
hallucinations	16985
Caldwell	16986
Timor	16987
shielding	16988
fluent	16989
hicks	16990
capsules	16991
Libby	16992
spores	16993
uncanny	16994
paddle	16995
sociocultural	16996
aux	16997
cheering	16998
unspoken	16999
cornerstone	17000
reinforcements	17001
bravery	17002
tumbling	17003
interrupting	17004
triad	17005
vigilance	17006
magnification	17007
awkwardly	17008
marketers	17009
beau	17010
boycott	17011
garner	17012
mitral	17013
ulster	17014
forcibly	17015
Madonna	17016
imperatives	17017
platelets	17018
Mich	17019
scoop	17020
dearly	17021
verso	17022
auctions	17023
intersections	17024
celery	17025
evaluates	17026
conforming	17027
outlining	17028
stationery	17029
denomination	17030
pulpit	17031
allotment	17032
inflows	17033
phoned	17034
cavities	17035
Gd	17036
boxer	17037
alarms	17038
Weston	17039
powders	17040
DH	17041
strewn	17042
mantra	17043
harp	17044
peat	17045
Mona	17046
spiders	17047
Sutherland	17048
plume	17049
squamous	17050
timid	17051
constrain	17052
appliance	17053
tsunami	17054
mileage	17055
taut	17056
subdivided	17057
underestimate	17058
perch	17059
calmed	17060
telephones	17061
exiled	17062
runaway	17063
fittings	17064
deformity	17065
desks	17066
cinematic	17067
piazza	17068
presupposes	17069
straps	17070
supposing	17071
emails	17072
wooded	17073
devout	17074
whitehead	17075
Rafael	17076
invocation	17077
deserts	17078
cholera	17079
Gerry	17080
rattle	17081
exposes	17082
elf	17083
crook	17084
Liberia	17085
mag	17086
scraped	17087
Albania	17088
fluctuation	17089
cg	17090
blinding	17091
asynchronous	17092
sheikh	17093
penicillin	17094
trainees	17095
Malone	17096
programmer	17097
peek	17098
complicate	17099
Albanian	17100
qualitatively	17101
resuscitation	17102
flushing	17103
fundraising	17104
polling	17105
unconventional	17106
pragmatism	17107
goddamn	17108
paw	17109
adversity	17110
stormy	17111
tack	17112
unduly	17113
colder	17114
rector	17115
unsuitable	17116
polluted	17117
regrets	17118
achievable	17119
seizing	17120
inconvenience	17121
transducer	17122
dictator	17123
vacated	17124
warehouses	17125
psychopathology	17126
panicked	17127
fortnight	17128
scribes	17129
doping	17130
revue	17131
romanticism	17132
infertility	17133
blurted	17134
entangled	17135
anode	17136
evokes	17137
riddle	17138
ERs	17139
correspondingly	17140
peroxide	17141
curling	17142
squinted	17143
escalation	17144
grumbled	17145
theorist	17146
networked	17147
Phyllis	17148
stalk	17149
retreating	17150
sighs	17151
Germanic	17152
polyethylene	17153
inexperienced	17154
bookstore	17155
looming	17156
hydro	17157
Faulkner	17158
Hanna	17159
condom	17160
Siberia	17161
gleam	17162
treacherous	17163
bedtime	17164
conscientious	17165
auburn	17166
eagerness	17167
tabernacle	17168
utilizes	17169
laced	17170
healer	17171
seawater	17172
filaments	17173
percentile	17174
assortment	17175
cations	17176
sandals	17177
Josephine	17178
diagnostics	17179
Hubert	17180
pointless	17181
pedal	17182
optimizing	17183
adherents	17184
brigadier	17185
slaughtered	17186
clown	17187
risked	17188
generality	17189
biosynthesis	17190
whirled	17191
stanza	17192
Halifax	17193
NV	17194
Knopf	17195
Israelis	17196
Toledo	17197
clipped	17198
advertise	17199
jagged	17200
meridian	17201
unrestricted	17202
decks	17203
Latinos	17204
longitude	17205
diner	17206
fraternity	17207
Pu	17208
turtles	17209
mecca	17210
delights	17211
initials	17212
pronounce	17213
interprets	17214
odyssey	17215
comptroller	17216
comforted	17217
ovary	17218
delirium	17219
superimposed	17220
enlarge	17221
Lebanese	17222
Dayton	17223
hysteria	17224
puzzling	17225
fraught	17226
ingenuity	17227
impurity	17228
muse	17229
affirms	17230
precedents	17231
eastward	17232
blindly	17233
fluoride	17234
Esq	17235
researches	17236
Stafford	17237
apocalypse	17238
seductive	17239
crossings	17240
freeing	17241
kits	17242
firewall	17243
coughed	17244
textures	17245
asp	17246
loosened	17247
hurrying	17248
popping	17249
sanity	17250
predicates	17251
justifies	17252
dimly	17253
betting	17254
annihilation	17255
ponder	17256
excitedly	17257
residences	17258
improbable	17259
moor	17260
unambiguous	17261
depressing	17262
remodeling	17263
plexus	17264
redevelopment	17265
hydroxide	17266
ow	17267
hack	17268
inserts	17269
perished	17270
pregnancies	17271
flaming	17272
falcon	17273
Cameroon	17274
shines	17275
anion	17276
registering	17277
strung	17278
puff	17279
grassy	17280
firearm	17281
albumin	17282
pendulum	17283
Boone	17284
tutorial	17285
readership	17286
landfill	17287
shading	17288
undergraduates	17289
easing	17290
soaring	17291
shafts	17292
tackling	17293
reflux	17294
Eucharist	17295
favorably	17296
bonnet	17297
erased	17298
Ulysses	17299
Sasha	17300
willy	17301
Bentley	17302
Bk	17303
mafia	17304
vigor	17305
dogma	17306
Suzuki	17307
Harrington	17308
broadened	17309
padded	17310
confided	17311
conformation	17312
antagonism	17313
heaved	17314
insoluble	17315
hedges	17316
minced	17317
oyster	17318
misty	17319
proportionality	17320
subsidized	17321
actuality	17322
executions	17323
Elisabeth	17324
mamma	17325
overtly	17326
combatants	17327
mats	17328
Nikki	17329
sonny	17330
Wolff	17331
Laos	17332
fingerprints	17333
lifeless	17334
procured	17335
foyer	17336
monoclonal	17337
perseverance	17338
ambassadors	17339
transgression	17340
syphilis	17341
accommodating	17342
clans	17343
HQ	17344
flickered	17345
muted	17346
specialties	17347
generative	17348
singles	17349
analyzer	17350
perplexed	17351
cushions	17352
sacrificing	17353
footwear	17354
thermodynamics	17355
PAC	17356
auspices	17357
groceries	17358
erred	17359
Gallagher	17360
vineyards	17361
laterally	17362
sheds	17363
cultivars	17364
clamp	17365
hospitalized	17366
hydration	17367
intersect	17368
ambush	17369
breached	17370
exaggeration	17371
chromosomal	17372
programmers	17373
suitably	17374
Mont	17375
runtime	17376
detriment	17377
unpopular	17378
extinguished	17379
sickle	17380
coexistence	17381
Patton	17382
cartoons	17383
booking	17384
corneal	17385
physicist	17386
bearded	17387
activates	17388
helplessness	17389
crucially	17390
contraception	17391
outraged	17392
sects	17393
desiring	17394
nylon	17395
compositional	17396
defeating	17397
incontinence	17398
harms	17399
comet	17400
anatomic	17401
grids	17402
abstinence	17403
Eileen	17404
robotic	17405
dissimilar	17406
proportionate	17407
slabs	17408
dilated	17409
thickening	17410
visualized	17411
professed	17412
suppressing	17413
conversions	17414
piers	17415
scaffold	17416
unskilled	17417
rightful	17418
rein	17419
roused	17420
USS	17421
emblem	17422
booklet	17423
hypocrisy	17424
splits	17425
Yeats	17426
toilets	17427
Passover	17428
Bragg	17429
longtime	17430
diplomats	17431
adjustable	17432
perceives	17433
exhaled	17434
hindered	17435
pantheon	17436
buttocks	17437
Patel	17438
materiality	17439
farmhouse	17440
stemmed	17441
briefcase	17442
undisturbed	17443
deteriorated	17444
tasty	17445
armchair	17446
ding	17447
polynomials	17448
cooperating	17449
filmed	17450
battalions	17451
faithfulness	17452
evaluative	17453
taps	17454
scrape	17455
accelerator	17456
proficient	17457
unexplained	17458
Erasmus	17459
wharf	17460
filming	17461
paralyzed	17462
Bernie	17463
err	17464
esophagus	17465
fluttered	17466
Senegal	17467
sectarian	17468
companionship	17469
campuses	17470
choke	17471
Newfoundland	17472
unloading	17473
Kirby	17474
Tiffany	17475
circumcision	17476
Tehran	17477
breaches	17478
countrymen	17479
cosmology	17480
notebooks	17481
moose	17482
Tampa	17483
Hillary	17484
articular	17485
blossoms	17486
minimization	17487
elongation	17488
scowled	17489
chilly	17490
prevails	17491
Bulgarian	17492
excesses	17493
opposites	17494
ballistic	17495
nanny	17496
sculptor	17497
Foley	17498
descendant	17499
ape	17500
singularity	17501
misguided	17502
adhered	17503
smarter	17504
Goodwin	17505
adored	17506
concede	17507
compromises	17508
residuals	17509
descriptors	17510
steered	17511
prolific	17512
disproportionately	17513
behaves	17514
relocated	17515
ethyl	17516
Mansfield	17517
turbines	17518
martyrdom	17519
concur	17520
contentment	17521
tagged	17522
Getty	17523
recommending	17524
Schultz	17525
Beirut	17526
DHS	17527
collaborators	17528
och	17529
accords	17530
scraps	17531
formalism	17532
joked	17533
summation	17534
Vance	17535
firsthand	17536
rampant	17537
growl	17538
mosquitoes	17539
smoky	17540
broom	17541
dependents	17542
summarizing	17543
sire	17544
pondered	17545
Quaker	17546
stormed	17547
centric	17548
recite	17549
Malawi	17550
incomprehensible	17551
swelled	17552
canton	17553
Yiddish	17554
gluten	17555
shack	17556
Lara	17557
figurative	17558
Gorbachev	17559
consultative	17560
insistent	17561
medals	17562
latch	17563
palsy	17564
surged	17565
ballroom	17566
Dane	17567
discontinuity	17568
Darius	17569
illustrious	17570
subsided	17571
scriptural	17572
intimidation	17573
persecuted	17574
characteristically	17575
temperance	17576
granules	17577
fries	17578
Fermi	17579
wares	17580
argumentation	17581
idiopathic	17582
salty	17583
propulsion	17584
bartender	17585
sleek	17586
mathematically	17587
excellency	17588
voyages	17589
Pablo	17590
equated	17591
shameful	17592
demonic	17593
mach	17594
defiant	17595
repercussions	17596
Cummings	17597
naturalist	17598
shrinkage	17599
symbolically	17600
Leibniz	17601
howling	17602
Starr	17603
devastation	17604
complemented	17605
Macbeth	17606
equatorial	17607
Forrest	17608
latex	17609
consultancy	17610
gems	17611
def	17612
reasonableness	17613
Reese	17614
burner	17615
branched	17616
Hemingway	17617
caliber	17618
antecedents	17619
Aberdeen	17620
aspen	17621
machining	17622
commotion	17623
mega	17624
reminders	17625
contagious	17626
rustic	17627
wherefore	17628
oasis	17629
semen	17630
softening	17631
overturned	17632
Medina	17633
naturalistic	17634
circulate	17635
microbes	17636
taxing	17637
generational	17638
Ovid	17639
sweets	17640
provenance	17641
markup	17642
madras	17643
bends	17644
sparrow	17645
capped	17646
mountainous	17647
grips	17648
Gujarat	17649
masking	17650
maids	17651
confine	17652
physiologic	17653
buzzing	17654
admissibility	17655
Josiah	17656
curses	17657
beheld	17658
enumeration	17659
hardwood	17660
submits	17661
anecdotes	17662
shovel	17663
Ephesians	17664
relish	17665
Deng	17666
Waterloo	17667
cozy	17668
natures	17669
pigments	17670
Fiji	17671
evergreen	17672
Beatles	17673
sprayed	17674
Kara	17675
avian	17676
inclusions	17677
chanting	17678
bottoms	17679
Francois	17680
thermometer	17681
Ala	17682
cottages	17683
grimaced	17684
antidepressants	17685
SBA	17686
repressive	17687
ecstatic	17688
Mussolini	17689
valuing	17690
boulders	17691
Euler	17692
Rory	17693
irreducible	17694
idiosyncratic	17695
estuary	17696
smallpox	17697
juncture	17698
Robbie	17699
diplomat	17700
MOs	17701
Gloucester	17702
iPhone	17703
apologies	17704
shrub	17705
Ito	17706
contrived	17707
restatement	17708
Blanche	17709
chained	17710
importer	17711
priestly	17712
scraping	17713
tempest	17714
apologized	17715
analogies	17716
assemblages	17717
losers	17718
equator	17719
frivolous	17720
baroness	17721
crumbs	17722
patrols	17723
murderous	17724
evasion	17725
footprints	17726
rowan	17727
undone	17728
chemist	17729
bonuses	17730
landowner	17731
Holden	17732
mixes	17733
diameters	17734
esoteric	17735
patented	17736
allocating	17737
bribery	17738
sipping	17739
stalking	17740
junctions	17741
assimilated	17742
etiquette	17743
slash	17744
filings	17745
lac	17746
spins	17747
Middleton	17748
academies	17749
bedrock	17750
hypnosis	17751
worsening	17752
sew	17753
mechanistic	17754
pooling	17755
cloudy	17756
afar	17757
Taipei	17758
booming	17759
loomed	17760
crowding	17761
Hanover	17762
joyous	17763
grassland	17764
wilder	17765
accents	17766
stagnation	17767
examiners	17768
Ara	17769
loft	17770
jug	17771
hampered	17772
envision	17773
simplex	17774
NFL	17775
silhouette	17776
prick	17777
culminating	17778
Normandy	17779
Vaughan	17780
deterrent	17781
puzzles	17782
Cornelius	17783
Mandy	17784
demolished	17785
auntie	17786
abatement	17787
harshly	17788
planters	17789
pessimistic	17790
Malaysian	17791
IRC	17792
crowns	17793
annotations	17794
germination	17795
downwards	17796
stumble	17797
Nottingham	17798
polishing	17799
scrolls	17800
hopping	17801
furnishing	17802
islanders	17803
Marjorie	17804
Ariel	17805
phonetic	17806
weddings	17807
lessor	17808
accompaniment	17809
humanistic	17810
Walters	17811
prized	17812
impart	17813
fluxes	17814
savages	17815
spraying	17816
whipping	17817
incarcerated	17818
stoic	17819
Flanders	17820
cautioned	17821
eerie	17822
tenderly	17823
shredded	17824
mic	17825
distillation	17826
shillings	17827
geese	17828
Heb	17829
forgiving	17830
compliments	17831
sim	17832
grimly	17833
politeness	17834
unnecessarily	17835
augment	17836
northward	17837
expedient	17838
locomotive	17839
listens	17840
amazingly	17841
Mara	17842
unfit	17843
whisk	17844
refinery	17845
resorted	17846
warranties	17847
mules	17848
Damon	17849
compromising	17850
Honduras	17851
smear	17852
felicity	17853
Lionel	17854
Buckley	17855
bowman	17856
amplitudes	17857
irrigated	17858
appalling	17859
understandably	17860
imam	17861
liberating	17862
shady	17863
purposely	17864
irresponsible	17865
humiliating	17866
Larsen	17867
engraving	17868
enamel	17869
Versailles	17870
surpassed	17871
Penelope	17872
pertains	17873
Sofia	17874
theorizing	17875
geologic	17876
banging	17877
geopolitical	17878
excite	17879
vegetative	17880
inflict	17881
instinctive	17882
neolithic	17883
rankings	17884
nudged	17885
collapsing	17886
primate	17887
Jacqueline	17888
epoxy	17889
Richter	17890
scooped	17891
Engels	17892
glued	17893
awfully	17894
excursions	17895
reptiles	17896
aspire	17897
gall	17898
abbreviation	17899
Toni	17900
unsettled	17901
sociologist	17902
explorers	17903
bordered	17904
slang	17905
surname	17906
calming	17907
enveloped	17908
fission	17909
transports	17910
inadequacy	17911
underlie	17912
determinism	17913
idiom	17914
sabotage	17915
subsurface	17916
downhill	17917
logged	17918
Jakarta	17919
ems	17920
barbecue	17921
stair	17922
creators	17923
witty	17924
arenas	17925
gilded	17926
bikes	17927
dwelt	17928
keenly	17929
axioms	17930
heartily	17931
sesame	17932
urn	17933
ration	17934
inwardly	17935
nurtured	17936
thickened	17937
sobs	17938
nodal	17939
peacock	17940
Josephus	17941
progressing	17942
havoc	17943
obscene	17944
seine	17945
Micah	17946
Mueller	17947
android	17948
presided	17949
trays	17950
shutter	17951
transformational	17952
dualism	17953
Frenchman	17954
evaporated	17955
rockets	17956
dramas	17957
Adolf	17958
allergies	17959
complements	17960
Klaus	17961
sarcasm	17962
eloquence	17963
Russ	17964
milky	17965
interruptions	17966
gag	17967
nuanced	17968
Courtney	17969
slippers	17970
alias	17971
anchors	17972
Kurdish	17973
biologists	17974
swearing	17975
Wilmington	17976
Bethlehem	17977
piss	17978
Antoine	17979
anointed	17980
Serena	17981
unnamed	17982
Sheldon	17983
constitutionally	17984
carriages	17985
Camden	17986
parietal	17987
interoperability	17988
ode	17989
stench	17990
replica	17991
elevate	17992
bitten	17993
flutter	17994
fern	17995
cavern	17996
theses	17997
upland	17998
whistling	17999
Protestantism	18000
Nguyen	18001
acidosis	18002
hinge	18003
beggar	18004
praising	18005
Cassandra	18006
corresponded	18007
receivables	18008
hog	18009
peaked	18010
nomadic	18011
axiom	18012
defy	18013
genealogical	18014
homeowners	18015
cannabis	18016
mammal	18017
grossly	18018
coals	18019
kitchens	18020
volumetric	18021
tactile	18022
commentator	18023
Elizabethan	18024
rover	18025
watered	18026
Diaz	18027
Bronx	18028
neglecting	18029
revered	18030
watchful	18031
deepen	18032
secretions	18033
slung	18034
imbalances	18035
seduction	18036
orbitals	18037
kicks	18038
expires	18039
assassin	18040
horrific	18041
Nehru	18042
propagate	18043
protesting	18044
enroll	18045
pretrial	18046
aforesaid	18047
atherosclerosis	18048
fixture	18049
Mme	18050
vanguard	18051
purge	18052
signifying	18053
groin	18054
messianic	18055
assaulted	18056
taped	18057
communicates	18058
deleting	18059
transmissions	18060
recapture	18061
possessive	18062
bowing	18063
Talbot	18064
evade	18065
advises	18066
transactional	18067
arcs	18068
Madeleine	18069
tropics	18070
hippocampus	18071
fallacy	18072
aspiring	18073
rodents	18074
consular	18075
stent	18076
overdose	18077
Ricky	18078
progeny	18079
calorie	18080
funnel	18081
camels	18082
splashed	18083
Azerbaijan	18084
postgraduate	18085
tipping	18086
bandage	18087
renting	18088
marches	18089
lipstick	18090
bulky	18091
molded	18092
aides	18093
immaterial	18094
erratic	18095
rudimentary	18096
serenity	18097
navigating	18098
vale	18099
dazed	18100
tunic	18101
bourbon	18102
loosen	18103
stately	18104
prosecutions	18105
distractions	18106
antiques	18107
colonized	18108
strawberries	18109
enchanted	18110
physicists	18111
diseased	18112
dawned	18113
Omaha	18114
dolphin	18115
jargon	18116
crippled	18117
milestones	18118
attenuated	18119
despise	18120
intruder	18121
deliberative	18122
trucking	18123
inaugural	18124
allusions	18125
Koreans	18126
filler	18127
encapsulated	18128
bun	18129
discernible	18130
summing	18131
inquisition	18132
adoptive	18133
weighs	18134
DEA	18135
experimenting	18136
delaying	18137
silky	18138
nightly	18139
honoring	18140
diligent	18141
ballad	18142
inhuman	18143
respite	18144
bathrooms	18145
flanked	18146
SSA	18147
constructor	18148
reproducing	18149
Southampton	18150
waterways	18151
noodles	18152
feeder	18153
accomplishing	18154
milestone	18155
UCLA	18156
resins	18157
crumbling	18158
overlay	18159
stalks	18160
hedging	18161
Cara	18162
interconnection	18163
ids	18164
infrequent	18165
Merlin	18166
peritoneal	18167
widen	18168
mania	18169
burr	18170
terminus	18171
truncated	18172
brilliance	18173
abolish	18174
neutrons	18175
murderers	18176
Sunni	18177
precaution	18178
buckets	18179
libel	18180
mathematician	18181
GUI	18182
monoxide	18183
Josef	18184
sweaty	18185
lamented	18186
progesterone	18187
tainted	18188
bombardment	18189
campaigning	18190
eclectic	18191
attaches	18192
esteemed	18193
stocked	18194
ghostly	18195
Silas	18196
sham	18197
quivering	18198
deploying	18199
selfishness	18200
hogan	18201
reinstatement	18202
accumulating	18203
decisively	18204
opportunistic	18205
burglary	18206
Joanne	18207
endpoint	18208
flick	18209
parry	18210
infrastructures	18211
snowy	18212
informally	18213
comforts	18214
PHP	18215
Rutherford	18216
seamen	18217
snarled	18218
kitten	18219
semiconductors	18220
scented	18221
calamity	18222
Cora	18223
shrewd	18224
threaded	18225
mistakenly	18226
elliptic	18227
hunched	18228
thrift	18229
sown	18230
nonfiction	18231
bumps	18232
labyrinth	18233
foes	18234
dryer	18235
therefor	18236
Hercules	18237
cadmium	18238
makeshift	18239
prophecies	18240
naturalization	18241
USB	18242
Pollock	18243
poking	18244
ballots	18245
reclaim	18246
mango	18247
passim	18248
Fernandez	18249
bunny	18250
browsing	18251
Jesuits	18252
Picasso	18253
tectonic	18254
stalked	18255
Paine	18256
iOS	18257
embark	18258
continuance	18259
fencing	18260
forties	18261
Rama	18262
speculated	18263
leach	18264
dissipated	18265
charters	18266
wrongdoing	18267
loser	18268
diligently	18269
menopause	18270
McLean	18271
deems	18272
inversely	18273
Ethel	18274
measles	18275
agonist	18276
conductive	18277
Madagascar	18278
archipelago	18279
paws	18280
agar	18281
secession	18282
revolutionaries	18283
encountering	18284
shepherds	18285
resistivity	18286
aureus	18287
CPR	18288
kindred	18289
plaques	18290
oblivion	18291
Durkheim	18292
nous	18293
manned	18294
insurgency	18295
pies	18296
bisexual	18297
robotics	18298
inferiority	18299
SUV	18300
revisit	18301
forwarding	18302
gong	18303
sorrows	18304
shunt	18305
Bonn	18306
superfluous	18307
accrual	18308
props	18309
episodic	18310
appalled	18311
nonexistent	18312
carers	18313
underline	18314
patriarchy	18315
aneurysm	18316
sprawling	18317
Bolton	18318
fairs	18319
heroism	18320
shrill	18321
receptionist	18322
migrating	18323
tragedies	18324
inactivation	18325
benevolence	18326
aka	18327
toughness	18328
designations	18329
billed	18330
Antioch	18331
cirrhosis	18332
Antarctica	18333
skipping	18334
hindsight	18335
amortization	18336
peanuts	18337
seamless	18338
unthinkable	18339
bordering	18340
prowess	18341
Hester	18342
aiding	18343
oxen	18344
homeostasis	18345
notoriously	18346
equities	18347
settler	18348
Edna	18349
boon	18350
forts	18351
integrates	18352
handicap	18353
handwritten	18354
crucifixion	18355
contraindications	18356
leaking	18357
emulate	18358
smash	18359
irritating	18360
Ike	18361
Tyre	18362
illiterate	18363
Nero	18364
Danielle	18365
viola	18366
cropping	18367
caucus	18368
splendor	18369
nominations	18370
NASDAQ	18371
franks	18372
afterlife	18373
Shawn	18374
symbolized	18375
irregularities	18376
Oman	18377
stipulation	18378
clover	18379
nationalities	18380
ascend	18381
Millie	18382
unwelcome	18383
Fran	18384
puncture	18385
clandestine	18386
doorstep	18387
turnout	18388
attackers	18389
repose	18390
resale	18391
subordinated	18392
Hitchcock	18393
skewed	18394
resettlement	18395
sterilization	18396
juror	18397
narrated	18398
liter	18399
refresh	18400
concentric	18401
neoclassical	18402
Hubbard	18403
undermines	18404
Mabel	18405
cyberspace	18406
quotient	18407
foreseen	18408
adventurous	18409
neon	18410
custodial	18411
transatlantic	18412
custodian	18413
relativism	18414
postpartum	18415
rewriting	18416
arouse	18417
rumble	18418
prototypes	18419
nucleation	18420
Quentin	18421
septic	18422
grantee	18423
temptations	18424
spines	18425
hyperbolic	18426
noncompliance	18427
truce	18428
insulted	18429
lizard	18430
Carlton	18431
dentistry	18432
glistening	18433
dolphins	18434
counteract	18435
intimidating	18436
favoring	18437
specializing	18438
barrow	18439
glaucoma	18440
citadel	18441
sync	18442
programmatic	18443
cheated	18444
NSF	18445
sleeps	18446
Alberto	18447
proverb	18448
conventionally	18449
nonresident	18450
gaping	18451
rabbinic	18452
tangle	18453
deduce	18454
reliant	18455
thanking	18456
bender	18457
mourn	18458
quaint	18459
consecrated	18460
speechless	18461
outburst	18462
rabbis	18463
vigilant	18464
beetles	18465
enraged	18466
lambs	18467
Indus	18468
clockwise	18469
Manitoba	18470
psychiatrists	18471
darkest	18472
naughty	18473
coroner	18474
courtship	18475
imperialist	18476
bastards	18477
philanthropy	18478
emptying	18479
marshes	18480
Quincy	18481
synthesize	18482
ICU	18483
encompassed	18484
repaid	18485
disseminate	18486
midline	18487
midwife	18488
freshmen	18489
flipping	18490
Horton	18491
moaning	18492
Cyril	18493
sears	18494
timetable	18495
consequential	18496
pianist	18497
portrays	18498
drills	18499
reds	18500
thorns	18501
Carlyle	18502
unbroken	18503
impractical	18504
pineapple	18505
nanotechnology	18506
sims	18507
evacuated	18508
Benton	18509
alerted	18510
fashions	18511
Lacey	18512
polymeric	18513
glide	18514
buffet	18515
predictability	18516
premiere	18517
provocation	18518
delusions	18519
Amherst	18520
exiles	18521
rendezvous	18522
conjugated	18523
decency	18524
unleashed	18525
performative	18526
alphabetical	18527
wondrous	18528
alumina	18529
Calhoun	18530
pitching	18531
occasioned	18532
disbursements	18533
carver	18534
parishes	18535
Sikh	18536
duel	18537
abundantly	18538
interagency	18539
bolster	18540
discontinuous	18541
lymphatic	18542
resistor	18543
fibrillation	18544
Calgary	18545
comma	18546
salmonella	18547
nah	18548
briskly	18549
mucus	18550
qua	18551
unsettling	18552
buddies	18553
pistols	18554
tenancy	18555
banners	18556
sages	18557
Chilean	18558
Norwich	18559
interpretative	18560
kinda	18561
nourishment	18562
lax	18563
stead	18564
Annette	18565
pleasurable	18566
distort	18567
Christensen	18568
perpetuate	18569
Daphne	18570
filament	18571
destroyer	18572
windshield	18573
unlock	18574
mouthed	18575
appointing	18576
contraceptive	18577
fumes	18578
concealment	18579
hopelessly	18580
waged	18581
enhancements	18582
Piaget	18583
humiliated	18584
justifiable	18585
headlights	18586
transporter	18587
Saskatchewan	18588
heathen	18589
subsystems	18590
Pisa	18591
prefrontal	18592
dislocations	18593
severance	18594
graphically	18595
denoting	18596
analgesia	18597
basque	18598
outweigh	18599
pigeons	18600
visas	18601
Mali	18602
barefoot	18603
greasy	18604
leopard	18605
flex	18606
submarines	18607
Pareto	18608
Farrell	18609
verifying	18610
housekeeping	18611
anon	18612
alerts	18613
unanswered	18614
gig	18615
Lagos	18616
twists	18617
misdemeanor	18618
pic	18619
steels	18620
sucrose	18621
nuances	18622
remittances	18623
wraps	18624
chaired	18625
phased	18626
fellowships	18627
preponderance	18628
deviance	18629
diastolic	18630
actuarial	18631
addictive	18632
misplaced	18633
depictions	18634
muzzle	18635
Hilbert	18636
sequel	18637
movable	18638
segmented	18639
affliction	18640
cowboys	18641
Yates	18642
Burt	18643
goldsmith	18644
exploding	18645
ornate	18646
Natasha	18647
welded	18648
fringes	18649
stripe	18650
synchronized	18651
Merton	18652
sweetly	18653
trimester	18654
twitched	18655
thud	18656
Caucasian	18657
electrically	18658
shave	18659
banged	18660
internalized	18661
Jacobson	18662
Honda	18663
barbarians	18664
acupuncture	18665
geothermal	18666
Rivera	18667
Tessa	18668
forks	18669
Eaton	18670
cassette	18671
convergent	18672
tensed	18673
Mikhail	18674
otherness	18675
famed	18676
bouquet	18677
stupidity	18678
rentals	18679
conductance	18680
brilliantly	18681
rushes	18682
referee	18683
warp	18684
exporter	18685
eminence	18686
curricular	18687
esters	18688
adsorbed	18689
seniority	18690
leisurely	18691
generalize	18692
homelessness	18693
inspecting	18694
delineated	18695
transduction	18696
mercantile	18697
logarithmic	18698
curator	18699
tackled	18700
imagines	18701
nigh	18702
leaps	18703
Royce	18704
Escherichia	18705
rattling	18706
apes	18707
lovingly	18708
formality	18709
commercials	18710
stacking	18711
outlaw	18712
prospectus	18713
freeway	18714
bribe	18715
glimpses	18716
referent	18717
fares	18718
oxidase	18719
quarantine	18720
burgeoning	18721
Hess	18722
burying	18723
reckoning	18724
hound	18725
repetitions	18726
encrypted	18727
noir	18728
mocked	18729
carpets	18730
sizing	18731
tunneling	18732
undeniable	18733
Lola	18734
skating	18735
mined	18736
Marguerite	18737
ecumenical	18738
gracefully	18739
shielded	18740
capitalized	18741
Voltaire	18742
quorum	18743
FTC	18744
Erica	18745
fancied	18746
leveled	18747
Perth	18748
eternally	18749
roaming	18750
passwords	18751
uncontrollable	18752
bifurcation	18753
thrusting	18754
postpone	18755
tugging	18756
muttering	18757
zeros	18758
weathered	18759
offsetting	18760
pang	18761
relativistic	18762
Turk	18763
glaciers	18764
taxonomic	18765
propagated	18766
isotopes	18767
davenport	18768
epidermal	18769
wakes	18770
sobbed	18771
idem	18772
Parisian	18773
canons	18774
Crete	18775
permanence	18776
flaps	18777
encode	18778
Quaternary	18779
nonspecific	18780
yellowish	18781
troubleshooting	18782
unreal	18783
singled	18784
expire	18785
quantitatively	18786
meticulous	18787
epidural	18788
FD	18789
evolves	18790
individualistic	18791
augmentation	18792
antagonistic	18793
Poole	18794
sanctity	18795
freelance	18796
cumbersome	18797
savvy	18798
softness	18799
fingerprint	18800
boron	18801
Irvine	18802
prerogative	18803
mortals	18804
weathering	18805
larval	18806
Callie	18807
pertain	18808
nominee	18809
shrines	18810
pruning	18811
keepers	18812
toddlers	18813
undercover	18814
grieve	18815
unprotected	18816
helpers	18817
tremendously	18818
Emmanuel	18819
aptly	18820
pubs	18821
routers	18822
Oedipus	18823
nailed	18824
paving	18825
predation	18826
normality	18827
trickle	18828
hushed	18829
unsteady	18830
regimens	18831
occupant	18832
unbiased	18833
disperse	18834
landings	18835
coiled	18836
exhausting	18837
articulating	18838
Slater	18839
crunch	18840
coronation	18841
terminates	18842
intimidated	18843
NAACP	18844
incubated	18845
unsaturated	18846
Livingstone	18847
eBay	18848
deforestation	18849
exegesis	18850
arresting	18851
dedicate	18852
burdened	18853
codex	18854
Lindsey	18855
rectum	18856
connectors	18857
eradicate	18858
longstanding	18859
transistors	18860
Ryder	18861
helplessly	18862
Bethesda	18863
irritable	18864
robbers	18865
tutoring	18866
vibrating	18867
successively	18868
scandals	18869
seaman	18870
tormented	18871
Cassidy	18872
Sahara	18873
wholesome	18874
wig	18875
cages	18876
Hilary	18877
SharePoint	18878
blot	18879
laparoscopic	18880
operatives	18881
starring	18882
monsoon	18883
sprinkled	18884
eighties	18885
acidity	18886
Alvarez	18887
rotting	18888
venom	18889
Islamist	18890
tripped	18891
binomial	18892
parachute	18893
hauling	18894
transitive	18895
sizable	18896
Guam	18897
Luna	18898
ascension	18899
mahogany	18900
surfing	18901
spectrometer	18902
referential	18903
downfall	18904
prescriptive	18905
radios	18906
astray	18907
casing	18908
Livingston	18909
idolatry	18910
aback	18911
justifications	18912
McKay	18913
confluence	18914
grit	18915
angina	18916
congruent	18917
strenuous	18918
menacing	18919
scarred	18920
displeasure	18921
caress	18922
Kemp	18923
unethical	18924
Pilate	18925
dehydrogenase	18926
immunology	18927
delicacy	18928
marginally	18929
convincingly	18930
mistrust	18931
compost	18932
clutter	18933
siren	18934
stuffing	18935
peeling	18936
selenium	18937
hugely	18938
Eros	18939
clicks	18940
detainees	18941
chicks	18942
stairway	18943
totalitarian	18944
Canaan	18945
southward	18946
munitions	18947
leaflets	18948
recessive	18949
brood	18950
restricts	18951
frighten	18952
oaths	18953
monomer	18954
supermarkets	18955
horsemen	18956
balloons	18957
nervousness	18958
nestled	18959
fearless	18960
meditate	18961
Fulton	18962
genotypes	18963
desirability	18964
acetic	18965
Belarus	18966
Reuben	18967
Barlow	18968
lids	18969
trilogy	18970
acceptability	18971
Cleopatra	18972
soared	18973
liens	18974
irradiated	18975
blinds	18976
Forster	18977
clipping	18978
rethink	18979
copyrighted	18980
clergyman	18981
cretaceous	18982
drone	18983
attrition	18984
thru	18985
insurgents	18986
impeachment	18987
Heller	18988
Whig	18989
subtypes	18990
fooled	18991
styled	18992
Enoch	18993
assesses	18994
elliptical	18995
Caucasus	18996
nascent	18997
unforeseen	18998
Kantian	18999
DuPont	19000
Taiwanese	19001
interfered	19002
xxiii	19003
rung	19004
complains	19005
homologous	19006
sharpened	19007
bearers	19008
precinct	19009
oysters	19010
incest	19011
intrigue	19012
Leviticus	19013
cucumber	19014
aptitude	19015
neared	19016
McKinney	19017
hostages	19018
Plutarch	19019
hoarse	19020
executor	19021
devotional	19022
buckle	19023
paranoia	19024
hounds	19025
disclaimer	19026
annexed	19027
hiss	19028
emulsion	19029
Clint	19030
refrigeration	19031
diced	19032
dialed	19033
deteriorating	19034
skeletons	19035
shawl	19036
sharper	19037
shimmering	19038
Chomsky	19039
disclosing	19040
brightest	19041
nothingness	19042
underlies	19043
pharmacist	19044
Willard	19045
dreary	19046
ripping	19047
spawning	19048
forbidding	19049
elm	19050
fined	19051
Byrd	19052
graveyard	19053
Verizon	19054
noticeably	19055
Niagara	19056
formalized	19057
conical	19058
platter	19059
seams	19060
rad	19061
attest	19062
squat	19063
rouse	19064
protruding	19065
xxii	19066
cherish	19067
involuntarily	19068
AMA	19069
adapter	19070
covalent	19071
Diem	19072
cps	19073
ethically	19074
hypothalamus	19075
ambiguities	19076
silt	19077
Bertrand	19078
ferocious	19079
livelihoods	19080
afternoons	19081
integrals	19082
dinosaurs	19083
craftsmen	19084
Jain	19085
tally	19086
foresight	19087
broccoli	19088
trespass	19089
religiously	19090
Israelite	19091
strengthens	19092
multilingual	19093
fecal	19094
treachery	19095
pip	19096
Lynne	19097
senseless	19098
thrilling	19099
disconnect	19100
espionage	19101
firefighters	19102
widowed	19103
nightingale	19104
graffiti	19105
sieve	19106
blasting	19107
didactic	19108
affiliations	19109
brew	19110
lain	19111
shattering	19112
relegated	19113
jubilee	19114
commissioning	19115
prolong	19116
nongovernmental	19117
hypertrophy	19118
Zimmerman	19119
musculoskeletal	19120
infrequently	19121
culminated	19122
Sonia	19123
unwillingness	19124
cults	19125
blackened	19126
ambulatory	19127
stools	19128
accrue	19129
suspiciously	19130
insurrection	19131
spurious	19132
McCain	19133
amounting	19134
garnish	19135
salads	19136
sulfide	19137
roommate	19138
choral	19139
sponsoring	19140
negotiable	19141
sensibilities	19142
clashes	19143
Rudy	19144
undocumented	19145
commandant	19146
Rufus	19147
cerebellar	19148
twigs	19149
monolithic	19150
magnetization	19151
defamation	19152
resolves	19153
raged	19154
injure	19155
finch	19156
beak	19157
dyed	19158
Brandt	19159
Cecilia	19160
eschatological	19161
zombie	19162
tapestry	19163
incompetence	19164
fundamentalist	19165
Moroccan	19166
buffers	19167
acrylic	19168
absurdity	19169
inventing	19170
dishonest	19171
cartel	19172
Gomez	19173
Olsen	19174
fished	19175
wrecked	19176
navigator	19177
Murdoch	19178
preterm	19179
manic	19180
radiated	19181
Athena	19182
poignant	19183
scrambling	19184
Antwerp	19185
Siam	19186
Balkan	19187
externalities	19188
semiotic	19189
folio	19190
propagating	19191
intensification	19192
streaked	19193
Haley	19194
confiscated	19195
apprehended	19196
mastering	19197
hurricanes	19198
assures	19199
drenched	19200
obscurity	19201
EEOC	19202
operas	19203
interiors	19204
routed	19205
Cardiff	19206
Len	19207
chromatin	19208
banning	19209
upgraded	19210
Bloch	19211
umbilical	19212
cater	19213
intoxicated	19214
lacy	19215
clouded	19216
Elsie	19217
anecdotal	19218
spaghetti	19219
patriots	19220
maneuvers	19221
Assam	19222
propositional	19223
spills	19224
polygon	19225
exasperated	19226
caressed	19227
howl	19228
Marcia	19229
cider	19230
delicately	19231
discord	19232
Rae	19233
bacterium	19234
Hernandez	19235
Uzbekistan	19236
centimeters	19237
soybeans	19238
itching	19239
scramble	19240
fascia	19241
millennia	19242
Michele	19243
sod	19244
solicit	19245
protesters	19246
woo	19247
slows	19248
bodied	19249
showcase	19250
mythological	19251
legacies	19252
amygdala	19253
decreed	19254
nearing	19255
broadcasters	19256
straighten	19257
omnibus	19258
estoppel	19259
bets	19260
genomics	19261
torpedo	19262
vogue	19263
peaches	19264
tumble	19265
insides	19266
cleanliness	19267
reeves	19268
payee	19269
radiating	19270
gathers	19271
rained	19272
aha	19273
earrings	19274
Gaelic	19275
bacillus	19276
sighing	19277
distinguishable	19278
Mesopotamia	19279
crackers	19280
Taft	19281
translocation	19282
prematurely	19283
subtracting	19284
fractal	19285
wrinkles	19286
utensils	19287
Auschwitz	19288
interferon	19289
Roche	19290
centrifugal	19291
culmination	19292
Hui	19293
Barbados	19294
showered	19295
percussion	19296
underscores	19297
translucent	19298
Spence	19299
loyalties	19300
mucous	19301
insulting	19302
Brisbane	19303
prosecuting	19304
risking	19305
transplanted	19306
internship	19307
revoke	19308
EEC	19309
quart	19310
priming	19311
Dubai	19312
magnified	19313
parallelism	19314
barrage	19315
dispense	19316
recounts	19317
customize	19318
Bethany	19319
pyramids	19320
fluttering	19321
filmmakers	19322
bulging	19323
bays	19324
retrieving	19325
tolerable	19326
Elise	19327
relieving	19328
Ernie	19329
distracting	19330
doorbell	19331
terraces	19332
dissolving	19333
radiance	19334
whistled	19335
sag	19336
safeguarding	19337
torts	19338
congratulate	19339
settles	19340
Croatian	19341
improvisation	19342
Nazareth	19343
tranquil	19344
bounding	19345
Abrams	19346
cartridge	19347
pitiful	19348
fay	19349
ancients	19350
login	19351
sensational	19352
antidote	19353
mythic	19354
destitute	19355
pointers	19356
fingernails	19357
bulge	19358
solace	19359
barbed	19360
benchmarking	19361
Gregg	19362
checkpoint	19363
bracelet	19364
airy	19365
bicycles	19366
necessitated	19367
bubbling	19368
crammed	19369
ganglia	19370
perpetually	19371
Cary	19372
paraphrase	19373
avalanche	19374
leafy	19375
donate	19376
amnesia	19377
pencils	19378
colitis	19379
graders	19380
altruism	19381
overflowing	19382
underpinning	19383
retrograde	19384
Sampson	19385
sinned	19386
dispensing	19387
Elisa	19388
stinging	19389
dyer	19390
pancreatitis	19391
criticizing	19392
Chesapeake	19393
serials	19394
appreciative	19395
curt	19396
asymmetrical	19397
uncles	19398
luncheon	19399
degrade	19400
kl	19401
tougher	19402
graciously	19403
Bryce	19404
melts	19405
smack	19406
southerners	19407
glaze	19408
bicarbonate	19409
Chandra	19410
carcass	19411
discerned	19412
remanded	19413
coexist	19414
blender	19415
logistical	19416
discriminating	19417
multilevel	19418
sourcing	19419
spitting	19420
droplet	19421
investigates	19422
departures	19423
Isabelle	19424
biennial	19425
deconstruction	19426
avid	19427
disqualified	19428
proximate	19429
panther	19430
motility	19431
speculations	19432
caudal	19433
boasts	19434
Lehman	19435
minimizes	19436
incoherent	19437
unruly	19438
unmarked	19439
servitude	19440
Persians	19441
Olga	19442
mademoiselle	19443
Yugoslav	19444
tic	19445
Rotterdam	19446
shrieked	19447
giggle	19448
peculiarly	19449
racks	19450
perpetrated	19451
bloodstream	19452
diminishes	19453
hostel	19454
lactic	19455
dilation	19456
Pentecostal	19457
Tanya	19458
retailing	19459
differentials	19460
Ruiz	19461
insulating	19462
chow	19463
Desmond	19464
lash	19465
testimonies	19466
parrot	19467
rubric	19468
forested	19469
mural	19470
eyewitness	19471
reconstructing	19472
grafts	19473
morbid	19474
Odysseus	19475
Slavic	19476
laird	19477
downright	19478
pebbles	19479
sunflower	19480
prepaid	19481
emphatic	19482
surveyor	19483
invokes	19484
almonds	19485
shellfish	19486
leash	19487
maxillary	19488
persistently	19489
tendons	19490
disinterested	19491
downside	19492
loom	19493
sirens	19494
volunteering	19495
sonic	19496
swirled	19497
burgundy	19498
postulate	19499
prudential	19500
Haitian	19501
git	19502
unheard	19503
McCormick	19504
appendices	19505
synergy	19506
shaman	19507
emit	19508
deductive	19509
profane	19510
inventors	19511
eigenvalue	19512
gels	19513
blurring	19514
falsehood	19515
dung	19516
tout	19517
posited	19518
fragmentary	19519
migrations	19520
shabby	19521
Rudolph	19522
uncomfortably	19523
lawfully	19524
rake	19525
batting	19526
catchment	19527
Ellison	19528
plethora	19529
mischievous	19530
Assyrian	19531
pleases	19532
censure	19533
wand	19534
slapping	19535
postcard	19536
Camille	19537
defaults	19538
agonists	19539
melodic	19540
horribly	19541
arduous	19542
deviate	19543
genomes	19544
upheaval	19545
topping	19546
Machiavelli	19547
specialize	19548
proclaiming	19549
meek	19550
Leroy	19551
postsecondary	19552
neoliberalism	19553
ephemeral	19554
iconography	19555
cervix	19556
cordial	19557
capillaries	19558
modifier	19559
algebras	19560
Gladstone	19561
horrid	19562
femur	19563
collaborating	19564
devoured	19565
coyote	19566
epidemics	19567
Matlab	19568
Qatar	19569
bins	19570
dispensed	19571
uninterrupted	19572
Brendan	19573
illusory	19574
malt	19575
punctuated	19576
euros	19577
calculates	19578
usher	19579
posterity	19580
duplex	19581
adrenergic	19582
bum	19583
unprepared	19584
distressing	19585
fodder	19586
beaming	19587
unfolds	19588
QC	19589
realistically	19590
mandarin	19591
dime	19592
Sherlock	19593
thyme	19594
fictions	19595
matured	19596
steadfast	19597
wont	19598
finder	19599
silvery	19600
Bali	19601
mockery	19602
pioneered	19603
Duffy	19604
Galen	19605
Mallory	19606
intractable	19607
geriatric	19608
averted	19609
unbalanced	19610
shorthand	19611
silicone	19612
backlash	19613
resists	19614
gt	19615
Francesca	19616
stylish	19617
Marcos	19618
synonym	19619
refraction	19620
slum	19621
penance	19622
beckoned	19623
tart	19624
autistic	19625
puffed	19626
frustrations	19627
hacking	19628
Huxley	19629
sacraments	19630
Stacey	19631
blanks	19632
bluntly	19633
unborn	19634
shoving	19635
burials	19636
Mauritius	19637
Prescott	19638
animate	19639
consonants	19640
celebrates	19641
Colombian	19642
Hanoi	19643
uninsured	19644
resurgence	19645
overland	19646
septum	19647
downturn	19648
rewritten	19649
fray	19650
Bermuda	19651
engulfed	19652
festive	19653
Susie	19654
angelic	19655
journalistic	19656
rotations	19657
enlist	19658
plunder	19659
Nuremberg	19660
Decker	19661
condoms	19662
lyrical	19663
complies	19664
rebound	19665
firewood	19666
Pleistocene	19667
publicized	19668
coronal	19669
Planck	19670
shuffling	19671
magnitudes	19672
reactionary	19673
indignant	19674
labored	19675
heaving	19676
cures	19677
uphill	19678
seeker	19679
toasted	19680
zest	19681
climbs	19682
specializes	19683
inject	19684
predefined	19685
astrology	19686
staples	19687
Darby	19688
soothe	19689
smirk	19690
commercialization	19691
perturbations	19692
Clair	19693
glorified	19694
revert	19695
salesperson	19696
sedentary	19697
sternly	19698
fatalities	19699
brooding	19700
sunken	19701
mounts	19702
circulatory	19703
redesign	19704
Heidi	19705
humbly	19706
chastity	19707
insiders	19708
osmotic	19709
cruising	19710
staffed	19711
anecdote	19712
sling	19713
discharging	19714
habitation	19715
exiting	19716
buildup	19717
torches	19718
concurrence	19719
lowly	19720
amiable	19721
complicity	19722
fairies	19723
Samoa	19724
Bess	19725
circumscribed	19726
ordnance	19727
rugs	19728
anticipates	19729
concerto	19730
untimely	19731
tingling	19732
counterfeit	19733
allegorical	19734
identifiers	19735
Olivier	19736
Maynard	19737
hydrochloride	19738
mathematicians	19739
fountains	19740
competed	19741
corporeal	19742
apathy	19743
sustenance	19744
Heinz	19745
fluctuating	19746
launches	19747
trolley	19748
happiest	19749
Wharton	19750
intergenerational	19751
Bismarck	19752
vial	19753
pinpoint	19754
inextricably	19755
Monterey	19756
imperfections	19757
staffs	19758
corona	19759
Cullen	19760
rejoined	19761
transcends	19762
unhappiness	19763
Trojan	19764
benefiting	19765
Appalachian	19766
inaugurated	19767
vertebrate	19768
Brahman	19769
resent	19770
grafting	19771
fins	19772
paradoxes	19773
scaffolding	19774
gated	19775
Carole	19776
plenary	19777
engendered	19778
simulating	19779
coincidental	19780
hopper	19781
wholeness	19782
indulged	19783
Latina	19784
giggling	19785
stalled	19786
legitimately	19787
Reggie	19788
hypnotic	19789
fundamentalism	19790
magnets	19791
shutters	19792
persuading	19793
inflamed	19794
improvised	19795
recital	19796
icing	19797
brochures	19798
dirk	19799
amine	19800
glycogen	19801
binoculars	19802
synopsis	19803
underwriting	19804
perilous	19805
arrears	19806
bundled	19807
biographer	19808
biomarkers	19809
LG	19810
sequentially	19811
handlers	19812
inconvenient	19813
ills	19814
Breton	19815
Osaka	19816
uniting	19817
aquarium	19818
angered	19819
littered	19820
temp	19821
sprawled	19822
precludes	19823
burgers	19824
overboard	19825
Strasbourg	19826
hitch	19827
resolute	19828
uplift	19829
birthplace	19830
steamed	19831
Ursula	19832
awaits	19833
sutures	19834
nonhuman	19835
bumper	19836
sapphire	19837
axons	19838
conceptualized	19839
Dresden	19840
Rx	19841
capitalize	19842
antioxidants	19843
endometrial	19844
browsers	19845
isotopic	19846
traversed	19847
secluded	19848
CMOS	19849
fixes	19850
underscore	19851
arbitrators	19852
Halloween	19853
parenthood	19854
Brittany	19855
glamour	19856
snatch	19857
negativity	19858
Cheney	19859
fumbled	19860
Orion	19861
carve	19862
wailing	19863
annexation	19864
dashboard	19865
sonnet	19866
Mildred	19867
decaying	19868
acronym	19869
flatly	19870
kingship	19871
Norma	19872
downing	19873
underside	19874
issuers	19875
rearrangement	19876
upholding	19877
meager	19878
addicts	19879
dogmatic	19880
colossal	19881
blooms	19882
glycol	19883
Herzegovina	19884
nanotubes	19885
replacements	19886
pee	19887
mustache	19888
floats	19889
bidders	19890
heuristics	19891
transgender	19892
approves	19893
cemeteries	19894
mam	19895
torsion	19896
peculiarities	19897
Sufi	19898
sympathies	19899
Matilda	19900
tat	19901
noxious	19902
campground	19903
evidences	19904
semblance	19905
workplaces	19906
referencing	19907
conciliation	19908
boar	19909
lass	19910
legislator	19911
pedestrians	19912
vacations	19913
aeronautics	19914
cosmological	19915
reformer	19916
hotter	19917
Beaumont	19918
assorted	19919
commensurate	19920
heaps	19921
Polk	19922
lowland	19923
tonal	19924
kite	19925
Clifton	19926
portals	19927
candid	19928
vomit	19929
chatted	19930
Serbs	19931
rigor	19932
audited	19933
lactate	19934
shorten	19935
helical	19936
axle	19937
transferable	19938
inexplicable	19939
breaker	19940
soles	19941
popcorn	19942
assimilate	19943
Nellie	19944
Grady	19945
Belmont	19946
mus	19947
rebuke	19948
Madeline	19949
aloft	19950
prosthetic	19951
adhering	19952
melodies	19953
acclaimed	19954
ligaments	19955
Sigmund	19956
causative	19957
contending	19958
smeared	19959
motorized	19960
decorate	19961
McKenzie	19962
spam	19963
predominance	19964
Comte	19965
Thoreau	19966
baffled	19967
multimodal	19968
Lucifer	19969
confers	19970
sowing	19971
subheading	19972
punishable	19973
contradicted	19974
hasten	19975
festivities	19976
budding	19977
newcomer	19978
Galatians	19979
Laurent	19980
standby	19981
eyeing	19982
Crosby	19983
tracer	19984
aunts	19985
Keats	19986
multifaceted	19987
Corinth	19988
homology	19989
weakest	19990
metamorphosis	19991
oneness	19992
compounding	19993
withered	19994
Allie	19995
passively	19996
tutors	19997
refute	19998
entrances	19999
ascetic	20000
flexed	20001
payload	20002
juxtaposition	20003
superstitious	20004
attends	20005
isolating	20006
chatbot	20007
emojis	20008
livestream	20009
Morley	20010
supposition	20011
liberate	20012
juries	20013
incessant	20014
Flores	20015
waltz	20016
negatives	20017
easement	20018
tilting	20019
windy	20020
shooter	20021
lashed	20022
extradition	20023
midwives	20024
inertial	20025
hawks	20026
imaginable	20027
intensify	20028
barbarian	20029
webs	20030
monopolies	20031
vertebrae	20032
Lyndon	20033
precondition	20034
rapture	20035
bravely	20036
catalogs	20037
condemning	20038
embargo	20039
kernels	20040
crate	20041
creatively	20042
antidepressant	20043
thither	20044
enigmatic	20045
emeritus	20046
concealing	20047
relic	20048
Newtonian	20049
reappeared	20050
gliding	20051
conforms	20052
prioritize	20053
Hilda	20054
attendees	20055
remit	20056
farthest	20057
teammates	20058
Petersen	20059
sullen	20060
lactation	20061
topographic	20062
blatant	20063
torrent	20064
decomposed	20065
biscuit	20066
UNICEF	20067
Peruvian	20068
cynicism	20069
cardinals	20070
concurring	20071
nautical	20072
clapping	20073
Compton	20074
perils	20075
Maud	20076
chrome	20077
kn	20078
boosting	20079
reigns	20080
overseeing	20081
Philips	20082
extrusion	20083
veritable	20084
withdrawals	20085
hither	20086
Bangalore	20087
moi	20088
opacity	20089
chemists	20090
tibial	20091
bard	20092
pellets	20093
streaks	20094
Bartholomew	20095
ting	20096
fonts	20097
infantile	20098
incline	20099
declaratory	20100
waivers	20101
heretofore	20102
sockets	20103
prejudiced	20104
elevators	20105
momentous	20106
Darren	20107
federalist	20108
Gillian	20109
addict	20110
battling	20111
Schiller	20112
immediacy	20113
thyself	20114
someplace	20115
ghastly	20116
throng	20117
starve	20118
poke	20119
policymaking	20120
marketable	20121
unsuccessfully	20122
wiener	20123
succumbed	20124
gestational	20125
zoology	20126
camped	20127
streamed	20128
misunderstandings	20129
adaptability	20130
synod	20131
disruptions	20132
posits	20133
Cheyenne	20134
Suez	20135
throttle	20136
impediment	20137
Bahrain	20138
devolution	20139
cobra	20140
infested	20141
bathe	20142
latitudes	20143
Packard	20144
theoretic	20145
disable	20146
Yellowstone	20147
hyperactivity	20148
sarcastic	20149
chronically	20150
tofu	20151
gentleness	20152
pressured	20153
pitches	20154
crows	20155
consensual	20156
breakup	20157
widest	20158
seeded	20159
fluffy	20160
Dexter	20161
exclamation	20162
electrolytes	20163
leftist	20164
sneaking	20165
overwhelm	20166
hammered	20167
blushing	20168
Donne	20169
stammered	20170
BAs	20171
roam	20172
maximization	20173
collaborations	20174
proprietors	20175
inset	20176
hating	20177
propeller	20178
escalating	20179
circumstantial	20180
harassed	20181
Potomac	20182
Maharashtra	20183
naturalism	20184
interferes	20185
moneys	20186
confounded	20187
discerning	20188
catalysis	20189
Alvin	20190
tornado	20191
immunoglobulin	20192
immobilized	20193
widths	20194
nighttime	20195
embroidery	20196
Talmud	20197
Khrushchev	20198
stooped	20199
shaving	20200
earns	20201
HPV	20202
Hahn	20203
austerity	20204
salivary	20205
thump	20206
Ephraim	20207
Barack	20208
aligning	20209
virginity	20210
adamant	20211
abortions	20212
contradicts	20213
inventive	20214
converging	20215
Muir	20216
confederates	20217
Kimberly	20218
paternity	20219
brutally	20220
apportionment	20221
ops	20222
contemplative	20223
gunfire	20224
dorm	20225
oppositional	20226
alcohols	20227
repulsive	20228
Aryan	20229
emigrants	20230
acuity	20231
degenerative	20232
camouflage	20233
bracing	20234
collegiate	20235
plywood	20236
prophylactic	20237
Confucius	20238
helmets	20239
registrant	20240
radicalism	20241
leaked	20242
giver	20243
kappa	20244
thwarted	20245
moons	20246
beech	20247
hermit	20248
crabs	20249
nonzero	20250
Valencia	20251
toleration	20252
skillful	20253
ravine	20254
disagreeable	20255
mobilizing	20256
entitlements	20257
grunt	20258
PVC	20259
messed	20260
gays	20261
equate	20262
handheld	20263
churning	20264
Lancashire	20265
unease	20266
associating	20267
lunchtime	20268
trailers	20269
Kabul	20270
ftp	20271
Massey	20272
newsletters	20273
pears	20274
groundwork	20275
plugged	20276
valiant	20277
screenplay	20278
fragility	20279
effusion	20280
twas	20281
planks	20282
wetting	20283
flattering	20284
landslide	20285
foresee	20286
Abram	20287
stifled	20288
overcame	20289
constructivist	20290
chlorophyll	20291
displace	20292
Asiatic	20293
cleaners	20294
toolbox	20295
wren	20296
discriminated	20297
Rodgers	20298
Marta	20299
glimpsed	20300
mandibular	20301
invasions	20302
instructing	20303
freedman	20304
decor	20305
immaculate	20306
faiths	20307
Ina	20308
complimentary	20309
Corey	20310
astute	20311
passports	20312
fortifications	20313
multiples	20314
miraculously	20315
compensating	20316
Lucius	20317
tanned	20318
nostalgic	20319
onslaught	20320
tau	20321
fable	20322
Renee	20323
bustling	20324
relinquish	20325
grooming	20326
grasslands	20327
mailbox	20328
Russo	20329
vertebrates	20330
thereupon	20331
tong	20332
decorating	20333
Pluto	20334
shoppers	20335
punching	20336
dowry	20337
Damien	20338
Gustav	20339
bran	20340
Boer	20341
nonviolent	20342
pursed	20343
meditations	20344
Claus	20345
Flemish	20346
appellants	20347
interleukin	20348
affinities	20349
incapacity	20350
unquestionably	20351
leaching	20352
Woodrow	20353
appreciable	20354
consulate	20355
intercepted	20356
panorama	20357
Bordeaux	20358
glamorous	20359
spoils	20360
romances	20361
proletariat	20362
linearity	20363
stylized	20364
Verde	20365
lifespan	20366
invertebrates	20367
Dietrich	20368
workspace	20369
conqueror	20370
Lars	20371
neoplasms	20372
Scandinavia	20373
quieter	20374
Peabody	20375
magnetism	20376
guaranteeing	20377
peeked	20378
unloaded	20379
strove	20380
homosexuals	20381
whither	20382
plunging	20383
trot	20384
goodnight	20385
upsetting	20386
simplifying	20387
charisma	20388
hopelessness	20389
Neptune	20390
kilograms	20391
parkway	20392
stagnant	20393
metabolite	20394
Belize	20395
cleanse	20396
slumber	20397
weir	20398
evangelicals	20399
desolation	20400
HHS	20401
vanishes	20402
mains	20403
seduced	20404
cooker	20405
envoy	20406
Murine	20407
ignited	20408
subversion	20409
brewery	20410
solver	20411
Crowley	20412
seaside	20413
sparing	20414
Gibraltar	20415
drummer	20416
gleamed	20417
stronghold	20418
groaning	20419
embankment	20420
flattered	20421
applauded	20422
Otis	20423
FDR	20424
husky	20425
ineligible	20426
jolt	20427
fermented	20428
modestly	20429
heartfelt	20430
alcoholics	20431
trifle	20432
petite	20433
brightened	20434
crib	20435
mosques	20436
compaction	20437
attuned	20438
ombudsman	20439
Harlan	20440
flanks	20441
spying	20442
undated	20443
dissonance	20444
Christi	20445
sarcoma	20446
determinate	20447
criminality	20448
oily	20449
astronomers	20450
swirl	20451
ticking	20452
domesticated	20453
precautionary	20454
Paraguay	20455
bombed	20456
technologically	20457
attainable	20458
subscribed	20459
Jericho	20460
Sabrina	20461
Denny	20462
loch	20463
Michelangelo	20464
rigorously	20465
pancakes	20466
dismantling	20467
verily	20468
parliaments	20469
recycle	20470
recharge	20471
allege	20472
relocate	20473
slew	20474
projectile	20475
carcinomas	20476
electors	20477
canoes	20478
confessional	20479
Bonaparte	20480
labors	20481
tangential	20482
dinosaur	20483
bestow	20484
workstation	20485
rhymes	20486
woken	20487
Rowland	20488
apologetic	20489
strives	20490
Nike	20491
Shiva	20492
diagnosing	20493
gowns	20494
ganglion	20495
reconciling	20496
courteous	20497
hap	20498
executes	20499
burrows	20500
foodstuffs	20501
aggrieved	20502
Phelps	20503
cubs	20504
salience	20505
silencing	20506
skipper	20507
moles	20508
agility	20509
sniffing	20510
separations	20511
testifying	20512
lineages	20513
indigo	20514
flapping	20515
unwittingly	20516
recitation	20517
prerequisites	20518
stiffly	20519
trainee	20520
exerts	20521
designating	20522
errand	20523
Laplace	20524
hypoglycemia	20525
originals	20526
restlessness	20527
guaranty	20528
wry	20529
forbade	20530
goddesses	20531
renounce	20532
compiling	20533
deciduous	20534
totaling	20535
snail	20536
Wikipedia	20537
mutiny	20538
Bowie	20539
unfairly	20540
institutionalization	20541
billings	20542
pained	20543
lei	20544
ballads	20545
Stacy	20546
Tex	20547
detects	20548
overdue	20549
gulped	20550
Andean	20551
pointedly	20552
collusion	20553
nave	20554
triumphs	20555
kneel	20556
workable	20557
Reginald	20558
braid	20559
wavy	20560
upgrades	20561
deported	20562
parabolic	20563
manipulations	20564
Donaldson	20565
buckling	20566
lagged	20567
enigma	20568
descends	20569
injunctions	20570
lurched	20571
mend	20572
retirees	20573
womanhood	20574
smacked	20575
pendant	20576
manipulative	20577
discontinue	20578
centralization	20579
polytechnic	20580
opposes	20581
realty	20582
CEOs	20583
iniquity	20584
flirting	20585
analytically	20586
bombings	20587
outfits	20588
intuitions	20589
anthem	20590
domestically	20591
wallpaper	20592
Buddhists	20593
proponent	20594
Lerner	20595
Henrietta	20596
constitutionality	20597
internationalization	20598
predictably	20599
inoculation	20600
dashing	20601
gilt	20602
gaunt	20603
cropped	20604
locales	20605
digested	20606
carbide	20607
brim	20608
hive	20609
rigidly	20610
edict	20611
underdeveloped	20612
Connolly	20613
millet	20614
Scribner	20615
exponents	20616
shrank	20617
conquering	20618
subspace	20619
exclusionary	20620
Jed	20621
cant	20622
Eduardo	20623
enthusiasts	20624
tungsten	20625
moot	20626
bibliographic	20627
Humboldt	20628
safest	20629
bison	20630
worsened	20631
Swanson	20632
tenuous	20633
commend	20634
illustrator	20635
subcontractor	20636
elucidate	20637
depositions	20638
edifice	20639
derrick	20640
imputed	20641
Agatha	20642
gunner	20643
purposefully	20644
inefficiency	20645
Belgrade	20646
pantry	20647
espoused	20648
encephalitis	20649
Ptolemy	20650
spurs	20651
seer	20652
blight	20653
Christendom	20654
Alfonso	20655
injurious	20656
brigades	20657
nectar	20658
diffused	20659
arable	20660
lymphocyte	20661
evangelist	20662
funerals	20663
enclosing	20664
curving	20665
obeying	20666
gesturing	20667
fling	20668
signification	20669
reconsidered	20670
modifies	20671
knotted	20672
regal	20673
perforation	20674
Priscilla	20675
Bengali	20676
Englishmen	20677
blooming	20678
interspersed	20679
McClellan	20680
actuator	20681
chattering	20682
apnea	20683
yonder	20684
barring	20685
Sumner	20686
advertiser	20687
inconceivable	20688
pasha	20689
inquiring	20690
fledged	20691
hens	20692
collaborated	20693
intermediates	20694
vouchers	20695
contagion	20696
rupees	20697
boundless	20698
erroneously	20699
monarchs	20700
excreted	20701
wally	20702
inanimate	20703
perceptible	20704
GSA	20705
reeds	20706
stereotypical	20707
Wilcox	20708
inspirational	20709
centennial	20710
divisional	20711
toad	20712
imbued	20713
Guthrie	20714
grooves	20715
objectionable	20716
dost	20717
flatter	20718
hernia	20719
dimensionless	20720
chests	20721
Bentham	20722
mane	20723
McGuire	20724
numerator	20725
McKinley	20726
dole	20727
caretaker	20728
disabling	20729
Othello	20730
Andes	20731
predisposition	20732
consumerism	20733
demo	20734
overlying	20735
guardianship	20736
rationalization	20737
flinched	20738
disqualification	20739
relentlessly	20740
binge	20741
millionaire	20742
octave	20743
resonances	20744
exclusions	20745
Hodgkin	20746
smirked	20747
McCoy	20748
confronts	20749
Shepard	20750
starboard	20751
asparagus	20752
iPad	20753
volcanoes	20754
backside	20755
Reilly	20756
spasm	20757
carelessly	20758
Chavez	20759
positivism	20760
hooves	20761
girlfriends	20762
pandemic	20763
placements	20764
drizzle	20765
Aubrey	20766
airfield	20767
Bertha	20768
beauties	20769
Peking	20770
inflection	20771
AMD	20772
aired	20773
fowl	20774
fangs	20775
amyloid	20776
exemplifies	20777
voucher	20778
Reyes	20779
aloof	20780
Milo	20781
nucleotides	20782
Cato	20783
Jacksonville	20784
filth	20785
whirling	20786
Danube	20787
imitating	20788
inauguration	20789
skulls	20790
defeats	20791
tributary	20792
roster	20793
Meier	20794
raiders	20795
toolkit	20796
bog	20797
consumes	20798
fret	20799
regionalism	20800
Domingo	20801
Katy	20802
turnaround	20803
irritability	20804
futility	20805
Rene	20806
bereavement	20807
graces	20808
abstractions	20809
besieged	20810
deleterious	20811
Pliny	20812
designates	20813
inspires	20814
sweeps	20815
cataract	20816
casket	20817
submissive	20818
slider	20819
Bergen	20820
acquitted	20821
Dixie	20822
whim	20823
gibbons	20824
annuities	20825
Blackburn	20826
Atkins	20827
equine	20828
salsa	20829
stink	20830
shutdown	20831
entrants	20832
repatriation	20833
circumvent	20834
oblige	20835
rejoicing	20836
Ramsay	20837
mammoth	20838
respectability	20839
welcomes	20840
Herodotus	20841
lodgings	20842
uneasiness	20843
alleges	20844
dined	20845
gourmet	20846
niches	20847
fervent	20848
slicing	20849
mouthful	20850
unqualified	20851
prejudicial	20852
roasting	20853
Newsweek	20854
crouch	20855
restart	20856
disrupting	20857
trotted	20858
wager	20859
Yvonne	20860
positional	20861
Romero	20862
peasantry	20863
reclaimed	20864
flammable	20865
prosthesis	20866
unilaterally	20867
Baden	20868
CFO	20869
coulomb	20870
testicular	20871
ordinal	20872
conspicuously	20873
partisans	20874
unarmed	20875
yon	20876
untrue	20877
specter	20878
impasse	20879
injustices	20880
Amish	20881
hugs	20882
rustling	20883
emirates	20884
impediments	20885
Bahamas	20886
coop	20887
Mohammad	20888
passivity	20889
impenetrable	20890
motivates	20891
booster	20892
slums	20893
Pius	20894
calendars	20895
mashed	20896
circuitry	20897
tanker	20898
herbicide	20899
tinged	20900
antithesis	20901
finality	20902
columnist	20903
sweetie	20904
jg	20905
contemporaneous	20906
galley	20907
Mimi	20908
Hermes	20909
fistula	20910
McLaughlin	20911
clearest	20912
transpired	20913
wearily	20914
chancery	20915
averse	20916
convicts	20917
galactic	20918
polyester	20919
Ogden	20920
crank	20921
volts	20922
slogans	20923
astounding	20924
cardiomyopathy	20925
adoration	20926
proverbial	20927
orchards	20928
smashing	20929
Frederic	20930
Terence	20931
Stirling	20932
Mandela	20933
equalization	20934
salted	20935
idealistic	20936
philistines	20937
malformations	20938
converges	20939
epinephrine	20940
buzzed	20941
Moreno	20942
Wallis	20943
sorghum	20944
peep	20945
robber	20946
soot	20947
shadowed	20948
unwise	20949
Turin	20950
neurotransmitter	20951
constancy	20952
tapered	20953
sidewalks	20954
Haynes	20955
sedan	20956
contributory	20957
debilitating	20958
amplifiers	20959
Algerian	20960
podium	20961
patterning	20962
locale	20963
inclinations	20964
argon	20965
Lila	20966
Ramon	20967
permeable	20968
berth	20969
hamburger	20970
queried	20971
stallion	20972
separable	20973
kosher	20974
Freddy	20975
circadian	20976
regents	20977
spawned	20978
dependable	20979
ire	20980
budge	20981
lifetimes	20982
tram	20983
whoa	20984
lawns	20985
contaminant	20986
cuttings	20987
ailments	20988
popularly	20989
pedestal	20990
bandages	20991
fossa	20992
Vanderbilt	20993
spotting	20994
assassinated	20995
buff	20996
competences	20997
unstructured	20998
refreshed	20999
rinsed	21000
Kraft	21001
bodyguard	21002
Erickson	21003
syndicate	21004
mop	21005
faltered	21006
fathom	21007
tripartite	21008
Burmese	21009
intergroup	21010
reparations	21011
BMW	21012
bled	21013
LCD	21014
cyanide	21015
cadre	21016
quitting	21017
CBC	21018
workman	21019
moors	21020
experimented	21021
perceptive	21022
ebb	21023
eyelid	21024
Haas	21025
mandible	21026
Celeste	21027
enclosures	21028
sparkle	21029
lucid	21030
pods	21031
penned	21032
Billie	21033
kt	21034
reunited	21035
tad	21036
jaundice	21037
euthanasia	21038
geometries	21039
OTC	21040
transmits	21041
Baird	21042
springing	21043
sustains	21044
juicy	21045
Barthes	21046
Melvin	21047
glassy	21048
sexism	21049
smug	21050
uni	21051
sonata	21052
rodent	21053
devaluation	21054
flurry	21055
demography	21056
Lansing	21057
acculturation	21058
dwells	21059
beset	21060
rationalism	21061
reminiscences	21062
turquoise	21063
Moe	21064
sewn	21065
woodlands	21066
waning	21067
videotape	21068
undisputed	21069
dismounted	21070
buggy	21071
tiers	21072
Lucien	21073
inescapable	21074
Avon	21075
sphincter	21076
bronchial	21077
recount	21078
foxes	21079
gallop	21080
heredity	21081
expansions	21082
tattoos	21083
unintentional	21084
warships	21085
feasts	21086
playfully	21087
challenger	21088
Klan	21089
organizes	21090
hazy	21091
importers	21092
cuffs	21093
imaginations	21094
outnumbered	21095
desserts	21096
acne	21097
twitch	21098
devour	21099
tramp	21100
pedigree	21101
appreciating	21102
feces	21103
rendition	21104
azure	21105
priceless	21106
sniff	21107
perspiration	21108
charmed	21109
spartan	21110
consolidating	21111
prehistory	21112
sickly	21113
taxis	21114
cherries	21115
xxiv	21116
Romano	21117
phonology	21118
piezoelectric	21119
sheen	21120
WW	21121
ideologically	21122
necessitates	21123
appraisals	21124
blooded	21125
Kr	21126
pun	21127
adipose	21128
Nasser	21129
Barnard	21130
overlaps	21131
misled	21132
syllabus	21133
lunged	21134
hacker	21135
gritted	21136
guerrillas	21137
mercenaries	21138
distributes	21139
sill	21140
NZ	21141
CAI	21142
invoices	21143
exacerbate	21144
supine	21145
ointment	21146
Bessie	21147
pneumatic	21148
streamlined	21149
colleen	21150
beet	21151
spectroscopic	21152
avert	21153
duo	21154
Winnipeg	21155
secularism	21156
yawned	21157
epidermis	21158
impunity	21159
apprehensive	21160
quid	21161
trumpets	21162
anthrax	21163
categorize	21164
spade	21165
adaptable	21166
Debra	21167
mitigated	21168
Sgt	21169
prom	21170
sensuous	21171
canning	21172
civility	21173
consort	21174
Inuit	21175
dermal	21176
memorials	21177
underscored	21178
weariness	21179
unwarranted	21180
sparkled	21181
flea	21182
Mellon	21183
Marlowe	21184
audiovisual	21185
popper	21186
squid	21187
Morales	21188
cipher	21189
entourage	21190
outspoken	21191
westerners	21192
breathtaking	21193
slag	21194
stamping	21195
HMS	21196
patting	21197
strangled	21198
unlucky	21199
darkly	21200
throats	21201
sequestration	21202
Lithuanian	21203
unsolicited	21204
lymphoid	21205
reaffirmed	21206
walkway	21207
pronouncements	21208
partitioned	21209
partake	21210
snare	21211
slurry	21212
juridical	21213
culprit	21214
hoisted	21215
brine	21216
Tolstoy	21217
solicited	21218
blacksmith	21219
mammary	21220
canary	21221
analgesic	21222
septal	21223
intonation	21224
likened	21225
Hewitt	21226
recoverable	21227
bowels	21228
Bosch	21229
mappings	21230
breeders	21231
pitted	21232
offsets	21233
slashed	21234
herbicides	21235
Gladys	21236
condo	21237
miserably	21238
cornea	21239
renunciation	21240
Gettysburg	21241
dreamer	21242
nameless	21243
landau	21244
impartiality	21245
reputed	21246
cardiology	21247
narcissistic	21248
collapses	21249
Paterson	21250
carnal	21251
mongol	21252
thereunder	21253
tempt	21254
subtracted	21255
Ginny	21256
midpoint	21257
raisins	21258
transitory	21259
scrubbed	21260
impacting	21261
endpoints	21262
suspensions	21263
Freudian	21264
discouraging	21265
obituary	21266
gelatin	21267
trope	21268
raspberry	21269
anchoring	21270
closures	21271
cigars	21272
onstage	21273
endanger	21274
Edmonton	21275
Langley	21276
OE	21277
otter	21278
chills	21279
Champaign	21280
legions	21281
iPod	21282
delegations	21283
pecuniary	21284
tributaries	21285
airspace	21286
gravy	21287
ditches	21288
interviewee	21289
Catalan	21290
kerosene	21291
scolded	21292
sluggish	21293
GNP	21294
viceroy	21295
Emile	21296
perinatal	21297
Davy	21298
hays	21299
fosters	21300
brig	21301
Mari	21302
fiddle	21303
hops	21304
maturing	21305
OPEC	21306
unequivocal	21307
extraneous	21308
staphylococcus	21309
eminently	21310
batches	21311
rowing	21312
materialist	21313
booze	21314
Delia	21315
fateful	21316
conflicted	21317
bromide	21318
crates	21319
cypress	21320
McDowell	21321
beggars	21322
gust	21323
devotees	21324
swamps	21325
injecting	21326
Mortimer	21327
adversarial	21328
habitually	21329
Aramaic	21330
insidious	21331
retroactive	21332
reinsurance	21333
flagship	21334
midland	21335
shuffle	21336
harden	21337
winery	21338
leprosy	21339
renewing	21340
quiver	21341
laryngeal	21342
lilies	21343
clap	21344
resonate	21345
solves	21346
threefold	21347
responders	21348
pessimism	21349
coolly	21350
titanic	21351
caressing	21352
manifestly	21353
limitless	21354
militants	21355
overgrown	21356
orator	21357
cloned	21358
replete	21359
forsaken	21360
mace	21361
murky	21362
lighten	21363
Minnie	21364
Montenegro	21365
embolism	21366
tattered	21367
apprentices	21368
permissive	21369
enmity	21370
Ruskin	21371
newborns	21372
zealous	21373
reductase	21374
emitter	21375
coupons	21376
outliers	21377
horticultural	21378
enshrined	21379
thaw	21380
NYSE	21381
onboard	21382
Bern	21383
furnaces	21384
commemoration	21385
hexagonal	21386
candida	21387
pow	21388
constellations	21389
Dy	21390
immanent	21391
Adele	21392
disrespect	21393
usefully	21394
axon	21395
reverses	21396
Kafka	21397
eras	21398
proctor	21399
congruence	21400
bloodshed	21401
vehemently	21402
Macintosh	21403
puppies	21404
bribes	21405
lark	21406
madman	21407
escrow	21408
archetypal	21409
Faust	21410
nagging	21411
Carly	21412
permeated	21413
materialized	21414
pawn	21415
hindrance	21416
twitching	21417
photosynthetic	21418
ingested	21419
VHS	21420
NBA	21421
licensure	21422
ballast	21423
elves	21424
congregational	21425
compendium	21426
philanthropic	21427
formaldehyde	21428
narcotic	21429
caregiving	21430
thickly	21431
dungeon	21432
progenitor	21433
Bose	21434
boosted	21435
transposition	21436
Medici	21437
Chrysler	21438
Sparta	21439
lessened	21440
basing	21441
zenith	21442
harmonization	21443
parochial	21444
quay	21445
concurred	21446
bellowed	21447
blazed	21448
Emil	21449
booths	21450
enclose	21451
austere	21452
Ingram	21453
undefined	21454
unequivocally	21455
decipher	21456
swaps	21457
yells	21458
hammering	21459
androgen	21460
photocopy	21461
laminated	21462
bohemian	21463
lodges	21464
begs	21465
shipbuilding	21466
Ortiz	21467
plating	21468
bravo	21469
primers	21470
regressions	21471
subterranean	21472
bipartisan	21473
necessitate	21474
impotence	21475
codification	21476
pinnacle	21477
Zionism	21478
scratches	21479
monotonous	21480
XL	21481
Stevie	21482
adenocarcinoma	21483
Brutus	21484
Dryden	21485
Tammy	21486
souvenir	21487
gleaned	21488
judicious	21489
cranes	21490
caveat	21491
foothills	21492
shriek	21493
placental	21494
vertigo	21495
fraternal	21496
LPs	21497
modulate	21498
forthwith	21499
cadence	21500
confounding	21501
crumbled	21502
glee	21503
frightful	21504
speedily	21505
keel	21506
shearing	21507
boating	21508
Bono	21509
positron	21510
hydrology	21511
novelists	21512
tibia	21513
sugarcane	21514
dune	21515
unsecured	21516
grazed	21517
opioids	21518
plastered	21519
ejection	21520
ophthalmic	21521
stretcher	21522
nourished	21523
spontaneity	21524
handshake	21525
breakers	21526
Alba	21527
destroyers	21528
religiosity	21529
pluck	21530
anthropogenic	21531
pernicious	21532
capacitors	21533
therapeutics	21534
renovated	21535
grate	21536
yolk	21537
defends	21538
inadmissible	21539
wail	21540
splashing	21541
midlands	21542
animosity	21543
Mattie	21544
inhale	21545
tester	21546
Gareth	21547
adverb	21548
Hutton	21549
opus	21550
hobbies	21551
demarcation	21552
parables	21553
orifice	21554
flooring	21555
singleton	21556
adore	21557
obstetrics	21558
resolutely	21559
intestines	21560
snoring	21561
ISP	21562
warring	21563
wrapper	21564
incompatibility	21565
harmonics	21566
McNamara	21567
comedies	21568
postnatal	21569
iced	21570
resurrected	21571
classifiers	21572
Malaya	21573
devising	21574
blackmail	21575
estimators	21576
anarchist	21577
lactose	21578
absorbs	21579
steaks	21580
datum	21581
molds	21582
kinematic	21583
ladders	21584
Europa	21585
kinder	21586
ebony	21587
distraught	21588
bandits	21589
plow	21590
Dartmouth	21591
Petra	21592
Skye	21593
Vaughn	21594
skyline	21595
copyrights	21596
acetone	21597
carton	21598
forfeited	21599
fades	21600
Erich	21601
bowers	21602
mirroring	21603
wrench	21604
transmitters	21605
interchangeable	21606
veranda	21607
probed	21608
fanciful	21609
bylaws	21610
slander	21611
lawmakers	21612
chasm	21613
corpora	21614
dummies	21615
Monty	21616
hoop	21617
Fargo	21618
Bloomsbury	21619
conservatory	21620
Dunbar	21621
polio	21622
padding	21623
participle	21624
stepfather	21625
mica	21626
cashier	21627
Spenser	21628
virulence	21629
ANSI	21630
dynamism	21631
lumps	21632
ADP	21633
arbitrage	21634
paradigmatic	21635
proffered	21636
Sergei	21637
gauze	21638
furrowed	21639
lamina	21640
attentions	21641
catcher	21642
principled	21643
alchemy	21644
inaction	21645
imitated	21646
mash	21647
viscount	21648
fluidity	21649
disappoint	21650
permutation	21651
definitively	21652
playback	21653
diuretics	21654
flop	21655
clarifies	21656
Mira	21657
orthopedic	21658
Roberta	21659
analogues	21660
WP	21661
truthfully	21662
Bosnian	21663
redefine	21664
Shelly	21665
spanned	21666
hemorrhagic	21667
immobilization	21668
malaise	21669
heretics	21670
charred	21671
husbandry	21672
wanton	21673
pragmatics	21674
Booker	21675
cerebellum	21676
negotiators	21677
disapproved	21678
liquidated	21679
eukaryotic	21680
Bolshevik	21681
scalable	21682
interracial	21683
maxima	21684
Zane	21685
stifling	21686
forefinger	21687
dormitory	21688
defied	21689
Tyson	21690
internships	21691
safari	21692
vb	21693
undivided	21694
extrapolation	21695
Delphi	21696
Katharine	21697
hateful	21698
actuators	21699
Pickering	21700
Marin	21701
reunification	21702
gypsum	21703
pretense	21704
Wendell	21705
freshness	21706
bullock	21707
Saigon	21708
clasp	21709
Hayward	21710
orchestrated	21711
reciting	21712
engrossed	21713
hectare	21714
radii	21715
typewriter	21716
initialization	21717
sensitivities	21718
bray	21719
Hodges	21720
funk	21721
anus	21722
misconceptions	21723
slacks	21724
abusing	21725
rehearsed	21726
Ballard	21727
Franciscan	21728
projector	21729
bridegroom	21730
neonates	21731
cautions	21732
Dickson	21733
doubting	21734
Genoa	21735
Jarvis	21736
verbatim	21737
Wanda	21738
satirical	21739
gestalt	21740
RCA	21741
greenish	21742
plugs	21743
ripples	21744
altitudes	21745
Vicki	21746
glycerol	21747
Keynesian	21748
larynx	21749
friar	21750
veterinarian	21751
intersecting	21752
lunatic	21753
commute	21754
unparalleled	21755
abject	21756
expend	21757
boo	21758
Sanford	21759
broadest	21760
finale	21761
rigging	21762
quickened	21763
Burnett	21764
discontinuance	21765
Luce	21766
baptists	21767
blackberry	21768
racket	21769
Jennie	21770
frequented	21771
rarity	21772
gunpowder	21773
squirrels	21774
Orwell	21775
undifferentiated	21776
halting	21777
triplet	21778
idly	21779
tinted	21780
ascribe	21781
designee	21782
symbolize	21783
quantization	21784
synapses	21785
Lieberman	21786
hottest	21787
detergent	21788
Iroquois	21789
Clarissa	21790
setbacks	21791
whiskers	21792
scandalous	21793
validating	21794
unbounded	21795
Judd	21796
transformers	21797
singularly	21798
imparted	21799
sneered	21800
stricter	21801
quark	21802
hover	21803
Lagrangian	21804
Mohamed	21805
Granada	21806
osteoarthritis	21807
Vega	21808
darkening	21809
creepy	21810
Marlene	21811
Claudius	21812
lousy	21813
Vicky	21814
chaps	21815
geographers	21816
thorax	21817
Delaney	21818
Hayek	21819
Ferris	21820
arson	21821
miscarriage	21822
lured	21823
chic	21824
sparsely	21825
stubbornly	21826
memberships	21827
Elmer	21828
barter	21829
pup	21830
mysteriously	21831
affectionately	21832
assignee	21833
reinstated	21834
maltreatment	21835
scowl	21836
slay	21837
murdering	21838
coveted	21839
boilers	21840
Greer	21841
hilt	21842
wreckage	21843
superman	21844
attributing	21845
Appleton	21846
Lenny	21847
Florentine	21848
bro	21849
fondness	21850
empiricism	21851
inelastic	21852
Huber	21853
gypsies	21854
itinerary	21855
Schubert	21856
Gallup	21857
crocodile	21858
ellipse	21859
reimburse	21860
immorality	21861
contraceptives	21862
citizenry	21863
owls	21864
delineate	21865
Hyderabad	21866
tolerances	21867
burdensome	21868
garb	21869
Fitzpatrick	21870
Armenians	21871
Susanna	21872
starters	21873
unchanging	21874
discredit	21875
endowments	21876
subtype	21877
radioactivity	21878
corrosive	21879
lizards	21880
apprehend	21881
connotation	21882
outwardly	21883
silicate	21884
takeoff	21885
pondering	21886
microfilm	21887
energized	21888
knockout	21889
fiat	21890
regulars	21891
downloading	21892
flavored	21893
Ramirez	21894
linden	21895
biologist	21896
assessor	21897
Archibald	21898
rapidity	21899
rectangles	21900
Gracie	21901
spied	21902
marginalization	21903
bruise	21904
stepmother	21905
coinage	21906
whaling	21907
saluted	21908
parson	21909
Lyle	21910
GOP	21911
floodplain	21912
deafness	21913
haughty	21914
darting	21915
willfully	21916
lemonade	21917
beginner	21918
barons	21919
Quran	21920
Pretoria	21921
periodontal	21922
debugging	21923
Starbucks	21924
foolishness	21925
affixed	21926
wholesalers	21927
midi	21928
biotech	21929
somber	21930
gingerly	21931
orphanage	21932
digitally	21933
fates	21934
Colombo	21935
uneasily	21936
floppy	21937
aberration	21938
ethnically	21939
Aegean	21940
clears	21941
oars	21942
Sui	21943
hydrophilic	21944
skim	21945
Liza	21946
Carthage	21947
Sweeney	21948
deafening	21949
declarative	21950
Hurst	21951
facilitators	21952
Samaritan	21953
ISS	21954
carpenters	21955
irrevocable	21956
redefined	21957
hissing	21958
knitted	21959
Whitehall	21960
gulp	21961
chopping	21962
monologue	21963
domino	21964
unveiled	21965
preemption	21966
deteriorate	21967
Harlow	21968
harlequin	21969
dissolves	21970
discernment	21971
copious	21972
conquests	21973
interchangeably	21974
Tia	21975
chefs	21976
strolling	21977
neurotic	21978
drunkenness	21979
trey	21980
budgeted	21981
cowardly	21982
Nehemiah	21983
pathos	21984
rumbled	21985
avocado	21986
secretory	21987
intensively	21988
Lahore	21989
gruesome	21990
clot	21991
biosphere	21992
squadrons	21993
salespeople	21994
glitter	21995
firmness	21996
geographies	21997
interlocking	21998
infidelity	21999
substitutions	22000
surreal	22001
Cheshire	22002
hires	22003
stabbing	22004
sinusoidal	22005
casinos	22006
Nicola	22007
kc	22008
lull	22009
encircled	22010
caterpillar	22011
temporally	22012
shrouded	22013
Belinda	22014
manifolds	22015
incarnate	22016
Hiroshima	22017
succinctly	22018
ticks	22019
biceps	22020
sniper	22021
efficacious	22022
NSC	22023
poisons	22024
nineties	22025
reductive	22026
valet	22027
Stephenson	22028
transplants	22029
extremist	22030
adorable	22031
chakra	22032
abrasive	22033
feline	22034
pinning	22035
crouching	22036
eta	22037
Jamaican	22038
uncovering	22039
boldness	22040
pubic	22041
amines	22042
plated	22043
rejoiced	22044
lite	22045
postscript	22046
caliph	22047
altars	22048
contraindicated	22049
Gillespie	22050
hypothyroidism	22051
seasoning	22052
badger	22053
whirlwind	22054
conveyor	22055
heron	22056
Siberian	22057
shortfall	22058
aphasia	22059
abstracted	22060
expatriate	22061
encodes	22062
glided	22063
dill	22064
commuting	22065
Bohemia	22066
alludes	22067
transgressions	22068
setback	22069
vases	22070
exclusivity	22071
gazes	22072
malls	22073
Inca	22074
unspeakable	22075
tagging	22076
notifications	22077
dictum	22078
hatched	22079
jogging	22080
happenings	22081
Iraqis	22082
atheism	22083
Brigham	22084
pursues	22085
escalated	22086
admirers	22087
manslaughter	22088
solder	22089
provost	22090
puddle	22091
interwoven	22092
audition	22093
championships	22094
germs	22095
cantor	22096
aborigines	22097
condominium	22098
saffron	22099
Brit	22100
hooded	22101
palazzo	22102
Orr	22103
promissory	22104
chops	22105
naught	22106
cactus	22107
airflow	22108
textured	22109
Thorpe	22110
Utrecht	22111
USP	22112
linguists	22113
stoop	22114
removable	22115
insular	22116
ovaries	22117
amuse	22118
nominally	22119
butch	22120
Meyers	22121
Gaul	22122
seaweed	22123
starred	22124
hypertensive	22125
brainstorming	22126
soundness	22127
immutable	22128
subtotal	22129
netting	22130
grieved	22131
canteen	22132
tiled	22133
Gauss	22134
healers	22135
modifiers	22136
cadres	22137
grail	22138
pluralistic	22139
toured	22140
disposing	22141
surpluses	22142
fruitless	22143
capricious	22144
loosening	22145
pulsing	22146
nightfall	22147
leveraged	22148
Brecht	22149
infiltrate	22150
deb	22151
cruisers	22152
picket	22153
telescopes	22154
midsummer	22155
Sherwood	22156
noninvasive	22157
innermost	22158
fleshy	22159
identifications	22160
shouldered	22161
combed	22162
notations	22163
Frey	22164
Shea	22165
computes	22166
leaflet	22167
particularity	22168
academically	22169
dismantled	22170
dismayed	22171
fleets	22172
leftover	22173
fated	22174
perjury	22175
Rosalind	22176
confining	22177
Confucianism	22178
refunds	22179
subjection	22180
reeling	22181
cheeses	22182
numbness	22183
Wilkes	22184
unravel	22185
lunches	22186
nobleman	22187
Macedonian	22188
expedited	22189
affidavits	22190
betraying	22191
braces	22192
wedges	22193
islander	22194
Mendoza	22195
pharmacists	22196
ingrained	22197
moderator	22198
deformations	22199
portraying	22200
corral	22201
Tomas	22202
Ignatius	22203
impure	22204
chopper	22205
activator	22206
bingo	22207
bungalow	22208
treasured	22209
Elisha	22210
Ramos	22211
sloppy	22212
armistice	22213
reputations	22214
moms	22215
dripped	22216
oblong	22217
emery	22218
ores	22219
conferring	22220
knocks	22221
mediates	22222
Christy	22223
gallbladder	22224
phenol	22225
metaphorically	22226
itch	22227
sarcastically	22228
hardcover	22229
clumps	22230
Seville	22231
padre	22232
symbiotic	22233
Lagrange	22234
haunts	22235
resumes	22236
glimmer	22237
tenet	22238
atheist	22239
Hodge	22240
fondly	22241
congestive	22242
complicating	22243
outpost	22244
ferns	22245
seclusion	22246
envious	22247
condenser	22248
sprouts	22249
subcontractors	22250
troopers	22251
preposition	22252
irons	22253
classed	22254
Custer	22255
traitors	22256
grenade	22257
slump	22258
backstage	22259
piped	22260
greenfield	22261
emigrated	22262
uttering	22263
indicted	22264
catheters	22265
revitalization	22266
gutter	22267
Boyer	22268
Leningrad	22269
undeveloped	22270
perturbed	22271
footed	22272
Coventry	22273
distaste	22274
Faraday	22275
prefecture	22276
crusades	22277
Nassau	22278
ponytail	22279
newfound	22280
haggard	22281
leveraging	22282
Fuchs	22283
lulu	22284
overshadowed	22285
nominate	22286
subsumed	22287
laminar	22288
Clemens	22289
martini	22290
seduce	22291
acoustics	22292
Schroeder	22293
numerals	22294
cryptic	22295
Thor	22296
recur	22297
forgery	22298
bur	22299
Ingrid	22300
appended	22301
evocative	22302
exemplar	22303
Somali	22304
hoe	22305
ventilator	22306
overrun	22307
folate	22308
Baal	22309
bazaar	22310
cartridges	22311
boyhood	22312
prodigious	22313
chimpanzees	22314
detour	22315
creeks	22316
warfarin	22317
jeopardize	22318
clipboard	22319
Rayleigh	22320
Nadia	22321
reborn	22322
duff	22323
colloidal	22324
watersheds	22325
unites	22326
divinely	22327
philosophic	22328
interacted	22329
Caspian	22330
descriptor	22331
rehearsals	22332
tact	22333
busted	22334
Turing	22335
cemented	22336
soar	22337
Abbas	22338
breeches	22339
undoing	22340
howled	22341
MySQL	22342
Ceylon	22343
Kellogg	22344
alleviation	22345
cradled	22346
discounting	22347
Olympia	22348
clotting	22349
therefrom	22350
expel	22351
basilica	22352
Mathews	22353
invincible	22354
synergistic	22355
durations	22356
singly	22357
mover	22358
Glover	22359
interrupts	22360
snaps	22361
statehood	22362
ludicrous	22363
BIA	22364
dope	22365
discreetly	22366
Scot	22367
failings	22368
planter	22369
Dorian	22370
credence	22371
purify	22372
amplify	22373
housewife	22374
cruises	22375
Winnie	22376
MCI	22377
superposition	22378
biologic	22379
sausages	22380
afloat	22381
heady	22382
reopened	22383
bf	22384
sociopolitical	22385
posit	22386
scalability	22387
Kern	22388
burnout	22389
distinctiveness	22390
Bluetooth	22391
murmuring	22392
keynote	22393
voids	22394
seedling	22395
hurdle	22396
Purdue	22397
rotates	22398
econometric	22399
totaled	22400
programmable	22401
upload	22402
clerics	22403
marries	22404
commemorate	22405
overtaken	22406
Giuseppe	22407
cyclone	22408
dun	22409
hydrodynamic	22410
layouts	22411
grad	22412
pajamas	22413
upscale	22414
handbag	22415
hysteresis	22416
uppermost	22417
plutonium	22418
afferent	22419
reprints	22420
rabies	22421
sundry	22422
reorganized	22423
endocrinology	22424
beige	22425
schizophrenic	22426
intoxicating	22427
nominees	22428
relayed	22429
testator	22430
Tulsa	22431
Quakers	22432
ataxia	22433
LNG	22434
blasts	22435
Kris	22436
crotch	22437
quantifying	22438
revolves	22439
phytoplankton	22440
villas	22441
collage	22442
divisive	22443
defunct	22444
Fannie	22445
caricature	22446
Luigi	22447
conjugation	22448
automaton	22449
desirous	22450
converged	22451
commended	22452
exchequer	22453
eruptions	22454
punches	22455
Tennyson	22456
Costello	22457
histamine	22458
comer	22459
Icelandic	22460
stealth	22461
redirect	22462
recreate	22463
emu	22464
arcade	22465
Tocqueville	22466
madly	22467
unreasonably	22468
exemplify	22469
acquiescence	22470
accretion	22471
snort	22472
feverish	22473
shortcuts	22474
misfortunes	22475
quenching	22476
slowdown	22477
Munro	22478
heaped	22479
Lew	22480
melodrama	22481
Aztec	22482
boutique	22483
preferentially	22484
Ajax	22485
barium	22486
recoil	22487
conspirators	22488
Frankenstein	22489
Iliad	22490
cramps	22491
Benin	22492
altruistic	22493
enticing	22494
airs	22495
soiled	22496
LGBT	22497
departs	22498
adjourned	22499
McPherson	22500
sonnets	22501
bales	22502
outing	22503
inconclusive	22504
trampled	22505
furs	22506
curative	22507
dentists	22508
postcards	22509
approvals	22510
antibacterial	22511
rumbling	22512
interviewers	22513
Kelsey	22514
algal	22515
steeped	22516
retreats	22517
laity	22518
Castillo	22519
pledges	22520
magma	22521
unsustainable	22522
pharmacologic	22523
IDE	22524
laborer	22525
paralleled	22526
Greta	22527
stomped	22528
counterproductive	22529
formalities	22530
Lorenz	22531
convective	22532
pep	22533
filmmaker	22534
memorize	22535
accentuated	22536
misgivings	22537
fruition	22538
courtly	22539
euphoria	22540
lightness	22541
trimming	22542
monomers	22543
veneer	22544
deferral	22545
pebble	22546
fMRI	22547
undercut	22548
epistles	22549
conjure	22550
compress	22551
elegantly	22552
tightness	22553
Bohr	22554
Dorset	22555
storyteller	22556
amputation	22557
ravaged	22558
abducted	22559
virgins	22560
antiviral	22561
harming	22562
sorely	22563
speck	22564
oratory	22565
scoffed	22566
twinkle	22567
reimbursed	22568
gad	22569
taper	22570
undertakes	22571
Emory	22572
Holloway	22573
tallest	22574
vents	22575
downed	22576
tonnage	22577
Seward	22578
hypothermia	22579
chivalry	22580
giddy	22581
gunshot	22582
electing	22583
looms	22584
Faye	22585
effortlessly	22586
flannel	22587
ripening	22588
Blanchard	22589
reflexivity	22590
patsy	22591
Reuters	22592
instructs	22593
inflexible	22594
commuter	22595
abreast	22596
cheapest	22597
Cory	22598
bower	22599
stereotyping	22600
comparability	22601
SARS	22602
trachea	22603
Prometheus	22604
thermally	22605
ferrous	22606
consternation	22607
messing	22608
lowlands	22609
pellet	22610
flair	22611
Lana	22612
twinkling	22613
mercenary	22614
intakes	22615
timeliness	22616
adverbs	22617
ulnar	22618
aria	22619
glint	22620
worsen	22621
papacy	22622
puritans	22623
accomplice	22624
dammit	22625
forlorn	22626
tasked	22627
assuredly	22628
Internationale	22629
Ewing	22630
soliciting	22631
Caitlin	22632
loaves	22633
regurgitation	22634
championed	22635
Blaine	22636
convulsions	22637
positivist	22638
Waller	22639
Hun	22640
piling	22641
odors	22642
Kremlin	22643
abolitionist	22644
prescribes	22645
regimental	22646
shroud	22647
siding	22648
personhood	22649
avenge	22650
astronomer	22651
inflationary	22652
FDIC	22653
Goddard	22654
navigable	22655
rallied	22656
straightening	22657
slant	22658
secretive	22659
denominated	22660
selector	22661
lanterns	22662
bolus	22663
dyslexia	22664
intimidate	22665
rectify	22666
Brewster	22667
alleys	22668
Esau	22669
fallout	22670
follicle	22671
conglomerate	22672
Moldova	22673
dynasties	22674
housework	22675
shun	22676
bustle	22677
cascades	22678
wield	22679
titan	22680
symbolizes	22681
xxv	22682
authorizations	22683
neurotransmitters	22684
soothed	22685
Terri	22686
Raoul	22687
Missy	22688
linguistically	22689
thumping	22690
groans	22691
statesmen	22692
exasperation	22693
rationing	22694
mugs	22695
samurai	22696
stubble	22697
Kurds	22698
revolve	22699
innocently	22700
counterpoint	22701
overhaul	22702
PW	22703
eugenics	22704
hurdles	22705
kale	22706
scrutinized	22707
postulates	22708
toned	22709
succumb	22710
trooper	22711
flange	22712
guilds	22713
provisioning	22714
suppressor	22715
vexed	22716
freer	22717
clump	22718
Holocene	22719
scouting	22720
Quixote	22721
logarithm	22722
resorting	22723
Boltzmann	22724
lengthening	22725
Meade	22726
craved	22727
spiked	22728
abnormally	22729
villains	22730
Nikolai	22731
brevity	22732
embarrass	22733
streamline	22734
legumes	22735
swallows	22736
Stephan	22737
woes	22738
Antichrist	22739
predominate	22740
mirth	22741
rimmed	22742
inns	22743
hertz	22744
matron	22745
murmurs	22746
harbors	22747
docking	22748
Julio	22749
molasses	22750
signifier	22751
playboy	22752
Bradshaw	22753
meticulously	22754
meaningfully	22755
urethra	22756
hydroelectric	22757
PCB	22758
doings	22759
barns	22760
plush	22761
chimed	22762
gums	22763
chassis	22764
Weinberg	22765
rescuing	22766
phobia	22767
pours	22768
mangrove	22769
Kristin	22770
utilitarianism	22771
Chicano	22772
interjected	22773
conclusively	22774
apparition	22775
jerking	22776
articulates	22777
surging	22778
positives	22779
antebellum	22780
washes	22781
Wilbur	22782
alluvial	22783
inevitability	22784
valuations	22785
whereof	22786
jaguar	22787
Dalai	22788
appetites	22789
refrigerated	22790
drifts	22791
wedged	22792
Carmichael	22793
diodes	22794
soups	22795
ordinate	22796
experimenter	22797
omitting	22798
Melinda	22799
Denton	22800
Vargas	22801
reindeer	22802
bridal	22803
thrusts	22804
studded	22805
Knoxville	22806
underlines	22807
physique	22808
ESL	22809
receding	22810
boomers	22811
soprano	22812
recollect	22813
waiters	22814
cadet	22815
commonality	22816
Zulu	22817
elects	22818
roamed	22819
sentient	22820
fainted	22821
weaponry	22822
histology	22823
outlying	22824
anointing	22825
turret	22826
Guyana	22827
vacate	22828
untold	22829
Tamara	22830
crafting	22831
proclaims	22832
philosophically	22833
pry	22834
malignancies	22835
gist	22836
repulsion	22837
wheeling	22838
omen	22839
diversify	22840
dyke	22841
disorderly	22842
tracker	22843
imprinted	22844
Libyan	22845
McConnell	22846
sucks	22847
profess	22848
suffices	22849
heralded	22850
Cochran	22851
marbles	22852
reparation	22853
youngster	22854
Harmon	22855
moths	22856
volleyball	22857
cloths	22858
whining	22859
McMahon	22860
reconstituted	22861
vans	22862
tortoise	22863
ruffled	22864
ovulation	22865
Hannibal	22866
Saturdays	22867
Elgar	22868
certifying	22869
scribbled	22870
passageway	22871
infinitive	22872
dynastic	22873
NYC	22874
classically	22875
disorganized	22876
negate	22877
drumming	22878
comprehensible	22879
Khmer	22880
saucer	22881
coldness	22882
rodeo	22883
subculture	22884
neoplastic	22885
horticulture	22886
commodore	22887
Duane	22888
pars	22889
fortitude	22890
medulla	22891
Yukon	22892
farce	22893
amply	22894
mores	22895
nightclub	22896
testifies	22897
gauges	22898
insolvent	22899
unanticipated	22900
fervor	22901
decompression	22902
nicer	22903
mediocre	22904
bruising	22905
conceivably	22906
pollard	22907
tractors	22908
Wesleyan	22909
evangelism	22910
panoramic	22911
Gretchen	22912
shampoo	22913
exaggerate	22914
pinto	22915
ado	22916
tufts	22917
Joaquin	22918
cleansed	22919
Lennon	22920
opener	22921
zipper	22922
herder	22923
roofing	22924
kelvin	22925
fared	22926
cosmopolitanism	22927
shuddering	22928
cleverly	22929
Tito	22930
blasphemy	22931
scanners	22932
libido	22933
sweetest	22934
complacency	22935
aberrant	22936
hilarious	22937
liberally	22938
disco	22939
vicarious	22940
extremists	22941
vigil	22942
entanglement	22943
crease	22944
synagogues	22945
Assyria	22946
gardeners	22947
Garth	22948
cadets	22949
excepting	22950
jurists	22951
waterway	22952
divination	22953
braided	22954
perforated	22955
anions	22956
Napoleonic	22957
robins	22958
filename	22959
overruled	22960
smoother	22961
boasting	22962
reused	22963
controllable	22964
buster	22965
postures	22966
warehousing	22967
archetype	22968
aches	22969
landscaping	22970
reformist	22971
revolved	22972
quarrels	22973
flares	22974
pesos	22975
shew	22976
ADC	22977
ADM	22978
stimulant	22979
sauces	22980
purest	22981
solicitors	22982
mansions	22983
cascading	22984
lice	22985
unfounded	22986
rollers	22987
Margot	22988
unintentionally	22989
comprehensively	22990
dressings	22991
locates	22992
malfunction	22993
rambling	22994
Estonian	22995
cavernous	22996
artisan	22997
unimaginable	22998
indecent	22999
curtailed	23000
neutrino	23001
pence	23002
hamper	23003
affine	23004
shaker	23005
conserving	23006
voluminous	23007
diver	23008
Dominique	23009
intermittently	23010
loam	23011
aristocrats	23012
motorcycles	23013
addressee	23014
exhale	23015
goggles	23016
shards	23017
extermination	23018
ply	23019
hemp	23020
crave	23021
Bergman	23022
wrestled	23023
countermeasures	23024
immunological	23025
timbers	23026
endoscopy	23027
subspecies	23028
fend	23029
thwart	23030
underpinned	23031
beginners	23032
myrtle	23033
parathyroid	23034
abstain	23035
dived	23036
warily	23037
MiG	23038
juniper	23039
grange	23040
coerced	23041
solidly	23042
reproducible	23043
grievous	23044
Gabrielle	23045
adiabatic	23046
boils	23047
reread	23048
reps	23049
wicker	23050
almanac	23051
fissure	23052
Dolores	23053
gout	23054
developmentally	23055
sneakers	23056
hospitable	23057
iTunes	23058
Cavendish	23059
formatted	23060
Sikhs	23061
Sudanese	23062
orchestral	23063
Parmesan	23064
butts	23065
clutches	23066
crystallized	23067
eliciting	23068
horseshoe	23069
unambiguously	23070
liters	23071
heave	23072
adjutant	23073
toluene	23074
primed	23075
effecting	23076
impeded	23077
commences	23078
phonon	23079
Britons	23080
Brenner	23081
NCAA	23082
NSA	23083
secrete	23084
Jonson	23085
attributions	23086
Proust	23087
headlong	23088
Handel	23089
demonstrative	23090
incipient	23091
tenders	23092
Philippians	23093
stifle	23094
Darwinian	23095
inactivity	23096
wasteful	23097
desegregation	23098
Goa	23099
Yeltsin	23100
fingered	23101
McGee	23102
Elsa	23103
pretensions	23104
bewilderment	23105
incredulous	23106
Dirac	23107
Ishmael	23108
lawless	23109
Eastman	23110
unattractive	23111
luminosity	23112
McBride	23113
shrunk	23114
briefed	23115
lags	23116
imp	23117
Bavaria	23118
braking	23119
immunities	23120
procuring	23121
surpass	23122
reelection	23123
flax	23124
wrenched	23125
draper	23126
cocktails	23127
spousal	23128
repositories	23129
scents	23130
stunt	23131
dispel	23132
jock	23133
rainwater	23134
Hades	23135
confrontations	23136
discredited	23137
snug	23138
moratorium	23139
hydrothermal	23140
iceberg	23141
Shelton	23142
soundly	23143
unwritten	23144
alternation	23145
triumphantly	23146
oscillating	23147
concussion	23148
zombies	23149
Chennai	23150
forgets	23151
discontinuities	23152
neutralize	23153
substantiate	23154
uproar	23155
troupe	23156
Guido	23157
aggravating	23158
considerate	23159
disseminating	23160
rehab	23161
smoker	23162
Zechariah	23163
Serb	23164
unload	23165
redeemer	23166
dosages	23167
bouts	23168
pacemaker	23169
hoof	23170
theta	23171
absently	23172
Zeke	23173
unregulated	23174
spoons	23175
chipped	23176
unplanned	23177
expectant	23178
genitals	23179
tripping	23180
converters	23181
Dulles	23182
Rasmussen	23183
locomotion	23184
bridle	23185
laborious	23186
oxygenation	23187
diminution	23188
Pasadena	23189
recounting	23190
ensembles	23191
queues	23192
weavers	23193
dismissive	23194
authoritarianism	23195
milligrams	23196
soundtrack	23197
thugs	23198
seeding	23199
unconditionally	23200
mournful	23201
tableau	23202
diverge	23203
superconducting	23204
acetyl	23205
crackling	23206
pyramidal	23207
sprawl	23208
Mort	23209
ophthalmology	23210
poetical	23211
coolness	23212
chaste	23213
waveforms	23214
moans	23215
finalized	23216
chariots	23217
stasis	23218
mimicking	23219
mage	23220
lubrication	23221
corroborated	23222
stairwell	23223
phage	23224
Ankara	23225
blankly	23226
hues	23227
delineation	23228
subtlety	23229
Zachary	23230
denim	23231
frontline	23232
prefect	23233
diurnal	23234
booty	23235
obstructed	23236
Gastroenterology	23237
slug	23238
DVDs	23239
dreamy	23240
firstborn	23241
buckled	23242
childbearing	23243
mingling	23244
ruptured	23245
staunch	23246
dispensation	23247
subdue	23248
universals	23249
suicides	23250
environmentalists	23251
thicket	23252
watchers	23253
wasp	23254
Northampton	23255
ovens	23256
carp	23257
regionally	23258
inductance	23259
coo	23260
cursory	23261
understatement	23262
writhing	23263
courtiers	23264
superficially	23265
Karachi	23266
duress	23267
internalization	23268
Chalmers	23269
palladium	23270
serine	23271
adjusts	23272
reverie	23273
revisiting	23274
versed	23275
milder	23276
Boswell	23277
Muriel	23278
reputable	23279
interrogated	23280
follicles	23281
thrice	23282
Gilman	23283
Cartwright	23284
christology	23285
lineup	23286
Sabine	23287
fours	23288
rooting	23289
nicknamed	23290
GPO	23291
reproduces	23292
franc	23293
consummate	23294
pungent	23295
overtake	23296
distributional	23297
dropout	23298
Piedmont	23299
subclass	23300
reconstructions	23301
Colby	23302
Siemens	23303
reimbursements	23304
Walden	23305
vagueness	23306
navigational	23307
crucible	23308
domestication	23309
earners	23310
testis	23311
encapsulation	23312
sock	23313
connectedness	23314
Louvre	23315
introspection	23316
splicing	23317
authenticated	23318
dryly	23319
lubricant	23320
genders	23321
refrigerate	23322
fink	23323
Tajikistan	23324
Barclay	23325
alibi	23326
scarring	23327
purview	23328
quivered	23329
loo	23330
conscription	23331
Hogarth	23332
regency	23333
bottleneck	23334
asses	23335
Marius	23336
Macy	23337
congenial	23338
certifications	23339
aeronautical	23340
cochlear	23341
PLO	23342
attains	23343
hotly	23344
rigged	23345
postmaster	23346
unproductive	23347
constraining	23348
redefining	23349
redwood	23350
McLeod	23351
orb	23352
transporters	23353
streptococcus	23354
headers	23355
immobile	23356
Eritrea	23357
bale	23358
postmenopausal	23359
grudge	23360
decays	23361
rallies	23362
possessor	23363
cairns	23364
bathtub	23365
Brunei	23366
veracity	23367
placid	23368
Myra	23369
Conner	23370
keystone	23371
anticipatory	23372
bureaus	23373
boxed	23374
conjured	23375
interwar	23376
Akbar	23377
stitched	23378
Frau	23379
cowardice	23380
blocker	23381
insecticides	23382
Enrique	23383
unchecked	23384
searing	23385
premised	23386
obliterated	23387
slits	23388
payer	23389
inadvertent	23390
recesses	23391
cruelly	23392
Bayes	23393
immovable	23394
guarantor	23395
Tobago	23396
papillary	23397
optimally	23398
resentful	23399
plausibility	23400
bureaucracies	23401
Yoruba	23402
rooftop	23403
outweighed	23404
repertory	23405
sores	23406
alms	23407
uncompromising	23408
wailed	23409
sash	23410
papyrus	23411
reopen	23412
wreath	23413
catfish	23414
browns	23415
Cornish	23416
narcissism	23417
raked	23418
Norse	23419
leviathan	23420
obstinate	23421
conceit	23422
radiography	23423
fructose	23424
Oder	23425
Chadwick	23426
Matthias	23427
nationalistic	23428
Labrador	23429
bumping	23430
schooner	23431
forsake	23432
rudder	23433
regenerative	23434
relatedness	23435
carefree	23436
Ahab	23437
Hooper	23438
raiding	23439
packer	23440
politic	23441
unionists	23442
borrowings	23443
partridge	23444
heartland	23445
Tasmania	23446
universalism	23447
ponies	23448
carnage	23449
chloroform	23450
bobbing	23451
meth	23452
diminutive	23453
sojourn	23454
kiln	23455
feigned	23456
farmed	23457
ism	23458
Javier	23459
industrious	23460
aerodynamic	23461
biopsies	23462
Kepler	23463
Mongolian	23464
manifesting	23465
absences	23466
grenades	23467
wielded	23468
dag	23469
genitalia	23470
visualizing	23471
paramilitary	23472
terrors	23473
serge	23474
Marriott	23475
domicile	23476
volition	23477
liners	23478
dominions	23479
wayward	23480
belligerent	23481
wrestle	23482
lecturers	23483
Lyme	23484
IPO	23485
smartphone	23486
envied	23487
ejected	23488
refrained	23489
feral	23490
concordance	23491
eyelashes	23492
sentry	23493
bleached	23494
username	23495
contraband	23496
Jurassic	23497
disjoint	23498
ecologically	23499
forbids	23500
Trenton	23501
holster	23502
stint	23503
reflector	23504
newsroom	23505
distancing	23506
tantamount	23507
Kali	23508
roach	23509
churchyard	23510
distinctively	23511
empathic	23512
permutations	23513
fishers	23514
veal	23515
bilirubin	23516
Gonzales	23517
payback	23518
loathing	23519
VF	23520
cryptography	23521
barb	23522
wielding	23523
underpin	23524
impotent	23525
Mariana	23526
embodying	23527
estradiol	23528
appraised	23529
tinker	23530
dainty	23531
casserole	23532
pennies	23533
mutilation	23534
quail	23535
urethral	23536
Jaime	23537
crumble	23538
audacity	23539
badges	23540
estranged	23541
Charlemagne	23542
marred	23543
commemorative	23544
embarking	23545
clearinghouse	23546
carvings	23547
tumult	23548
takers	23549
extremism	23550
sophomore	23551
timers	23552
convolution	23553
Gilmore	23554
LSD	23555
cutters	23556
flopped	23557
fad	23558
oatmeal	23559
mite	23560
stewards	23561
globalized	23562
voicing	23563
nosed	23564
heme	23565
consummation	23566
banded	23567
uncomplicated	23568
indulgent	23569
striding	23570
enterprising	23571
surgeries	23572
phrasing	23573
sputtering	23574
Cid	23575
brunt	23576
quad	23577
mayors	23578
garnered	23579
metallurgy	23580
courting	23581
waldo	23582
Maude	23583
expropriation	23584
Chinatown	23585
clatter	23586
Tracey	23587
chauffeur	23588
wad	23589
kWh	23590
yarns	23591
wavering	23592
encased	23593
randomness	23594
charting	23595
sculpted	23596
KGB	23597
displeased	23598
untenable	23599
incessantly	23600
browned	23601
limo	23602
adhesives	23603
gasps	23604
notary	23605
rams	23606
snapshots	23607
tidings	23608
sharpen	23609
tropes	23610
encroachment	23611
Louie	23612
stamina	23613
lignin	23614
dilatation	23615
receptacle	23616
mutilated	23617
trustworthiness	23618
epiphany	23619
virulent	23620
friendliness	23621
Callahan	23622
Horowitz	23623
epitome	23624
Qumran	23625
perpetuated	23626
psoriasis	23627
bloke	23628
Atlantis	23629
docs	23630
corrugated	23631
crusaders	23632
leveling	23633
grimace	23634
skew	23635
underpinnings	23636
calcification	23637
memorized	23638
enclave	23639
squatted	23640
Minerva	23641
dissenters	23642
racialized	23643
amiss	23644
oar	23645
sedative	23646
Yong	23647
originator	23648
headmaster	23649
vaulted	23650
indistinct	23651
allotments	23652
archers	23653
purgatory	23654
deceiving	23655
fenced	23656
Magdalene	23657
astronauts	23658
Orientalism	23659
drinkers	23660
Pentecost	23661
girdle	23662
deletions	23663
etymology	23664
pageant	23665
baccalaureate	23666
grammars	23667
mingle	23668
Montague	23669
fanning	23670
Kayla	23671
therewith	23672
VIP	23673
nape	23674
outlay	23675
comedian	23676
shrugs	23677
faraway	23678
pairwise	23679
McIntosh	23680
darts	23681
endocarditis	23682
reincarnation	23683
semantically	23684
tumultuous	23685
bootstrap	23686
astral	23687
dishonesty	23688
triangulation	23689
Thebes	23690
modus	23691
deposed	23692
ethereal	23693
injunctive	23694
Cadillac	23695
gratifying	23696
reverted	23697
idiots	23698
depriving	23699
flattery	23700
hefty	23701
comical	23702
exacting	23703
Artemis	23704
aisles	23705
isomorphism	23706
childlike	23707
gloved	23708
dredging	23709
robbing	23710
admonition	23711
collided	23712
embassies	23713
overcoat	23714
orchid	23715
Elton	23716
discriminant	23717
buoyant	23718
gymnasium	23719
Emanuel	23720
dynamite	23721
biometric	23722
mussels	23723
observant	23724
Barron	23725
Charlottesville	23726
antics	23727
mites	23728
aneurysms	23729
initiator	23730
moiety	23731
garnet	23732
Okinawa	23733
vehicular	23734
Mather	23735
substantiated	23736
actionable	23737
smothered	23738
flanking	23739
distorting	23740
steeply	23741
apoptotic	23742
mayonnaise	23743
Nazism	23744
hatching	23745
obstruct	23746
autocratic	23747
primaries	23748
sled	23749
Euripides	23750
Underwood	23751
menstruation	23752
Thea	23753
Dinah	23754
thinned	23755
tweed	23756
bushy	23757
bluish	23758
caramel	23759
Toulouse	23760
cauliflower	23761
mariner	23762
quarterback	23763
thalamus	23764
acclaim	23765
heaters	23766
subaltern	23767
fasten	23768
craftsman	23769
barbarous	23770
clout	23771
dimmed	23772
friars	23773
nutritious	23774
pagans	23775
teleological	23776
shaggy	23777
frauds	23778
mirage	23779
basalt	23780
paucity	23781
sanctified	23782
Burroughs	23783
lookup	23784
Antonia	23785
valor	23786
Markham	23787
techno	23788
billboard	23789
ascendancy	23790
thriller	23791
vending	23792
boomed	23793
stilled	23794
scorched	23795
Iberian	23796
Arafat	23797
replying	23798
whine	23799
unsigned	23800
differentiates	23801
reticulum	23802
avatar	23803
bioethics	23804
flimsy	23805
wounding	23806
embed	23807
affording	23808
sutra	23809
tournaments	23810
fatality	23811
skimmed	23812
resumption	23813
coaster	23814
bolsheviks	23815
scaffolds	23816
innocuous	23817
cornered	23818
lapsed	23819
narrows	23820
puppets	23821
demonstrators	23822
lethargy	23823
wronged	23824
tolls	23825
AOL	23826
detain	23827
desist	23828
catechism	23829
humbled	23830
jumper	23831
undeniably	23832
sapiens	23833
walnuts	23834
Fabian	23835
magically	23836
chevalier	23837
realignment	23838
proxies	23839
jugular	23840
swami	23841
twig	23842
extras	23843
navel	23844
combs	23845
coriander	23846
Eurasian	23847
colorless	23848
opal	23849
mindless	23850
souvenirs	23851
tiered	23852
mellow	23853
growling	23854
complicates	23855
eel	23856
tribulation	23857
nutmeg	23858
hogs	23859
maidens	23860
temps	23861
Bianca	23862
sorrowful	23863
blah	23864
franchises	23865
spokesperson	23866
ticked	23867
Cambodian	23868
unlawfully	23869
suspending	23870
shilling	23871
milking	23872
tricked	23873
pals	23874
glorify	23875
Sicilian	23876
Midwestern	23877
hummed	23878
divisible	23879
cardiopulmonary	23880
absorbance	23881
Bayer	23882
forceps	23883
cumin	23884
Pandora	23885
tetanus	23886
collide	23887
entrapment	23888
Pompey	23889
sleeper	23890
rebelled	23891
governess	23892
accumulates	23893
Felipe	23894
dieter	23895
postural	23896
attentively	23897
finals	23898
contesting	23899
sketching	23900
fanned	23901
Chou	23902
Grimm	23903
emblematic	23904
harvests	23905
insignia	23906
sneer	23907
unintelligible	23908
unscrupulous	23909
washer	23910
recorders	23911
stag	23912
bereaved	23913
subcontinent	23914
Ferrari	23915
Riemann	23916
Balfour	23917
Roderick	23918
spasms	23919
ifs	23920
preset	23921
feathered	23922
sprays	23923
pseudonym	23924
oftentimes	23925
myocardium	23926
Cebuano	23927
drooping	23928
Bertram	23929
cub	23930
townships	23931
unrecognized	23932
Sargent	23933
superstructure	23934
sever	23935
silences	23936
forcible	23937
parsing	23938
isomers	23939
mislead	23940
sufferers	23941
Whigs	23942
unfriendly	23943
Welles	23944
Dracula	23945
dukes	23946
cognizant	23947
exhortation	23948
veneration	23949
wavered	23950
situate	23951
Maxine	23952
presuppositions	23953
impervious	23954
hubs	23955
telephoned	23956
Tran	23957
batman	23958
unknowns	23959
rheumatic	23960
reclaiming	23961
ensign	23962
conceiving	23963
chromatic	23964
parishioners	23965
Sylvester	23966
popes	23967
resonates	23968
towing	23969
eyesight	23970
stepwise	23971
maneuvering	23972
overloaded	23973
Hiram	23974
overpowering	23975
forfeit	23976
Kaye	23977
Anatolia	23978
sorcerer	23979
discloses	23980
repudiation	23981
prickly	23982
rearranged	23983
tickled	23984
yawning	23985
millimeter	23986
ridiculed	23987
MGM	23988
illuminates	23989
benefactor	23990
rooster	23991
meditative	23992
inquisitive	23993
minimalist	23994
ferocity	23995
polystyrene	23996
Maimonides	23997
patchwork	23998
appease	23999
flawless	24000
disillusioned	24001
Andrei	24002
indiscriminate	24003
partnering	24004
agonizing	24005
Jewry	24006
photovoltaic	24007
inferential	24008
Lyman	24009
erode	24010
hesitantly	24011
Hurley	24012
congratulated	24013
huff	24014
buoyancy	24015
margarine	24016
intranet	24017
toppled	24018
unsuspecting	24019
fables	24020
hangar	24021
propane	24022
populous	24023
reactants	24024
exhilarating	24025
onlookers	24026
bullied	24027
lading	24028
amateurs	24029
vindication	24030
errands	24031
materialize	24032
ranchers	24033
infringe	24034
silken	24035
Ephesus	24036
authorial	24037
assistive	24038
flowered	24039
caustic	24040
suitcases	24041
stanzas	24042
naturalized	24043
waxed	24044
shatter	24045
wick	24046
mutated	24047
admirably	24048
coed	24049
smoothness	24050
refs	24051
tripod	24052
gala	24053
superpower	24054
sexist	24055
deli	24056
notional	24057
orientated	24058
Hartman	24059
sleepless	24060
arginine	24061
haircut	24062
Sykes	24063
APC	24064
metamorphic	24065
unbound	24066
undressed	24067
lettering	24068
microphones	24069
biofuels	24070
grapple	24071
dips	24072
mongols	24073
RFC	24074
shyness	24075
Cubans	24076
fledgling	24077
evacuate	24078
impossibly	24079
admirer	24080
thrived	24081
massively	24082
dryness	24083
lynching	24084
jails	24085
insatiable	24086
methamphetamine	24087
Garfield	24088
backlog	24089
surrendering	24090
evoking	24091
guesses	24092
hectic	24093
hemispheres	24094
Thucydides	24095
amphibians	24096
Helene	24097
libertarian	24098
socializing	24099
neurosurgery	24100
conceptualize	24101
nakedness	24102
scorecard	24103
tillage	24104
repurchase	24105
coverings	24106
Urdu	24107
maxims	24108
nth	24109
Conn	24110
itinerant	24111
horsepower	24112
grandchild	24113
unionist	24114
restores	24115
strayed	24116
xxvi	24117
legible	24118
nudge	24119
portability	24120
constructivism	24121
counterterrorism	24122
sucker	24123
Justine	24124
lagging	24125
metabolized	24126
clove	24127
angelica	24128
minima	24129
dissected	24130
calmer	24131
pall	24132
bookstores	24133
Montaigne	24134
synovial	24135
Perl	24136
outwards	24137
Sheppard	24138
documentaries	24139
assassins	24140
Walpole	24141
installments	24142
strictures	24143
unjustified	24144
shoemaker	24145
receded	24146
sumptuous	24147
sift	24148
squealed	24149
alfalfa	24150
WV	24151
Byzantium	24152
Rhodesia	24153
drowsiness	24154
muses	24155
nursed	24156
reassessment	24157
Blackstone	24158
semiotics	24159
shortness	24160
rump	24161
cheaply	24162
rippled	24163
customarily	24164
feats	24165
Chaplin	24166
darn	24167
monotone	24168
Anselm	24169
burrow	24170
televised	24171
volt	24172
embers	24173
unreported	24174
simplifies	24175
ruse	24176
marveled	24177
collars	24178
Soto	24179
idioms	24180
Frye	24181
balconies	24182
enlarging	24183
stinking	24184
gully	24185
disappointments	24186
fifths	24187
tragically	24188
intelligentsia	24189
tum	24190
forearms	24191
barbie	24192
gable	24193
topographical	24194
analgesics	24195
luxuries	24196
computationally	24197
Manfred	24198
inhabiting	24199
princely	24200
correspondences	24201
blockage	24202
barges	24203
wizards	24204
overseer	24205
exerting	24206
Lucian	24207
rookie	24208
snuggled	24209
steppe	24210
invisibility	24211
harmonized	24212
Sloane	24213
loaned	24214
multitudes	24215
faux	24216
caloric	24217
Berkshire	24218
Cinderella	24219
handcuffs	24220
Knowles	24221
oracles	24222
sinuses	24223
Dorothea	24224
meteorology	24225
distanced	24226
federated	24227
softball	24228
denounce	24229
Kipling	24230
smelt	24231
groundbreaking	24232
barbaric	24233
abusers	24234
socialized	24235
looting	24236
blackboard	24237
congested	24238
enriching	24239
lambda	24240
inverter	24241
redness	24242
admonished	24243
vegan	24244
cannons	24245
proviso	24246
sacramental	24247
Leila	24248
cookbook	24249
Stockton	24250
sameness	24251
babel	24252
transcending	24253
optically	24254
bradycardia	24255
stereotyped	24256
tethered	24257
daybreak	24258
retort	24259
grafted	24260
reiterate	24261
centering	24262
Lesotho	24263
aural	24264
creams	24265
nirvana	24266
savoy	24267
eviction	24268
lectured	24269
affluence	24270
depressions	24271
priestess	24272
archaeologist	24273
Kodak	24274
Schlesinger	24275
parades	24276
hitched	24277
intruders	24278
gallows	24279
indulging	24280
sweeter	24281
paycheck	24282
rebuttal	24283
constriction	24284
Lorna	24285
Fidel	24286
inequities	24287
presenter	24288
WWII	24289
debatable	24290
muck	24291
unresponsive	24292
Judea	24293
alb	24294
unsurprisingly	24295
overtones	24296
lobbyists	24297
elated	24298
unoccupied	24299
asteroid	24300
bans	24301
yawn	24302
livery	24303
nomads	24304
dutifully	24305
creased	24306
reentry	24307
supranational	24308
grouse	24309
lecturing	24310
Farley	24311
Erwin	24312
retraction	24313
resounding	24314
hypertext	24315
geologists	24316
relinquished	24317
arching	24318
bared	24319
Winthrop	24320
colloquial	24321
campsite	24322
irregularly	24323
entwined	24324
folic	24325
sahib	24326
hunts	24327
rivalries	24328
whistles	24329
scrubbing	24330
reappear	24331
traversing	24332
meditating	24333
jog	24334
grizzly	24335
satanic	24336
pus	24337
Ives	24338
strangeness	24339
hinged	24340
devouring	24341
confiscation	24342
eloquently	24343
guidebook	24344
sickening	24345
repel	24346
hearers	24347
chimneys	24348
peacetime	24349
gangster	24350
censor	24351
alight	24352
bleaching	24353
cheekbones	24354
forefathers	24355
idleness	24356
prays	24357
Fairbanks	24358
levers	24359
ethnology	24360
surgically	24361
Hobbs	24362
allure	24363
petitioned	24364
preconditions	24365
oppositions	24366
bantam	24367
slanted	24368
cavalier	24369
methodical	24370
quill	24371
enchantment	24372
Fremont	24373
fleece	24374
grins	24375
republicanism	24376
weighty	24377
excruciating	24378
melon	24379
Annabelle	24380
infallible	24381
stipulations	24382
penchant	24383
expo	24384
disbursement	24385
constitutionalism	24386
Hershey	24387
Altman	24388
innovate	24389
algorithmic	24390
psychometric	24391
QA	24392
tenacity	24393
fervently	24394
homecoming	24395
locomotives	24396
vitally	24397
vitae	24398
scourge	24399
incurring	24400
schism	24401
Mayan	24402
rife	24403
workstations	24404
brownish	24405
irregularity	24406
alder	24407
wretch	24408
Bertie	24409
trier	24410
innovators	24411
restructure	24412
gorilla	24413
unforgettable	24414
incumbents	24415
hydropower	24416
chitosan	24417
plumage	24418
Tories	24419
ailing	24420
factorial	24421
sordid	24422
caries	24423
primitives	24424
snails	24425
tuple	24426
ruddy	24427
feud	24428
Lorentz	24429
lemons	24430
sorcery	24431
classmate	24432
sensitization	24433
tranquility	24434
reusable	24435
drones	24436
colloid	24437
pomp	24438
lifeline	24439
clawed	24440
lorry	24441
spawn	24442
cosine	24443
energetically	24444
customization	24445
mutton	24446
perpetuating	24447
horde	24448
galloping	24449
gratified	24450
Clements	24451
trifling	24452
mutter	24453
annular	24454
excepted	24455
pylori	24456
bobbed	24457
expedite	24458
mitotic	24459
summoning	24460
engender	24461
indigent	24462
Hattie	24463
Darfur	24464
sourced	24465
rapporteur	24466
snout	24467
sonar	24468
grandiose	24469
Garvey	24470
comeback	24471
flicking	24472
Tolkien	24473
promenade	24474
magnum	24475
creaking	24476
fugitives	24477
wealthier	24478
Himalayan	24479
nodule	24480
radiator	24481
levee	24482
alluring	24483
outbursts	24484
biotic	24485
illiteracy	24486
decoder	24487
hilly	24488
infestation	24489
emulation	24490
countervailing	24491
femme	24492
preventative	24493
congresses	24494
aberrations	24495
Hardin	24496
Aphrodite	24497
Hosea	24498
blizzard	24499
recoveries	24500
arrayed	24501
Everest	24502
extortion	24503
surmised	24504
handmade	24505
khaki	24506
Calder	24507
limousine	24508
filial	24509
analogs	24510
skillfully	24511
dissipate	24512
addictions	24513
plagues	24514
crutches	24515
squinting	24516
excelled	24517
diction	24518
decadent	24519
scripting	24520
telephony	24521
piecemeal	24522
onerous	24523
outlaws	24524
matrimonial	24525
opting	24526
ulceration	24527
frenzied	24528
Beaufort	24529
Radcliffe	24530
stipulates	24531
interception	24532
hunch	24533
subjunctive	24534
diaper	24535
ergonomics	24536
bequeathed	24537
Eyre	24538
impromptu	24539
cusp	24540
foundry	24541
Kristen	24542
masons	24543
materialistic	24544
insurmountable	24545
slime	24546
usages	24547
smuggled	24548
kittens	24549
Hezekiah	24550
reversion	24551
regaining	24552
dusting	24553
unending	24554
lubricants	24555
Genevieve	24556
molybdenum	24557
despotism	24558
jockey	24559
populism	24560
Elinor	24561
philology	24562
antelope	24563
conformed	24564
artworks	24565
proletarian	24566
bronchitis	24567
mediums	24568
Conan	24569
drier	24570
Whitaker	24571
convoluted	24572
grantees	24573
Homeric	24574
administers	24575
idealist	24576
creaked	24577
tango	24578
redemptive	24579
debug	24580
lovemaking	24581
midwifery	24582
subjecting	24583
crypt	24584
lotion	24585
Danes	24586
counsels	24587
exuberant	24588
Fairfield	24589
pathologist	24590
Arden	24591
dearth	24592
domes	24593
truss	24594
bequest	24595
Hollis	24596
environs	24597
victimized	24598
mainstay	24599
dilapidated	24600
welled	24601
dusted	24602
Galloway	24603
kilometer	24604
cilantro	24605
bandit	24606
JFK	24607
coaxial	24608
porters	24609
enjoined	24610
sprinkling	24611
funerary	24612
alimony	24613
Osiris	24614
vesicle	24615
decorum	24616
sacked	24617
Leland	24618
plumes	24619
ploy	24620
KP	24621
Macon	24622
entice	24623
MTV	24624
ventilated	24625
worksheets	24626
multinationals	24627
pluralist	24628
hotline	24629
inferno	24630
Erika	24631
sheriffs	24632
vapors	24633
selfless	24634
ensue	24635
alertness	24636
typhoid	24637
squatting	24638
knack	24639
gambler	24640
escalate	24641
implausible	24642
defiantly	24643
campfire	24644
ignite	24645
kohl	24646
Lon	24647
painless	24648
cluttered	24649
Richie	24650
Ortega	24651
purport	24652
pastime	24653
standstill	24654
sharpening	24655
stoned	24656
craven	24657
breeder	24658
omnipotent	24659
Ollie	24660
frigid	24661
venturing	24662
scurried	24663
auspicious	24664
brides	24665
powerlessness	24666
warped	24667
looped	24668
wildfire	24669
tucking	24670
interlude	24671
laps	24672
idyllic	24673
quenched	24674
mortgagee	24675
Meiji	24676
unjustly	24677
argumentative	24678
zebra	24679
hearer	24680
obscenity	24681
relays	24682
accented	24683
Bhutan	24684
intrusions	24685
reliefs	24686
reigning	24687
nourish	24688
confessing	24689
stitching	24690
Jamal	24691
trappings	24692
diverting	24693
groomed	24694
Rumsfeld	24695
Lucille	24696
polemical	24697
Hewlett	24698
thundered	24699
serviced	24700
overthrown	24701
combustible	24702
Tacitus	24703
surveyors	24704
Baruch	24705
ungrateful	24706
resistances	24707
disconcerting	24708
dissident	24709
starry	24710
cote	24711
inning	24712
carcasses	24713
nag	24714
ramps	24715
radon	24716
isomorphic	24717
ottomans	24718
massacres	24719
forbearance	24720
graze	24721
lazily	24722
fennel	24723
insurgent	24724
refreshment	24725
Alaskan	24726
Sylvie	24727
worldviews	24728
leukocyte	24729
Stowe	24730
refineries	24731
periodicity	24732
Armand	24733
brothel	24734
tailoring	24735
furtherance	24736
instantaneously	24737
frigate	24738
Janie	24739
reviving	24740
subsidence	24741
blissful	24742
Merck	24743
studs	24744
Baum	24745
unify	24746
disgruntled	24747
ceasing	24748
captivated	24749
doves	24750
reshaping	24751
intolerant	24752
asterisk	24753
epileptic	24754
desertion	24755
tiring	24756
exquisitely	24757
earthy	24758
pickles	24759
roper	24760
purged	24761
replay	24762
kilogram	24763
crux	24764
madden	24765
foothold	24766
fulfills	24767
judgmental	24768
feasting	24769
overlooks	24770
cutler	24771
requester	24772
forensics	24773
simmering	24774
poplar	24775
paler	24776
flake	24777
disillusionment	24778
insecticide	24779
irreparable	24780
begotten	24781
Lombard	24782
cautionary	24783
godfather	24784
masonic	24785
misconception	24786
Saxons	24787
panes	24788
Wichita	24789
invalidate	24790
biodegradable	24791
Schopenhauer	24792
popularized	24793
instrumentality	24794
cello	24795
luminescence	24796
infuriated	24797
clashed	24798
bracelets	24799
prostrate	24800
gurney	24801
fallow	24802
diners	24803
unionism	24804
interrogate	24805
protectors	24806
murals	24807
boxers	24808
Monique	24809
damnation	24810
rosary	24811
contemptuous	24812
countering	24813
vane	24814
militias	24815
Palermo	24816
candidacy	24817
handbooks	24818
werewolf	24819
gritty	24820
bereft	24821
playwrights	24822
mustered	24823
executable	24824
bikini	24825
weaning	24826
communicable	24827
Guangdong	24828
applaud	24829
Doha	24830
reconfiguration	24831
overturn	24832
indentation	24833
dwindling	24834
Alta	24835
pollination	24836
mortuary	24837
Schulz	24838
devolved	24839
refutation	24840
Greenville	24841
eaters	24842
sensuality	24843
Sergio	24844
hordes	24845
Frazier	24846
Mathew	24847
guitars	24848
prefixes	24849
breathes	24850
whiff	24851
coolant	24852
unsupported	24853
sous	24854
Durban	24855
elevating	24856
checklists	24857
Mormons	24858
doorways	24859
personified	24860
resourceful	24861
thicknesses	24862
battled	24863
delve	24864
pups	24865
waterproof	24866
porridge	24867
flinch	24868
muffin	24869
biodiesel	24870
Gnostic	24871
ventricles	24872
landlady	24873
rightfully	24874
propel	24875
ratify	24876
Rembrandt	24877
overcrowded	24878
breakthroughs	24879
Annapolis	24880
Emilia	24881
epithet	24882
antislavery	24883
disarray	24884
instigated	24885
deftly	24886
leukocytes	24887
innings	24888
Nanjing	24889
eucalyptus	24890
Sumatra	24891
rippling	24892
Euphrates	24893
restroom	24894
communicator	24895
Bede	24896
walkers	24897
visuals	24898
succinct	24899
rationalist	24900
swarming	24901
burly	24902
dab	24903
strangest	24904
unfettered	24905
impeccable	24906
pharyngeal	24907
invests	24908
astounded	24909
Gemini	24910
Landon	24911
autograph	24912
mustang	24913
sulfuric	24914
defying	24915
infinitesimal	24916
inappropriately	24917
rallying	24918
Burundi	24919
Raul	24920
sequenced	24921
plagiarism	24922
transducers	24923
wafers	24924
tubules	24925
bilingualism	24926
cognitively	24927
quench	24928
Algiers	24929
testes	24930
Livy	24931
tremors	24932
identically	24933
coordinators	24934
Mahler	24935
rationalize	24936
chevron	24937
litigants	24938
undetected	24939
Aeneas	24940
squirmed	24941
compels	24942
imprecise	24943
raided	24944
sharpness	24945
intro	24946
vaults	24947
comprehended	24948
laboring	24949
neoplasm	24950
Provence	24951
outcry	24952
sewers	24953
brazen	24954
plaid	24955
Fresno	24956
melatonin	24957
wealthiest	24958
evaluator	24959
tome	24960
separator	24961
undulating	24962
Loyola	24963
causally	24964
aquifers	24965
carelessness	24966
dandy	24967
abrasion	24968
workmanship	24969
towed	24970
Earle	24971
Alejandro	24972
recast	24973
gestapo	24974
consecration	24975
ionized	24976
furry	24977
waistcoat	24978
apportioned	24979
prewar	24980
ascertaining	24981
climbers	24982
categorically	24983
arousing	24984
boyish	24985
gymnastics	24986
notoriety	24987
wrenching	24988
uneducated	24989
polygamy	24990
Golgi	24991
oeuvre	24992
paranormal	24993
ACTH	24994
cultivar	24995
drab	24996
Dundee	24997
chute	24998
heaviest	24999
caching	25000
laments	25001
stickers	25002
Soho	25003
disregarding	25004
etch	25005
bellows	25006
derogatory	25007
worded	25008
emphases	25009
Edmond	25010
crazed	25011
magnificence	25012
Horatio	25013
equates	25014
reintegration	25015
conservancy	25016
infringing	25017
zoological	25018
mimics	25019
Himalayas	25020
feeders	25021
inapplicable	25022
puck	25023
suppresses	25024
recidivism	25025
watchman	25026
criticizes	25027
polemic	25028
militarily	25029
childless	25030
scanty	25031
renounced	25032
Levant	25033
sterility	25034
drapes	25035
hoard	25036
clams	25037
furthering	25038
chore	25039
ionizing	25040
polygons	25041
Emmy	25042
dusky	25043
syncope	25044
thorny	25045
gibbon	25046
whirl	25047
Yves	25048
conquerors	25049
ruining	25050
bullies	25051
upbeat	25052
microprocessor	25053
inoculated	25054
Damian	25055
supple	25056
prospered	25057
vanquished	25058
Hadrian	25059
obnoxious	25060
graphing	25061
traumatized	25062
posthumous	25063
herding	25064
revulsion	25065
xxvii	25066
scheduler	25067
privatized	25068
jacks	25069
multiplicative	25070
biofilm	25071
tundra	25072
errant	25073
mimetic	25074
deluge	25075
lichen	25076
Gainesville	25077
mot	25078
musket	25079
maximizes	25080
Lucinda	25081
payoffs	25082
ringed	25083
dangled	25084
Grover	25085
intrauterine	25086
hump	25087
insufficiently	25088
Fahrenheit	25089
prophesied	25090
Watergate	25091
Kenyan	25092
MPEG	25093
goblet	25094
enslavement	25095
Pei	25096
Mooney	25097
profusely	25098
Adrienne	25099
discipleship	25100
extinguish	25101
accesses	25102
puffy	25103
infirmary	25104
hinterland	25105
plantar	25106
confide	25107
wildest	25108
rearview	25109
resistors	25110
refinements	25111
surcharge	25112
rename	25113
nutshell	25114
renown	25115
rafters	25116
proportionately	25117
Igor	25118
alignments	25119
Latham	25120
abolitionists	25121
sobriety	25122
processions	25123
quintessential	25124
Bucharest	25125
hurtful	25126
deterred	25127
incised	25128
Devi	25129
Trotsky	25130
bulletins	25131
tentacles	25132
adventurers	25133
estuaries	25134
Huron	25135
penetrates	25136
disapprove	25137
glittered	25138
gills	25139
overtook	25140
conversing	25141
mourned	25142
construe	25143
Flanagan	25144
shrieking	25145
Camilla	25146
versatility	25147
sanctification	25148
homeowner	25149
registrations	25150
Manchuria	25151
ternary	25152
outlawed	25153
repress	25154
haphazard	25155
perversion	25156
meteor	25157
presumptions	25158
schematically	25159
jailed	25160
CRT	25161
cripple	25162
acetaminophen	25163
hacked	25164
Fitch	25165
shyly	25166
jolted	25167
regressive	25168
Moira	25169
wryly	25170
fancies	25171
deadlock	25172
sampler	25173
touchstone	25174
Taurus	25175
macho	25176
engravings	25177
fatally	25178
sighting	25179
wheezing	25180
commodification	25181
specials	25182
butte	25183
interconnect	25184
encampment	25185
Calvert	25186
oat	25187
aqua	25188
ell	25189
forte	25190
lieutenants	25191
refuted	25192
seamlessly	25193
teas	25194
insulator	25195
mechanized	25196
Antoinette	25197
sagging	25198
solidified	25199
MDs	25200
chanted	25201
deflect	25202
Purcell	25203
frosty	25204
rustle	25205
riddled	25206
persisting	25207
secularization	25208
impregnated	25209
synoptic	25210
parched	25211
furnishes	25212
protectorate	25213
approximating	25214
merchandising	25215
subvert	25216
hoist	25217
dissociative	25218
intrude	25219
yearned	25220
metering	25221
swimmer	25222
puffs	25223
droughts	25224
imputation	25225
merciless	25226
keyed	25227
dodging	25228
grapefruit	25229
headphones	25230
Bergson	25231
toughest	25232
Chopin	25233
harem	25234
polluting	25235
tint	25236
Siegfried	25237
ceded	25238
treadmill	25239
culpability	25240
unfulfilled	25241
advancements	25242
rocker	25243
curtail	25244
emotive	25245
purportedly	25246
THC	25247
magnifying	25248
halved	25249
muffins	25250
Brahma	25251
helms	25252
untied	25253
sputum	25254
Busch	25255
tins	25256
permeate	25257
fibrin	25258
Indochina	25259
nematodes	25260
prodded	25261
intercom	25262
editorials	25263
reconstitution	25264
McFarland	25265
couplings	25266
cranberry	25267
restructured	25268
plausibly	25269
suffixes	25270
cantilever	25271
scarecrow	25272
heyday	25273
elitist	25274
dexterity	25275
subtropical	25276
artifice	25277
gaped	25278
kindled	25279
Tiberius	25280
Beecher	25281
Yuri	25282
synapse	25283
chants	25284
refill	25285
harnessed	25286
maximized	25287
flustered	25288
chuckling	25289
hackers	25290
reinvestment	25291
Borneo	25292
wort	25293
intersects	25294
townspeople	25295
rescission	25296
stockholder	25297
tracheal	25298
censored	25299
iodide	25300
HMO	25301
trepidation	25302
turbo	25303
balm	25304
enchanting	25305
gosh	25306
obtainable	25307
saddled	25308
mists	25309
Hearst	25310
wholeheartedly	25311
dyeing	25312
Strickland	25313
spline	25314
instill	25315
denser	25316
nonprofits	25317
amalgamation	25318
eccentricity	25319
hadith	25320
unfaithful	25321
clique	25322
verifiable	25323
dialectics	25324
homely	25325
excised	25326
fertilized	25327
metrical	25328
grimes	25329
Geraldine	25330
Miocene	25331
Macaulay	25332
throbbed	25333
whiting	25334
trophies	25335
unsupervised	25336
stimulants	25337
fortification	25338
whosoever	25339
deformities	25340
replicates	25341
replicating	25342
aspired	25343
disengagement	25344
instilled	25345
Nadine	25346
glories	25347
microbiological	25348
vandalism	25349
downloads	25350
fresco	25351
McMillan	25352
Emilio	25353
Johanna	25354
Oppenheimer	25355
leftovers	25356
overlapped	25357
sidebar	25358
warlike	25359
shay	25360
fissures	25361
reproductions	25362
tinge	25363
denunciation	25364
uncontrollably	25365
tyrants	25366
eater	25367
affordability	25368
taping	25369
annulment	25370
palpation	25371
BSA	25372
giggles	25373
transcended	25374
octopus	25375
precipitates	25376
hesitating	25377
clam	25378
fumbling	25379
actresses	25380
ugh	25381
unconsciousness	25382
swells	25383
Thessalonians	25384
elucidated	25385
sadistic	25386
levies	25387
flirt	25388
donned	25389
unbelief	25390
calcite	25391
whined	25392
cubicle	25393
priory	25394
compacted	25395
tabular	25396
unkind	25397
disembodied	25398
unattended	25399
illogical	25400
fetuses	25401
enlighten	25402
shreds	25403
resorption	25404
trudged	25405
IVF	25406
infernal	25407
unrelenting	25408
polyps	25409
majorities	25410
foolishly	25411
Napa	25412
Guadalupe	25413
honed	25414
anticancer	25415
rebate	25416
vignette	25417
nymphs	25418
Gunther	25419
larva	25420
diagonally	25421
skate	25422
cladding	25423
Rhonda	25424
seething	25425
patched	25426
calmness	25427
loot	25428
bey	25429
shunned	25430
overstated	25431
envisage	25432
Lockwood	25433
thundering	25434
dares	25435
Williamsburg	25436
spore	25437
penitentiary	25438
candlelight	25439
extravagance	25440
couched	25441
grumbling	25442
clarinet	25443
contentions	25444
Schumann	25445
Eurasia	25446
equating	25447
reserving	25448
castor	25449
captions	25450
pasted	25451
cracker	25452
gull	25453
dermatology	25454
sushi	25455
dignitaries	25456
Mott	25457
believable	25458
Irishman	25459
modulating	25460
armaments	25461
trickled	25462
chronicler	25463
cinemas	25464
nontraditional	25465
sticker	25466
wishful	25467
hallways	25468
vitreous	25469
pastries	25470
Marlborough	25471
overcomes	25472
nightgown	25473
peculiarity	25474
Hellenic	25475
Absalom	25476
banish	25477
executioner	25478
gruff	25479
comets	25480
Delgado	25481
skimming	25482
truthfulness	25483
bayou	25484
dissidents	25485
interconnections	25486
Karin	25487
flaring	25488
mystics	25489
interstellar	25490
disbanded	25491
forgave	25492
donkeys	25493
glandular	25494
Fergus	25495
easements	25496
Lockheed	25497
unicorn	25498
ineffectual	25499
Pulitzer	25500
genitive	25501
Upton	25502
presuppose	25503
summits	25504
tyrannical	25505
inflicting	25506
rearrange	25507
diuretic	25508
eclipsed	25509
complacent	25510
sightseeing	25511
confrontational	25512
mindedness	25513
panted	25514
commutative	25515
incapacitated	25516
lair	25517
pickle	25518
conditioner	25519
shuts	25520
earthen	25521
discarding	25522
sprinted	25523
heartless	25524
mourners	25525
unsolved	25526
coy	25527
potentiality	25528
clippings	25529
combatant	25530
expiry	25531
carryover	25532
recovers	25533
scum	25534
steeper	25535
tapering	25536
presumptive	25537
pah	25538
untrained	25539
SOS	25540
regenerate	25541
disoriented	25542
Woodstock	25543
oiled	25544
frictional	25545
banter	25546
zodiac	25547
masturbation	25548
Kirkpatrick	25549
puffing	25550
snuff	25551
toothed	25552
flattening	25553
collaboratively	25554
horrifying	25555
roundtable	25556
alkaloids	25557
motorist	25558
Robson	25559
pharmacies	25560
obstructions	25561
lute	25562
oxidizing	25563
heats	25564
castration	25565
mouton	25566
fatherland	25567
tonne	25568
endures	25569
singlet	25570
tabulated	25571
Lesley	25572
Flo	25573
indemnification	25574
omits	25575
decompose	25576
heretical	25577
Deirdre	25578
pulley	25579
Robyn	25580
internment	25581
preposterous	25582
rote	25583
mottled	25584
infringed	25585
NHL	25586
JPEG	25587
signatory	25588
edging	25589
indivisible	25590
saddened	25591
earmarked	25592
tryptophan	25593
summarily	25594
Filipinos	25595
constricted	25596
serpents	25597
vikings	25598
inched	25599
taker	25600
Saxony	25601
Boise	25602
juxtaposed	25603
figurines	25604
martian	25605
phylogeny	25606
Jansen	25607
amphibious	25608
Motorola	25609
Jody	25610
cheery	25611
alligator	25612
mortars	25613
stances	25614
perverted	25615
Finley	25616
eggplant	25617
Loretta	25618
redeeming	25619
humerus	25620
conceptualizing	25621
downsizing	25622
inducement	25623
kinematics	25624
wight	25625
sympathetically	25626
sensibly	25627
channeled	25628
Arcadia	25629
profusion	25630
flue	25631
Kendra	25632
underwriters	25633
Glaser	25634
mermaid	25635
whitish	25636
cookery	25637
Jillian	25638
decolonization	25639
agglomeration	25640
Rochelle	25641
sanctuaries	25642
sable	25643
zucchini	25644
Heisenberg	25645
bestselling	25646
middleware	25647
guitarist	25648
detach	25649
tingle	25650
Americana	25651
unrealized	25652
unmanned	25653
rehearse	25654
trendy	25655
willows	25656
outta	25657
servicemen	25658
nephews	25659
armament	25660
foggy	25661
biophysical	25662
factored	25663
equivocal	25664
tacitly	25665
falsity	25666
themed	25667
masterpieces	25668
movers	25669
Ritz	25670
bibles	25671
assailed	25672
imaged	25673
detoxification	25674
tummy	25675
genial	25676
McCall	25677
corals	25678
theorized	25679
condemns	25680
accelerates	25681
DDT	25682
unanimity	25683
modulator	25684
Beauvoir	25685
salaried	25686
Baptiste	25687
goings	25688
methadone	25689
sparingly	25690
montage	25691
Darrell	25692
deflected	25693
busily	25694
strikers	25695
patrolling	25696
denominational	25697
Kline	25698
Mays	25699
wedded	25700
birthdays	25701
concedes	25702
prioritized	25703
depositing	25704
intercession	25705
enteric	25706
breads	25707
aesthetically	25708
canto	25709
Ophelia	25710
sagged	25711
Lamar	25712
incongruous	25713
Darwinism	25714
churned	25715
endorsing	25716
bod	25717
equivalently	25718
nook	25719
sidelines	25720
loyalists	25721
turbidity	25722
Milne	25723
Rankin	25724
waterfalls	25725
troll	25726
crowning	25727
breathlessly	25728
conformance	25729
mariners	25730
screeching	25731
chargeable	25732
custard	25733
volley	25734
salaam	25735
solvency	25736
Gutierrez	25737
assailant	25738
lengthened	25739
commenters	25740
dodgers	25741
wipes	25742
sputtered	25743
egregious	25744
notifying	25745
nuance	25746
hanger	25747
disinfection	25748
stub	25749
scorpion	25750
fatherhood	25751
sovereigns	25752
absentee	25753
eschatology	25754
angst	25755
Barnabas	25756
awkwardness	25757
memos	25758
polypropylene	25759
pronouncement	25760
intensifying	25761
infiltrated	25762
bewildering	25763
Rockwell	25764
archangel	25765
whirlpool	25766
estimations	25767
symbiosis	25768
decode	25769
initialize	25770
gulls	25771
fearsome	25772
muscled	25773
fawn	25774
islet	25775
turkeys	25776
millennial	25777
neutralization	25778
pavements	25779
mouthpiece	25780
pastel	25781
indeterminacy	25782
petrified	25783
dodged	25784
pallet	25785
Alistair	25786
reflectivity	25787
hammers	25788
democratically	25789
sitter	25790
singularities	25791
drugged	25792
bangs	25793
nemesis	25794
annoy	25795
triglycerides	25796
conundrum	25797
nip	25798
vibrate	25799
expeditionary	25800
stumps	25801
fillet	25802
ugliness	25803
Shakespearean	25804
separatist	25805
tabloid	25806
crusader	25807
croft	25808
decayed	25809
inquest	25810
angioplasty	25811
terrier	25812
expectantly	25813
subservient	25814
Beatty	25815
hyperglycemia	25816
negotiator	25817
acquittal	25818
domesticity	25819
fluctuate	25820
postdoctoral	25821
appreciates	25822
heroines	25823
orchids	25824
Tagalog	25825
Tyrone	25826
radiate	25827
layering	25828
resonator	25829
squeak	25830
Horne	25831
methotrexate	25832
clubhouse	25833
Schelling	25834
shaven	25835
highs	25836
rollover	25837
faintest	25838
sprout	25839
thymus	25840
backups	25841
unrestrained	25842
prepayment	25843
dives	25844
stowed	25845
decadence	25846
pant	25847
atmospheres	25848
whips	25849
acacia	25850
Vishnu	25851
Patti	25852
quine	25853
conjectures	25854
innervation	25855
politicized	25856
secondhand	25857
superstitions	25858
annealed	25859
inguinal	25860
discontinuation	25861
hapless	25862
Turkmenistan	25863
napkins	25864
amniotic	25865
knoll	25866
pitchers	25867
phalanx	25868
CFC	25869
Knapp	25870
swain	25871
Humphreys	25872
lapses	25873
Frenchmen	25874
unwavering	25875
Dix	25876
pericardial	25877
Monaco	25878
perishable	25879
characterizations	25880
mismanagement	25881
kip	25882
supremely	25883
fourths	25884
inhaling	25885
seconded	25886
independents	25887
detract	25888
coco	25889
Yosemite	25890
cooperated	25891
oncoming	25892
deployments	25893
extracurricular	25894
HBO	25895
bystanders	25896
buttoned	25897
squads	25898
sliver	25899
gadgets	25900
captors	25901
Ernesto	25902
cohabitation	25903
canyons	25904
whimpered	25905
worshiped	25906
assertiveness	25907
remittance	25908
schoolchildren	25909
tankers	25910
steals	25911
revere	25912
smitten	25913
preemptive	25914
mayhem	25915
forerunner	25916
intelligibility	25917
paraphernalia	25918
layoffs	25919
banal	25920
subjugation	25921
purging	25922
curfew	25923
junta	25924
interminable	25925
novices	25926
thunderstorm	25927
boughs	25928
delusional	25929
bolstered	25930
hype	25931
Ismail	25932
ketones	25933
erythrocytes	25934
Brownian	25935
globular	25936
ligation	25937
mime	25938
freaking	25939
interrelationships	25940
heeled	25941
Witt	25942
centrifuge	25943
Emmett	25944
fooling	25945
tween	25946
evaporate	25947
paraffin	25948
modernizing	25949
Aragon	25950
yank	25951
firefighter	25952
thrashing	25953
xerox	25954
cesarean	25955
executors	25956
ferries	25957
precept	25958
Percival	25959
enlightening	25960
unearthed	25961
mantel	25962
stomachs	25963
ultimatum	25964
interactivity	25965
commonsense	25966
mistaking	25967
meshes	25968
subprime	25969
dislikes	25970
intelligently	25971
Dyson	25972
Tarzan	25973
peremptory	25974
beaded	25975
structuralism	25976
buoy	25977
hone	25978
denials	25979
Hegelian	25980
grappling	25981
celibacy	25982
sightings	25983
cremation	25984
interns	25985
polymorphic	25986
pensioners	25987
tutorials	25988
aerosols	25989
unidirectional	25990
Aron	25991
milled	25992
Hesse	25993
Bavarian	25994
Aries	25995
afresh	25996
Estelle	25997
genteel	25998
conspired	25999
moat	26000
Presley	26001
especial	26002
modernize	26003
camaraderie	26004
recalcitrant	26005
fainting	26006
addendum	26007
chocolates	26008
hydrated	26009
parentage	26010
URLs	26011
masts	26012
blueberry	26013
cringed	26014
nitrous	26015
devoting	26016
confound	26017
retro	26018
prolongation	26019
styling	26020
codon	26021
hardworking	26022
Cornelia	26023
Kyrgyzstan	26024
millimeters	26025
Agamemnon	26026
galloped	26027
Verona	26028
bogus	26029
unconcerned	26030
esprit	26031
carotene	26032
heals	26033
precipitating	26034
thumbnail	26035
aggressiveness	26036
wanderer	26037
Dawkins	26038
aborted	26039
Felicia	26040
purports	26041
positivity	26042
dwarfs	26043
trailhead	26044
litany	26045
amalgam	26046
dismantle	26047
vesting	26048
exploitative	26049
battering	26050
deflation	26051
consents	26052
jams	26053
Cleo	26054
alluding	26055
groping	26056
Copeland	26057
Akron	26058
decommissioning	26059
metallurgical	26060
shred	26061
resonated	26062
impassioned	26063
malevolent	26064
dehydrated	26065
impelled	26066
carpal	26067
amide	26068
inhabitant	26069
antifungal	26070
figuratively	26071
collaborator	26072
harassing	26073
cytology	26074
Sinatra	26075
Aden	26076
decontamination	26077
notepad	26078
Angelina	26079
waging	26080
thumped	26081
Euclid	26082
plowed	26083
commas	26084
barbarism	26085
MFA	26086
solidification	26087
Socratic	26088
marshals	26089
devious	26090
Stamford	26091
obstetric	26092
callous	26093
depolarization	26094
savor	26095
TOEFL	26096
hepatocytes	26097
encore	26098
evaluators	26099
Mendelssohn	26100
Lancelot	26101
meritorious	26102
Stu	26103
PCBs	26104
fundamentalists	26105
Ziegler	26106
swans	26107
pretends	26108
graced	26109
carcinogenic	26110
phenytoin	26111
Roscoe	26112
malformation	26113
caribou	26114
petal	26115
Maximilian	26116
rubs	26117
Chevy	26118
spacetime	26119
fetish	26120
bidirectional	26121
antipathy	26122
absorber	26123
pickled	26124
roundabout	26125
individuation	26126
Bancroft	26127
vestiges	26128
blisters	26129
tenement	26130
erstwhile	26131
vistas	26132
foaming	26133
dermis	26134
betrothed	26135
evasive	26136
zed	26137
mothering	26138
blossomed	26139
hikes	26140
shipyard	26141
vials	26142
Cauchy	26143
unincorporated	26144
Hobart	26145
bleach	26146
blackout	26147
refreshments	26148
handgun	26149
kindle	26150
allude	26151
progressives	26152
industrialists	26153
dissociated	26154
necrotic	26155
pave	26156
gateways	26157
oscillatory	26158
fob	26159
Vidal	26160
expatriates	26161
consigned	26162
nymph	26163
mitosis	26164
malleable	26165
PTA	26166
comorbidity	26167
antennae	26168
emphysema	26169
dingy	26170
limbo	26171
Kenyon	26172
astronaut	26173
orphaned	26174
Tod	26175
pinching	26176
scam	26177
bookkeeping	26178
swat	26179
gent	26180
devotes	26181
lees	26182
wadi	26183
revisionist	26184
moderated	26185
surges	26186
Calais	26187
abridged	26188
Dhaka	26189
cerebrovascular	26190
pompous	26191
realizations	26192
Alyssa	26193
seeped	26194
accruing	26195
Chechnya	26196
shivers	26197
glazing	26198
digs	26199
admittance	26200
taint	26201
Galveston	26202
emits	26203
overlaid	26204
defensively	26205
intricacies	26206
widget	26207
musk	26208
palatable	26209
prairies	26210
factorization	26211
microcosm	26212
Vicente	26213
racked	26214
Margo	26215
Wynn	26216
indenture	26217
promulgation	26218
gamut	26219
ruefully	26220
mosaics	26221
seabed	26222
communes	26223
eluded	26224
testimonial	26225
elector	26226
OED	26227
harvester	26228
defensible	26229
vestibule	26230
Reinhold	26231
grudgingly	26232
unlicensed	26233
prerogatives	26234
PCP	26235
harmonize	26236
asymptotically	26237
overuse	26238
earshot	26239
Fatima	26240
tattooed	26241
deceitful	26242
boisterous	26243
bop	26244
gunners	26245
grower	26246
whey	26247
itemized	26248
motley	26249
oversees	26250
cassettes	26251
patriarchs	26252
elaborates	26253
wonderland	26254
Rothschild	26255
nonstop	26256
disrespectful	26257
acoustical	26258
reddened	26259
WMD	26260
asymmetries	26261
realists	26262
nematode	26263
pyruvate	26264
crested	26265
framers	26266
debentures	26267
turban	26268
gynecology	26269
outflows	26270
Gaia	26271
pallor	26272
Kidd	26273
imperfection	26274
hickory	26275
waned	26276
suffocating	26277
Ora	26278
ketone	26279
Dostoevsky	26280
pricked	26281
signatories	26282
expertly	26283
stalemate	26284
cupboards	26285
marge	26286
Konrad	26287
incomparable	26288
relished	26289
lilac	26290
Lawton	26291
cauldron	26292
pox	26293
packers	26294
elaborately	26295
horned	26296
subscript	26297
retracted	26298
heighten	26299
postmortem	26300
announcer	26301
soaps	26302
clamping	26303
dogged	26304
Telugu	26305
animations	26306
retrospectively	26307
filmmaking	26308
understated	26309
GCC	26310
drowsy	26311
steamboat	26312
Marsha	26313
rejoin	26314
centerpiece	26315
Zanzibar	26316
tireless	26317
bloated	26318
exemplars	26319
clogged	26320
environmentalism	26321
Potts	26322
freckles	26323
housewives	26324
Salazar	26325
implicate	26326
stuttering	26327
brat	26328
unorthodox	26329
essences	26330
structuralist	26331
YMCA	26332
stupor	26333
bookshop	26334
varnish	26335
Sodom	26336
magnolia	26337
unobserved	26338
untitled	26339
encoder	26340
disrupts	26341
pent	26342
patchy	26343
posse	26344
kangaroo	26345
onshore	26346
reprimand	26347
Hines	26348
overalls	26349
burglar	26350
Grenada	26351
synthesizing	26352
nationhood	26353
headway	26354
pressurized	26355
royalist	26356
uprisings	26357
bridged	26358
reducible	26359
ESPN	26360
picturing	26361
Baudelaire	26362
discordant	26363
comprehending	26364
preoccupations	26365
journeyed	26366
instituting	26367
sprouting	26368
waterfowl	26369
Portia	26370
militarism	26371
steed	26372
phony	26373
jumble	26374
glistened	26375
cellars	26376
fuses	26377
lynx	26378
undergrowth	26379
sphinx	26380
teeming	26381
Greenspan	26382
joyfully	26383
chronologically	26384
fireman	26385
maroon	26386
Mennonite	26387
Celsius	26388
amassed	26389
Syriac	26390
arrhythmia	26391
Oceania	26392
awed	26393
flotation	26394
Harrisburg	26395
Oprah	26396
sociability	26397
sponges	26398
barrister	26399
alienating	26400
warts	26401
Redmond	26402
Indra	26403
detonation	26404
diapers	26405
reversals	26406
radiocarbon	26407
deluxe	26408
scripted	26409
Ripley	26410
battleship	26411
neurosis	26412
bash	26413
responsibly	26414
inconsequential	26415
febrile	26416
persevere	26417
Merritt	26418
Tuscany	26419
pornographic	26420
wove	26421
outermost	26422
magicians	26423
ridiculously	26424
unmistakably	26425
flagged	26426
Marley	26427
Hubble	26428
terminally	26429
inbound	26430
confesses	26431
empowers	26432
bypassed	26433
Maisie	26434
fen	26435
inactivated	26436
frees	26437
sharia	26438
fudge	26439
foreboding	26440
inadequately	26441
prodigal	26442
exon	26443
chubby	26444
abominable	26445
lukewarm	26446
subside	26447
merrily	26448
displacing	26449
horrendous	26450
rousing	26451
grub	26452
frock	26453
institutionally	26454
cocoon	26455
fuselage	26456
Luftwaffe	26457
lattices	26458
compatriots	26459
redhead	26460
Iranians	26461
adrift	26462
plundered	26463
hilltop	26464
despairing	26465
huffed	26466
affirmations	26467
homophobia	26468
enclaves	26469
prepositions	26470
brunette	26471
constructively	26472
portrayals	26473
commonalities	26474
predisposed	26475
wisest	26476
loins	26477
unmoved	26478
attitudinal	26479
anonymously	26480
emblems	26481
tombstone	26482
wasps	26483
cupid	26484
provokes	26485
chez	26486
nurseries	26487
Cesar	26488
crustal	26489
yew	26490
actualization	26491
rationalized	26492
Orpheus	26493
stunted	26494
expounded	26495
linens	26496
Henley	26497
lithography	26498
subjectively	26499
foretold	26500
slimy	26501
roving	26502
coached	26503
vests	26504
personification	26505
Guangzhou	26506
Bonner	26507
dumps	26508
rationales	26509
odious	26510
weakens	26511
phrased	26512
quell	26513
hangover	26514
Timmy	26515
masquerade	26516
curie	26517
mammography	26518
derision	26519
Weller	26520
factoring	26521
parasympathetic	26522
fashioning	26523
intravenously	26524
coincident	26525
leech	26526
ajar	26527
amorous	26528
outcast	26529
wistful	26530
arbiter	26531
ferment	26532
convene	26533
Sichuan	26534
lingual	26535
conciliatory	26536
mulberry	26537
Bonhoeffer	26538
mahatma	26539
cheddar	26540
counterclaim	26541
exertions	26542
nitride	26543
speculators	26544
creeps	26545
anthologies	26546
bindings	26547
cubits	26548
liquefied	26549
perfumes	26550
ameliorate	26551
rediscovered	26552
unholy	26553
endeavored	26554
Tue	26555
Justinian	26556
wither	26557
sweatshirt	26558
oceanography	26559
beets	26560
eaves	26561
scarves	26562
remake	26563
ruthlessly	26564
artistry	26565
moderates	26566
buffered	26567
duodenum	26568
moored	26569
abscesses	26570
freezes	26571
bane	26572
strut	26573
totem	26574
daggers	26575
blurry	26576
Nebuchadnezzar	26577
margarita	26578
prying	26579
nativity	26580
screwing	26581
uplifting	26582
laziness	26583
undetermined	26584
Amtrak	26585
pathologies	26586
westerly	26587
Baylor	26588
traceable	26589
bodyguards	26590
censuses	26591
afield	26592
lows	26593
Latvian	26594
gabby	26595
surmise	26596
flamboyant	26597
reeve	26598
Pembroke	26599
UFO	26600
Mohawk	26601
withering	26602
outlier	26603
riddles	26604
stipulate	26605
hundredth	26606
prototypical	26607
veered	26608
lymphomas	26609
populate	26610
antiquarian	26611
valuables	26612
undecided	26613
misinterpreted	26614
whit	26615
swarmed	26616
Maddox	26617
deflated	26618
PFC	26619
Jacobi	26620
alerting	26621
prophesy	26622
homepage	26623
limped	26624
breezes	26625
regenerated	26626
emanated	26627
digitized	26628
anesthetics	26629
clonal	26630
alienate	26631
intents	26632
frayed	26633
approbation	26634
retainer	26635
Exxon	26636
Willa	26637
brewed	26638
AFB	26639
outgrowth	26640
wiki	26641
Dreyfus	26642
fatigued	26643
satchel	26644
toothpaste	26645
footman	26646
extrapolated	26647
Venezuelan	26648
psalmist	26649
damper	26650
hallowed	26651
rudely	26652
wetness	26653
indescribable	26654
Cassius	26655
nodular	26656
zigzag	26657
attests	26658
watermelon	26659
acronyms	26660
Ginsberg	26661
espresso	26662
approximates	26663
supplementing	26664
waistband	26665
hydrate	26666
anticoagulant	26667
roux	26668
holographic	26669
demos	26670
sweaters	26671
nitrite	26672
anarchists	26673
nightlife	26674
CVS	26675
diverging	26676
paramedics	26677
WY	26678
suns	26679
inadequacies	26680
fain	26681
combo	26682
bombarded	26683
shootings	26684
bushels	26685
Kruger	26686
longs	26687
stucco	26688
mimicry	26689
peeking	26690
fanatical	26691
POWs	26692
Sonya	26693
abomination	26694
cur	26695
tiresome	26696
decked	26697
exegetical	26698
taboos	26699
horseman	26700
choreography	26701
fairer	26702
fringed	26703
omnipresent	26704
clamps	26705
lentils	26706
checkout	26707
Sybil	26708
Delilah	26709
firemen	26710
unexplored	26711
unchallenged	26712
procreation	26713
GED	26714
rowdy	26715
betrays	26716
boyfriends	26717
Gleason	26718
confessor	26719
tetrahedron	26720
allergen	26721
Jana	26722
frustrate	26723
morgue	26724
Ghent	26725
jogged	26726
Cordelia	26727
freedmen	26728
expediency	26729
cuckoo	26730
reptile	26731
dunno	26732
locust	26733
spacer	26734
fillers	26735
dishwasher	26736
cartography	26737
bayonet	26738
splinter	26739
beatings	26740
deplorable	26741
novella	26742
Rachael	26743
functionalities	26744
necked	26745
breakage	26746
Chattanooga	26747
sauntered	26748
welt	26749
Cervantes	26750
Calvinist	26751
universes	26752
harass	26753
Guerra	26754
laptops	26755
condensate	26756
Khalid	26757
hydrogenation	26758
smiley	26759
paternalism	26760
Haydn	26761
overture	26762
simile	26763
Torrance	26764
oversaw	26765
Garry	26766
Cypriot	26767
Devin	26768
coarsely	26769
hedged	26770
promulgate	26771
suitors	26772
abolishing	26773
milliseconds	26774
caged	26775
ladyship	26776
Abner	26777
paging	26778
auxiliaries	26779
clambered	26780
practicality	26781
monotony	26782
bonfire	26783
snatching	26784
histograms	26785
overcrowding	26786
microfinance	26787
Johnnie	26788
fab	26789
prolapse	26790
shipwreck	26791
campaigned	26792
pail	26793
Pepsi	26794
docile	26795
vicissitudes	26796
savory	26797
Daley	26798
pegs	26799
nightstand	26800
vainly	26801
indecision	26802
estrangement	26803
erupt	26804
Coptic	26805
schoolboy	26806
hiatus	26807
swiped	26808
isometric	26809
disengaged	26810
internationalism	26811
smugglers	26812
chagrin	26813
coloration	26814
Ecclesiastes	26815
mink	26816
repulsed	26817
rims	26818
authoring	26819
Pullman	26820
conformal	26821
obliquely	26822
presumes	26823
incriminating	26824
aegis	26825
regularities	26826
patently	26827
pharynx	26828
cloister	26829
catered	26830
inexorable	26831
Crimea	26832
fella	26833
flatten	26834
exaltation	26835
Sarajevo	26836
Olaf	26837
origination	26838
forester	26839
inexorably	26840
sodomy	26841
proportionally	26842
italic	26843
fillets	26844
swipe	26845
chattel	26846
jetty	26847
landslides	26848
easterly	26849
totalitarianism	26850
aligns	26851
redefinition	26852
normalize	26853
supercritical	26854
crick	26855
dichotomous	26856
recklessly	26857
TLC	26858
martins	26859
invertebrate	26860
looping	26861
undress	26862
thrombus	26863
Hatfield	26864
symmetries	26865
Gambia	26866
Javanese	26867
archived	26868
injuring	26869
shackles	26870
sprinkler	26871
debacle	26872
beaker	26873
booksellers	26874
gravitation	26875
bode	26876
disallowed	26877
coda	26878
solemnity	26879
nephropathy	26880
Brahms	26881
Eucharistic	26882
obediently	26883
blueprints	26884
afterthought	26885
ductile	26886
Accra	26887
clasping	26888
baggy	26889
crippling	26890
shipper	26891
igneous	26892
adherent	26893
overestimate	26894
counterfactual	26895
precincts	26896
xxviii	26897
differentiable	26898
denouncing	26899
Mendel	26900
bulimia	26901
forgetfulness	26902
presupposition	26903
tendered	26904
supplanted	26905
biking	26906
Benito	26907
schooled	26908
crackled	26909
angling	26910
drinker	26911
randomization	26912
breakdowns	26913
entertainments	26914
forgo	26915
Sancho	26916
IMO	26917
AIs	26918
Weldon	26919
briefings	26920
maladaptive	26921
broadcaster	26922
unhelpful	26923
cupping	26924
embellished	26925
spatula	26926
Togo	26927
asceticism	26928
Goliath	26929
clenching	26930
alcove	26931
furrow	26932
masterful	26933
splintered	26934
fronted	26935
Defoe	26936
consignment	26937
primeval	26938
ouch	26939
rusted	26940
stash	26941
lenient	26942
invert	26943
reactant	26944
spotless	26945
Scarborough	26946
Bantu	26947
reclining	26948
consortia	26949
avowed	26950
tamed	26951
opined	26952
seepage	26953
landless	26954
lander	26955
thatched	26956
gamblers	26957
prototyping	26958
wasteland	26959
chapels	26960
borehole	26961
scorned	26962
orbiting	26963
startle	26964
docked	26965
equestrian	26966
deceleration	26967
Lottie	26968
envoys	26969
reworking	26970
bedchamber	26971
replenish	26972
prohibitive	26973
Lizzy	26974
smoldering	26975
wrung	26976
haw	26977
crucifix	26978
Monmouth	26979
workday	26980
Vichy	26981
aristocrat	26982
synergies	26983
amour	26984
spirals	26985
Warhol	26986
repelled	26987
primes	26988
quieted	26989
meandering	26990
wading	26991
purifying	26992
scorching	26993
cartels	26994
unmet	26995
nourishing	26996
skid	26997
vibrated	26998
Antigua	26999
irrevocably	27000
methodically	27001
borderlands	27002
bibliographies	27003
Pauli	27004
parse	27005
whisked	27006
indignantly	27007
Bedouin	27008
Maui	27009
busied	27010
antiseptic	27011
gratuitous	27012
preventable	27013
portico	27014
appropriating	27015
airtight	27016
vindicated	27017
dysphagia	27018
exuberance	27019
mesmerized	27020
noose	27021
ices	27022
whimsical	27023
erasure	27024
potion	27025
dwindled	27026
Schumpeter	27027
wiry	27028
Camus	27029
corrects	27030
hammock	27031
Jove	27032
loader	27033
Osborn	27034
scooted	27035
geologist	27036
seashore	27037
bypassing	27038
kennel	27039
duchy	27040
mending	27041
conferencing	27042
Trudy	27043
contestants	27044
gash	27045
Molina	27046
socialize	27047
Malachi	27048
storming	27049
stuffy	27050
prosocial	27051
treading	27052
Jocelyn	27053
acyl	27054
galvanized	27055
precocious	27056
prim	27057
commonest	27058
rebuked	27059
comforter	27060
overcast	27061
dislocated	27062
earnestness	27063
bravado	27064
dawning	27065
quickest	27066
lumped	27067
flocked	27068
Pasteur	27069
mortified	27070
paganism	27071
anvil	27072
McIntyre	27073
Gaines	27074
apricot	27075
serpentine	27076
supposes	27077
pervades	27078
champ	27079
commando	27080
Shiloh	27081
atheists	27082
elaborating	27083
Corinthian	27084
frailty	27085
Baudrillard	27086
unfairness	27087
rebellions	27088
scuba	27089
archetypes	27090
meiosis	27091
unsatisfied	27092
mainstreaming	27093
McKee	27094
Tues	27095
prioritization	27096
perplexing	27097
chieftain	27098
Zr	27099
sociable	27100
condescending	27101
polities	27102
shrugging	27103
stockpile	27104
loyalist	27105
Claudio	27106
sax	27107
bastion	27108
Hezbollah	27109
extruded	27110
oregano	27111
dissuade	27112
selfhood	27113
oration	27114
McClure	27115
tiredness	27116
destinies	27117
centerline	27118
dissertations	27119
fender	27120
Tripoli	27121
touted	27122
Ellington	27123
buffering	27124
musty	27125
pelagic	27126
quarks	27127
taxon	27128
chanced	27129
renovations	27130
Napier	27131
cleric	27132
ceasefire	27133
bunches	27134
quilts	27135
Buffy	27136
preside	27137
withdraws	27138
Hopi	27139
tenses	27140
mooring	27141
upfront	27142
tithe	27143
remedied	27144
gerontology	27145
cybernetics	27146
unconnected	27147
outbound	27148
riveted	27149
bothers	27150
footer	27151
merges	27152
Sophocles	27153
armature	27154
coachman	27155
stalker	27156
abate	27157
coincidentally	27158
auger	27159
memorabilia	27160
Volkswagen	27161
Calvary	27162
sanguine	27163
Jamestown	27164
wiggled	27165
axiomatic	27166
defies	27167
starlight	27168
throb	27169
rearranging	27170
remarried	27171
willpower	27172
twine	27173
dais	27174
brimming	27175
aghast	27176
elation	27177
elongate	27178
intangibles	27179
fasteners	27180
unbelievers	27181
diversions	27182
dismisses	27183
gnawing	27184
siting	27185
spire	27186
interposed	27187
hermitage	27188
Janis	27189
lonesome	27190
retelling	27191
obeys	27192
inexhaustible	27193
verdicts	27194
PPS	27195
Odessa	27196
garret	27197
adduced	27198
Herrera	27199
tarp	27200
hallmarks	27201
Gallo	27202
pitting	27203
hikers	27204
Borges	27205
Cortes	27206
Juno	27207
shamans	27208
monopolistic	27209
shingles	27210
transfixed	27211
abated	27212
layman	27213
unleash	27214
cassava	27215
screeched	27216
absenteeism	27217
Grafton	27218
havens	27219
secretarial	27220
splice	27221
causeway	27222
hollered	27223
surpassing	27224
Guinness	27225
personage	27226
Bellamy	27227
incurable	27228
Bremen	27229
eczema	27230
fluorine	27231
sparrows	27232
postings	27233
transposed	27234
revolts	27235
plumb	27236
mattresses	27237
sufferer	27238
adjournment	27239
Nagasaki	27240
prospecting	27241
stoke	27242
caliphate	27243
classifies	27244
isthmus	27245
disintegrated	27246
unattainable	27247
columnar	27248
Bodhisattva	27249
Bernardo	27250
secures	27251
repayments	27252
Ehrlich	27253
jarring	27254
bargains	27255
deluded	27256
conduits	27257
Catalonia	27258
mausoleum	27259
psychosomatic	27260
screech	27261
nebula	27262
ooh	27263
sheltering	27264
franchising	27265
yolks	27266
closets	27267
matted	27268
yam	27269
jig	27270
Dada	27271
manna	27272
Samsung	27273
irreconcilable	27274
appreciably	27275
Bloomfield	27276
vignettes	27277
Oakley	27278
smelly	27279
ungodly	27280
conglomerates	27281
affront	27282
yup	27283
repugnant	27284
exigencies	27285
braille	27286
apologizing	27287
painstaking	27288
mares	27289
distasteful	27290
Dion	27291
psychical	27292
cocky	27293
allergens	27294
Merle	27295
aggressor	27296
schoolmaster	27297
posh	27298
disorientation	27299
daze	27300
Wis	27301
physiologically	27302
PMS	27303
elegy	27304
mangled	27305
Romney	27306
wrinkle	27307
gatherers	27308
jutting	27309
congressmen	27310
spiced	27311
debriefing	27312
checker	27313
Cabot	27314
touchdown	27315
Himmler	27316
ail	27317
plugging	27318
Jordanian	27319
flops	27320
suspecting	27321
checkpoints	27322
regress	27323
evangelists	27324
eradicated	27325
reshape	27326
mumbling	27327
ESR	27328
Shaun	27329
entitle	27330
Veda	27331
jumbo	27332
airmen	27333
voodoo	27334
contorted	27335
duplicates	27336
solutes	27337
flinging	27338
dyadic	27339
blatantly	27340
borrows	27341
impracticable	27342
antithetical	27343
shrinks	27344
wholesaler	27345
Mekong	27346
definitional	27347
Nagy	27348
rehearsing	27349
smelting	27350
recursion	27351
handouts	27352
adage	27353
seared	27354
savagely	27355
VoIP	27356
tubs	27357
phasing	27358
conjunctions	27359
arias	27360
underserved	27361
noisily	27362
swimmers	27363
suitor	27364
tenacious	27365
Methodists	27366
Francine	27367
tubule	27368
dispatches	27369
czar	27370
reinstate	27371
catastrophes	27372
Tonga	27373
rind	27374
Audubon	27375
centurion	27376
misused	27377
dang	27378
protectionism	27379
Aston	27380
Tunis	27381
indisputable	27382
adorn	27383
epochs	27384
disagrees	27385
organically	27386
Spokane	27387
constables	27388
savagery	27389
Dunne	27390
preconceived	27391
dealership	27392
hypocritical	27393
clitoris	27394
barometer	27395
Mani	27396
automate	27397
frescoes	27398
nominating	27399
repudiated	27400
sedition	27401
Thelma	27402
wanders	27403
playhouse	27404
Marxists	27405
beckoning	27406
intrigues	27407
Selma	27408
overjoyed	27409
unconstrained	27410
reinventing	27411
Cree	27412
blunder	27413
consuls	27414
moderating	27415
musicals	27416
chaplains	27417
maverick	27418
typeset	27419
widower	27420
scares	27421
salutary	27422
blitz	27423
militancy	27424
harsher	27425
imperfectly	27426
facile	27427
spades	27428
babbling	27429
canister	27430
cayenne	27431
adventurer	27432
bandaged	27433
Coolidge	27434
assessors	27435
continuities	27436
cravings	27437
calamities	27438
Greensboro	27439
artful	27440
taming	27441
Alden	27442
underrepresented	27443
ferromagnetic	27444
interlocutors	27445
organelles	27446
vaudeville	27447
kidnap	27448
rammed	27449
belated	27450
whores	27451
peninsular	27452
culpable	27453
craters	27454
reestablish	27455
upturned	27456
medic	27457
Medea	27458
hassle	27459
linguist	27460
plums	27461
Remington	27462
Clancy	27463
encircling	27464
infuse	27465
Dempsey	27466
nominative	27467
negated	27468
laureate	27469
cognate	27470
conceives	27471
scour	27472
prettiest	27473
veils	27474
pigmentation	27475
Wald	27476
clergymen	27477
coerce	27478
Charlene	27479
noblest	27480
initialized	27481
revel	27482
Ashcroft	27483
postponement	27484
sloped	27485
snarl	27486
harbored	27487
Rockies	27488
eureka	27489
streamlining	27490
accomplishes	27491
oscillators	27492
savanna	27493
enlistment	27494
sternum	27495
Olympus	27496
Lucknow	27497
centenary	27498
Oates	27499
Augsburg	27500
plopped	27501
reauthorization	27502
duodenal	27503
Mitsubishi	27504
harnessing	27505
creak	27506
preempted	27507
depravity	27508
TVs	27509
fleas	27510
sneaked	27511
squeal	27512
Cayman	27513
implored	27514
Sharif	27515
Holman	27516
rink	27517
Copernicus	27518
traffickers	27519
postsynaptic	27520
speckled	27521
redesigned	27522
serviceable	27523
scowling	27524
vaccinated	27525
recompense	27526
steadied	27527
penthouse	27528
limping	27529
handout	27530
jamming	27531
carer	27532
dramatist	27533
knuckle	27534
Darlene	27535
nihilism	27536
gladness	27537
shadowing	27538
contemplates	27539
univariate	27540
Austrians	27541
elucidation	27542
Allegheny	27543
vultures	27544
shameless	27545
stipend	27546
Islamabad	27547
Frankel	27548
parapet	27549
weekday	27550
mans	27551
birthright	27552
stirs	27553
cathedrals	27554
riverbank	27555
foresaw	27556
ASCII	27557
Alfredo	27558
bellies	27559
resuming	27560
feedstock	27561
mutuality	27562
superhuman	27563
Chico	27564
multipliers	27565
shh	27566
ornamented	27567
Benz	27568
motorway	27569
interlocutor	27570
fabricate	27571
rowed	27572
harrowing	27573
luscious	27574
bystander	27575
mightily	27576
raucous	27577
whomever	27578
clearances	27579
neutralizing	27580
herbaceous	27581
elicits	27582
intramuscular	27583
indiscriminately	27584
zipped	27585
jerky	27586
federalists	27587
devilish	27588
grunts	27589
vocals	27590
gables	27591
exaggerating	27592
scoundrel	27593
crafty	27594
morn	27595
nationalization	27596
benedictine	27597
subcultures	27598
woolen	27599
remaking	27600
quirky	27601
bodice	27602
feller	27603
Heine	27604
reeled	27605
overheads	27606
eroding	27607
hawking	27608
hove	27609
shire	27610
Federico	27611
Brandeis	27612
princesses	27613
melodramatic	27614
obtuse	27615
complainants	27616
wistfully	27617
wagging	27618
precipice	27619
theologically	27620
Manson	27621
preschoolers	27622
JV	27623
lessening	27624
refrigerators	27625
Bernice	27626
assignor	27627
proliferate	27628
sari	27629
lapping	27630
amphetamine	27631
disciplining	27632
Addie	27633
Dionysus	27634
railings	27635
heartache	27636
Juliana	27637
audacious	27638
antiquated	27639
triumphed	27640
scooter	27641
plummeted	27642
binders	27643
televisions	27644
chlamydia	27645
enactments	27646
phonemes	27647
scoping	27648
modernized	27649
sweetened	27650
McCartney	27651
swapping	27652
Odin	27653
depositors	27654
Pennington	27655
promiscuous	27656
finitely	27657
referees	27658
toothbrush	27659
triage	27660
grandmothers	27661
quartermaster	27662
bowler	27663
payout	27664
sturgeon	27665
profited	27666
smote	27667
mnemonic	27668
Pryor	27669
nanotube	27670
Crimean	27671
betterment	27672
estrogens	27673
chaise	27674
politico	27675
refrigerant	27676
cannibalism	27677
insolent	27678
payers	27679
decoupling	27680
disgraceful	27681
obsidian	27682
hydrocephalus	27683
Astor	27684
fiasco	27685
Viennese	27686
heinous	27687
Lina	27688
ejaculation	27689
preeminent	27690
chisel	27691
archway	27692
dysentery	27693
hoses	27694
wobbly	27695
dazzled	27696
hoops	27697
duet	27698
Ute	27699
suboptimal	27700
sissy	27701
sprite	27702
incensed	27703
senescence	27704
micron	27705
Auden	27706
firmer	27707
tantalizing	27708
monotheism	27709
drags	27710
mulch	27711
escorts	27712
Khomeini	27713
despicable	27714
concretely	27715
Wiggins	27716
pigmented	27717
Marietta	27718
slowness	27719
cucumbers	27720
greyhound	27721
acorn	27722
seeping	27723
mallet	27724
suing	27725
Marcy	27726
tearful	27727
beards	27728
boas	27729
XS	27730
saltwater	27731
McDonnell	27732
diphtheria	27733
sporadically	27734
sop	27735
hustle	27736
apiece	27737
channeling	27738
pancake	27739
nonviolence	27740
calcareous	27741
redirected	27742
impairs	27743
oozing	27744
destabilizing	27745
neutralized	27746
incandescent	27747
Dina	27748
polyurethane	27749
bellow	27750
shank	27751
inwards	27752
treble	27753
calculators	27754
interrogatories	27755
atherosclerotic	27756
neonate	27757
superintendents	27758
buns	27759
dossier	27760
tampering	27761
hie	27762
watercolor	27763
instabilities	27764
ornamentation	27765
songwriter	27766
creeds	27767
sensitized	27768
paternalistic	27769
stoves	27770
BBB	27771
commemorating	27772
tequila	27773
Adriatic	27774
Spaniard	27775
assignors	27776
partisanship	27777
McGovern	27778
quantifiable	27779
poise	27780
Lamont	27781
malware	27782
fortresses	27783
turmeric	27784
larceny	27785
reexamination	27786
withers	27787
Nelly	27788
Alton	27789
demonstrable	27790
tarnished	27791
magi	27792
naturalists	27793
threading	27794
Norbert	27795
boardwalk	27796
palatine	27797
godhead	27798
spreadsheets	27799
nudity	27800
dowager	27801
adjudicated	27802
appraiser	27803
Tahoe	27804
towered	27805
Wilfred	27806
acumen	27807
shamed	27808
bunkers	27809
OAS	27810
inroads	27811
antisemitism	27812
APO	27813
juggling	27814
entomology	27815
byproduct	27816
halogen	27817
torus	27818
perplexity	27819
reels	27820
opiate	27821
rhetorically	27822
cools	27823
bemused	27824
geophysics	27825
hos	27826
candor	27827
rubella	27828
damning	27829
handover	27830
tripled	27831
antigenic	27832
SST	27833
dreadfully	27834
disapproving	27835
devotee	27836
presupposed	27837
felled	27838
misunderstand	27839
zeolite	27840
Galbraith	27841
tanning	27842
perfecting	27843
fanaticism	27844
jigsaw	27845
Albion	27846
accusative	27847
Tallahassee	27848
anionic	27849
cargoes	27850
dozed	27851
Marissa	27852
Liszt	27853
sleeved	27854
typified	27855
Hinton	27856
azimuth	27857
Jeanette	27858
paled	27859
casein	27860
accuses	27861
venting	27862
preservative	27863
Janus	27864
girth	27865
countable	27866
Navarro	27867
qr	27868
shoals	27869
inherits	27870
queuing	27871
cleaved	27872
predilection	27873
illegality	27874
incisions	27875
bpm	27876
annihilated	27877
sexton	27878
scolding	27879
Staten	27880
muskets	27881
Langmuir	27882
fascists	27883
perks	27884
swooped	27885
readability	27886
braids	27887
alleviating	27888
leaky	27889
Swaziland	27890
Khartoum	27891
pheromone	27892
callers	27893
bottlenecks	27894
supersonic	27895
Yunnan	27896
inefficiencies	27897
arranges	27898
livid	27899
heaviness	27900
heterosexuality	27901
lounging	27902
Vicksburg	27903
churn	27904
phosphates	27905
afflictions	27906
unknowingly	27907
paddock	27908
unpack	27909
Linton	27910
chided	27911
dries	27912
nimble	27913
doorknob	27914
Bradbury	27915
smartphones	27916
staked	27917
hysterectomy	27918
tectonics	27919
skeptics	27920
shrapnel	27921
frosting	27922
sympathize	27923
firth	27924
rho	27925
Rabin	27926
steamship	27927
Scala	27928
shippers	27929
sprouted	27930
diocesan	27931
prune	27932
wafted	27933
Rodrigo	27934
unlocking	27935
Vedas	27936
taunted	27937
Ginsburg	27938
hitter	27939
plankton	27940
erectile	27941
hollows	27942
Pickett	27943
imprints	27944
erythrocyte	27945
hamster	27946
reworked	27947
headquartered	27948
forked	27949
franchisee	27950
fevers	27951
regularization	27952
celiac	27953
drawled	27954
ferret	27955
canola	27956
disconnection	27957
PX	27958
odes	27959
sully	27960
endometriosis	27961
unwell	27962
inline	27963
barre	27964
Nissan	27965
laminate	27966
weasel	27967
AGI	27968
unsalted	27969
emf	27970
lobbied	27971
abort	27972
Lind	27973
blister	27974
obscuring	27975
collectivism	27976
liars	27977
ideation	27978
hewn	27979
carpeted	27980
ceaseless	27981
sterilized	27982
unremarkable	27983
pervaded	27984
vertebra	27985
obscures	27986
unpredictability	27987
recoiled	27988
neglects	27989
bigotry	27990
personalization	27991
breakout	27992
genie	27993
hinders	27994
gaiety	27995
reorientation	27996
Stravinsky	27997
Indira	27998
Loren	27999
Pushkin	28000
Kathmandu	28001
Manasseh	28002
watermark	28003
muslin	28004
changeable	28005
darken	28006
scavenging	28007
delimited	28008
castings	28009
cloaked	28010
surreptitiously	28011
CCTV	28012
lard	28013
hallucination	28014
outsourced	28015
feudalism	28016
wainwright	28017
caverns	28018
ravens	28019
smartly	28020
reportable	28021
philharmonic	28022
upheavals	28023
tendrils	28024
hyperthyroidism	28025
banding	28026
stave	28027
inept	28028
Siva	28029
Xenophon	28030
pretest	28031
agape	28032
mystique	28033
scapegoat	28034
guineas	28035
whimper	28036
aeration	28037
eigenvectors	28038
deathbed	28039
umbrellas	28040
renumbered	28041
manipulator	28042
chimpanzee	28043
ecotourism	28044
slough	28045
brainstorm	28046
formulaic	28047
adapts	28048
counseled	28049
uncertainly	28050
unyielding	28051
organist	28052
usury	28053
quartered	28054
Fisk	28055
federations	28056
sundown	28057
Arturo	28058
covariates	28059
fearfully	28060
throes	28061
diffusivity	28062
Polynesian	28063
newness	28064
Levitt	28065
deacons	28066
spillover	28067
reprisals	28068
unhappily	28069
tinnitus	28070
mistreatment	28071
beryl	28072
Lister	28073
replicas	28074
Juliette	28075
unbridled	28076
parliamentarians	28077
retraining	28078
incrementally	28079
dative	28080
omnipotence	28081
squeaked	28082
isomer	28083
quarries	28084
harmonies	28085
concierge	28086
enormity	28087
uprooted	28088
Colbert	28089
QB	28090
maestro	28091
crunching	28092
snowball	28093
fiend	28094
rascal	28095
shifter	28096
Banach	28097
immobility	28098
partiality	28099
Lilith	28100
Serrano	28101
Decatur	28102
whims	28103
smears	28104
Rossetti	28105
legislate	28106
sips	28107
Cedric	28108
overhanging	28109
detractors	28110
transfusions	28111
jerks	28112
meltdown	28113
conjunctivitis	28114
heiress	28115
prioritizing	28116
shrieks	28117
campers	28118
Kirsten	28119
substandard	28120
permeates	28121
lengthwise	28122
macroeconomics	28123
Bernoulli	28124
rout	28125
cataracts	28126
muddled	28127
disgraced	28128
Collin	28129
sawdust	28130
Septuagint	28131
fastening	28132
chimes	28133
quake	28134
silks	28135
geopolitics	28136
lashing	28137
rook	28138
Schoenberg	28139
adheres	28140
marvels	28141
pollack	28142
legitimize	28143
twinge	28144
imperceptible	28145
slotted	28146
Verdi	28147
incite	28148
Suzy	28149
blames	28150
profitably	28151
casas	28152
arroyo	28153
defiled	28154
yeasts	28155
correlative	28156
robberies	28157
healthful	28158
mainline	28159
traumas	28160
accursed	28161
unbuttoned	28162
blueberries	28163
standardize	28164
Jayne	28165
omniscient	28166
detested	28167
discoloration	28168
sheaf	28169
manicured	28170
quicken	28171
ranches	28172
gar	28173
rancher	28174
Theseus	28175
restated	28176
subtleties	28177
torturing	28178
trod	28179
incubator	28180
Salinas	28181
coax	28182
bubbled	28183
rickety	28184
endorses	28185
blameless	28186
dishonor	28187
vibe	28188
retaliatory	28189
motorists	28190
Luz	28191
inflected	28192
maximally	28193
sledge	28194
firepower	28195
kinsman	28196
teapot	28197
endotracheal	28198
skirmish	28199
urology	28200
nieces	28201
commendable	28202
vehement	28203
potable	28204
windfall	28205
retiree	28206
francophone	28207
contradicting	28208
Casper	28209
astride	28210
stocky	28211
trotting	28212
braves	28213
unpacking	28214
coaxed	28215
steely	28216
ravages	28217
saber	28218
pestilence	28219
fickle	28220
hemlock	28221
Zola	28222
wriggled	28223
reissue	28224
alphabetically	28225
tawny	28226
recruiters	28227
RBI	28228
biomarker	28229
supplication	28230
texted	28231
Parr	28232
zonal	28233
enthusiast	28234
kindling	28235
leasehold	28236
fortuitous	28237
saddles	28238
pints	28239
dutiful	28240
banked	28241
vasoconstriction	28242
maneuvered	28243
texting	28244
ketchup	28245
whistler	28246
Toto	28247
epics	28248
undid	28249
solidity	28250
unclassified	28251
transitioning	28252
remarking	28253
doublet	28254
Annabel	28255
paprika	28256
xxix	28257
tabletop	28258
reopening	28259
anesthesiology	28260
gaily	28261
fetching	28262
nicest	28263
tamoxifen	28264
underlining	28265
shopkeepers	28266
explication	28267
Triassic	28268
corroborate	28269
curtly	28270
privileging	28271
incurs	28272
weekdays	28273
edits	28274
atrocity	28275
sobering	28276
obstructing	28277
taunting	28278
noncommercial	28279
gushed	28280
posthumously	28281
incursions	28282
Margery	28283
penguins	28284
Layla	28285
Manley	28286
inscrutable	28287
inalienable	28288
roost	28289
breakfasts	28290
trickling	28291
speculating	28292
LEDs	28293
conditionally	28294
getaway	28295
ramparts	28296
abuser	28297
desertification	28298
testaments	28299
Montesquieu	28300
bookseller	28301
crystallographic	28302
dispatcher	28303
sauna	28304
anglers	28305
harshness	28306
CLI	28307
arcane	28308
Doreen	28309
rave	28310
truer	28311
underfoot	28312
thistle	28313
calligraphy	28314
winch	28315
handsomely	28316
Andres	28317
busiest	28318
appointees	28319
consenting	28320
Xinjiang	28321
finesse	28322
reticence	28323
unscathed	28324
reconstructive	28325
rafts	28326
homicides	28327
rehabilitate	28328
lux	28329
postman	28330
defection	28331
schoolhouse	28332
USAF	28333
behest	28334
fiberglass	28335
victors	28336
relented	28337
edgy	28338
Ganges	28339
swedes	28340
bluffs	28341
effortless	28342
jot	28343
relocating	28344
reorganize	28345
waded	28346
welling	28347
servo	28348
justifiably	28349
Porsche	28350
follies	28351
tubers	28352
awry	28353
sultry	28354
Cristina	28355
greener	28356
functionaries	28357
superhero	28358
eyeball	28359
appendages	28360
amusements	28361
quadrangle	28362
deliverables	28363
Zara	28364
Dumas	28365
centimeter	28366
Jeffery	28367
counterclockwise	28368
windmill	28369
ostrich	28370
referents	28371
nitrates	28372
strident	28373
baptismal	28374
mackerel	28375
readout	28376
beep	28377
erecting	28378
aimlessly	28379
smog	28380
unaltered	28381
downtime	28382
alderman	28383
tablecloth	28384
Mannheim	28385
astonishingly	28386
clothe	28387
evocation	28388
photographing	28389
vagaries	28390
insecurities	28391
tweets	28392
pensive	28393
splint	28394
tarmac	28395
Milford	28396
delirious	28397
confirmatory	28398
Merrick	28399
spellings	28400
slurred	28401
bargained	28402
Acton	28403
Pericles	28404
torsional	28405
rut	28406
petrochemical	28407
conjugal	28408
crickets	28409
homogenization	28410
mildew	28411
arrowhead	28412
civilizing	28413
befall	28414
shelled	28415
defraud	28416
tickle	28417
vulture	28418
astrophysics	28419
minstrel	28420
Waugh	28421
innocents	28422
Procter	28423
potted	28424
upstate	28425
stoker	28426
NRA	28427
heavyweight	28428
blazer	28429
mended	28430
unquestioned	28431
subs	28432
tuples	28433
donating	28434
hurling	28435
multiplexing	28436
constructors	28437
reaffirm	28438
Pyongyang	28439
colic	28440
Hmong	28441
cogent	28442
productively	28443
infusions	28444
pangs	28445
quipped	28446
Helmholtz	28447
rarer	28448
nonstandard	28449
unharmed	28450
infrastructural	28451
armada	28452
unknowable	28453
takings	28454
earner	28455
emanate	28456
geochemistry	28457
Pugh	28458
synchronize	28459
scrupulous	28460
conceals	28461
lurid	28462
authenticate	28463
variegated	28464
rectified	28465
stents	28466
underwriter	28467
mannered	28468
celebratory	28469
Tesla	28470
malady	28471
implacable	28472
virtualization	28473
truncation	28474
jute	28475
Atwood	28476
spoiling	28477
Brant	28478
oncogene	28479
bachelors	28480
bailiff	28481
nadir	28482
overpayment	28483
supersede	28484
massaged	28485
Kari	28486
Rosalie	28487
paddling	28488
jabbed	28489
venereal	28490
phallic	28491
Ruben	28492
caveats	28493
craftsmanship	28494
landfills	28495
travail	28496
crumb	28497
spaceship	28498
Myron	28499
grapevine	28500
subpoenas	28501
splayed	28502
homeward	28503
watcher	28504
charger	28505
repellent	28506
intrepid	28507
disequilibrium	28508
unprofitable	28509
Scotty	28510
Cabernet	28511
snarling	28512
semiannual	28513
cradling	28514
phoneme	28515
banishment	28516
fife	28517
humanists	28518
parlance	28519
rescinded	28520
infliction	28521
Mastercard	28522
Zaire	28523
brunch	28524
Demetrius	28525
winking	28526
exportation	28527
positing	28528
Landry	28529
numbing	28530
antiwar	28531
disobey	28532
hippie	28533
Pythagoras	28534
sergeants	28535
dumbfounded	28536
spurt	28537
pelican	28538
nonfinancial	28539
schoolteacher	28540
Ashe	28541
Cooley	28542
steers	28543
paralegal	28544
bolder	28545
plucking	28546
flapped	28547
reinterpretation	28548
dispossessed	28549
greased	28550
birthing	28551
machinations	28552
hematologic	28553
shelling	28554
operatic	28555
sheepishly	28556
protectionist	28557
Dorsey	28558
Huck	28559
pantomime	28560
egress	28561
erythromycin	28562
Janine	28563
nondiscrimination	28564
dads	28565
chiropractic	28566
crudely	28567
wanderings	28568
climber	28569
proscribed	28570
Niebuhr	28571
obsolescence	28572
Silvia	28573
gentler	28574
skis	28575
emulsions	28576
wince	28577
sander	28578
Gayle	28579
venison	28580
unaccompanied	28581
uric	28582
inundated	28583
spinner	28584
detergents	28585
chlorinated	28586
bunting	28587
epitaph	28588
Riggs	28589
prong	28590
dashes	28591
multiplex	28592
paraded	28593
Sade	28594
subconsciously	28595
clemency	28596
adverbial	28597
empathetic	28598
genealogies	28599
christened	28600
booms	28601
mated	28602
coyotes	28603
diploid	28604
Eskimo	28605
handiwork	28606
plowing	28607
AWS	28608
apprehensions	28609
Ramadan	28610
lurked	28611
slashing	28612
lamentations	28613
outcrop	28614
consoled	28615
depraved	28616
warship	28617
rhesus	28618
relieves	28619
ducking	28620
Arlene	28621
composting	28622
Geiger	28623
Therese	28624
sculptors	28625
rhyming	28626
liminal	28627
eavesdropping	28628
lurch	28629
pacifist	28630
Clem	28631
internalize	28632
Bering	28633
curate	28634
everglades	28635
yogi	28636
Hendrix	28637
mobs	28638
heretic	28639
windings	28640
unenforceable	28641
swamped	28642
Candace	28643
remarriage	28644
meddling	28645
globulin	28646
littoral	28647
Britannica	28648
medallion	28649
straddling	28650
inequity	28651
Carney	28652
Valdez	28653
overestimated	28654
pom	28655
baritone	28656
breech	28657
Gerber	28658
floorboards	28659
Anglia	28660
imparting	28661
absolutism	28662
beseech	28663
incredulously	28664
fecundity	28665
grandparent	28666
derelict	28667
afghans	28668
preliminaries	28669
venomous	28670
CGI	28671
obliging	28672
barricade	28673
fracturing	28674
Britannia	28675
buttermilk	28676
spanking	28677
viva	28678
coursework	28679
quizzes	28680
pegged	28681
coworker	28682
bumpy	28683
complimented	28684
customizing	28685
syndicated	28686
tenths	28687
onus	28688
raking	28689
rumored	28690
Greeley	28691
musically	28692
stigmatized	28693
unbelievably	28694
evaded	28695
pomegranate	28696
innkeeper	28697
umpire	28698
Myles	28699
penultimate	28700
embroiled	28701
aggregating	28702
augmenting	28703
faceted	28704
imitations	28705
entertainers	28706
hoax	28707
struts	28708
colliding	28709
AUD	28710
Eunice	28711
dredged	28712
IPA	28713
recklessness	28714
hex	28715
thoughtless	28716
craze	28717
monotonic	28718
mowing	28719
turnpike	28720
wrongfully	28721
blob	28722
thesaurus	28723
retaliate	28724
Hera	28725
Pompeii	28726
Swahili	28727
ammo	28728
courtier	28729
taco	28730
Garrick	28731
pews	28732
nearness	28733
Antilles	28734
Serra	28735
miseries	28736
swig	28737
orienting	28738
woolly	28739
interpolated	28740
enteral	28741
uneventful	28742
afterword	28743
blistering	28744
credential	28745
Riga	28746
crispy	28747
vengeful	28748
scallops	28749
urticaria	28750
gatekeeper	28751
intimated	28752
emancipated	28753
hyperlink	28754
Beowulf	28755
Tacoma	28756
goblin	28757
historicity	28758
progenitors	28759
endorsements	28760
exorbitant	28761
Hungarians	28762
rosewood	28763
swarms	28764
salons	28765
massaging	28766
thermoplastic	28767
electrification	28768
domed	28769
aught	28770
Colette	28771
generalizing	28772
interlocutory	28773
Jimmie	28774
unaccustomed	28775
couches	28776
analogical	28777
sacra	28778
ineffable	28779
ably	28780
Phoenician	28781
looted	28782
notched	28783
accountancy	28784
pretentious	28785
greenery	28786
visage	28787
oligarchy	28788
bloodied	28789
telegrams	28790
bugger	28791
painstakingly	28792
outposts	28793
irritant	28794
languid	28795
politburo	28796
Chechen	28797
Laban	28798
herbivores	28799
daemon	28800
numeral	28801
blogging	28802
Lankan	28803
commoners	28804
appellation	28805
indelible	28806
Brandenburg	28807
Callaghan	28808
bunched	28809
goodly	28810
Catalina	28811
vermin	28812
Kobe	28813
Madeira	28814
tiniest	28815
citric	28816
psychotropic	28817
inaccuracies	28818
misinformation	28819
creases	28820
jag	28821
egalitarianism	28822
encyclopedias	28823
workouts	28824
Cline	28825
divorces	28826
Darryl	28827
abundances	28828
fingertip	28829
strategist	28830
urbanized	28831
degeneracy	28832
ditto	28833
reconnect	28834
matures	28835
normalcy	28836
clowns	28837
Gabon	28838
aggravate	28839
raspberries	28840
Disraeli	28841
Marseilles	28842
spar	28843
conditionality	28844
unregistered	28845
puddles	28846
roofed	28847
delft	28848
bookcase	28849
sweats	28850
archery	28851
quiescent	28852
amps	28853
disbursed	28854
skates	28855
apologetically	28856
thong	28857
billionaire	28858
amalgamated	28859
archivist	28860
cleave	28861
Haskell	28862
counterinsurgency	28863
inkling	28864
tithes	28865
abandons	28866
macros	28867
thunderous	28868
contravention	28869
instantiated	28870
locator	28871
resiliency	28872
Diderot	28873
talisman	28874
receptivity	28875
insertions	28876
flailing	28877
Disneyland	28878
signage	28879
individualist	28880
Crockett	28881
saintly	28882
wedlock	28883
householder	28884
biomechanical	28885
burners	28886
familiarize	28887
Campos	28888
moll	28889
oedipal	28890
carbonates	28891
Luisa	28892
bock	28893
mimicked	28894
namesake	28895
hoarding	28896
Samuelson	28897
scathing	28898
inborn	28899
bras	28900
commissary	28901
outpouring	28902
hoods	28903
solicitations	28904
musculature	28905
circumcised	28906
eels	28907
glucagon	28908
wane	28909
Roanoke	28910
carcinogens	28911
standalone	28912
fanfare	28913
objecting	28914
depreciated	28915
bistro	28916
faucet	28917
emir	28918
superstar	28919
uncritical	28920
Kitchener	28921
stoics	28922
endearing	28923
asunder	28924
cabaret	28925
fanatic	28926
hobbled	28927
grinder	28928
notifies	28929
bps	28930
indwelling	28931
pheasant	28932
porcine	28933
intrastate	28934
banjo	28935
pulsating	28936
multiracial	28937
calibrate	28938
anachronistic	28939
overpowered	28940
screenshot	28941
Haifa	28942
ensues	28943
grumpy	28944
jurist	28945
ASL	28946
Maltese	28947
baring	28948
opulent	28949
enunciated	28950
flowchart	28951
matte	28952
exacerbation	28953
indentured	28954
Chinook	28955
unfathomable	28956
charted	28957
limerick	28958
wayside	28959
hypothesize	28960
enveloping	28961
inordinate	28962
disputing	28963
irrationality	28964
quarrying	28965
corrupting	28966
predispose	28967
huddle	28968
dissecting	28969
contractile	28970
granulated	28971
cavitation	28972
forestall	28973
penile	28974
scaring	28975
recede	28976
babes	28977
tooling	28978
Somme	28979
yahoo	28980
jokingly	28981
Eton	28982
intercepts	28983
overtures	28984
Hepburn	28985
hemispheric	28986
VG	28987
combing	28988
innovator	28989
ablaze	28990
binaries	28991
reframing	28992
infatuation	28993
escorting	28994
Chekhov	28995
digger	28996
Cambrian	28997
Jeannie	28998
obsessions	28999
quadrature	29000
triumphal	29001
chardonnay	29002
rioting	29003
chai	29004
ssh	29005
coalesce	29006
necessitating	29007
retroactively	29008
granule	29009
spiritualism	29010
annulus	29011
aromas	29012
Macao	29013
teamsters	29014
carbons	29015
Guerrero	29016
Mavis	29017
Petrarch	29018
tortuous	29019
Fridays	29020
Zagreb	29021
loudspeaker	29022
VD	29023
rhinitis	29024
surmounted	29025
FHA	29026
Romanesque	29027
Cronin	29028
viciously	29029
Cecily	29030
rumpled	29031
conservator	29032
tun	29033
unevenly	29034
archiving	29035
dengue	29036
interrelationship	29037
peritonitis	29038
whack	29039
lightened	29040
thrives	29041
stateless	29042
succulent	29043
delimitation	29044
sculptural	29045
timescale	29046
geometrically	29047
talkative	29048
steamers	29049
Albanians	29050
Bobbie	29051
rearrangements	29052
Asperger	29053
rehabilitative	29054
Moorish	29055
remitted	29056
uptown	29057
accumulations	29058
pert	29059
signor	29060
noodle	29061
Hathaway	29062
inequitable	29063
refinancing	29064
Racine	29065
Stalinist	29066
wag	29067
faltering	29068
gearing	29069
Hendricks	29070
avarice	29071
beheaded	29072
Tagore	29073
Argus	29074
coffins	29075
cleanly	29076
mistresses	29077
anguished	29078
McNeil	29079
dredge	29080
fouling	29081
tabled	29082
luster	29083
querying	29084
renegade	29085
Wilton	29086
twirled	29087
inferring	29088
certifies	29089
perpetuation	29090
specs	29091
enforces	29092
Juanita	29093
uninterested	29094
endangering	29095
tortillas	29096
stubbornness	29097
firewalls	29098
motioning	29099
ohm	29100
dendrites	29101
tapestries	29102
groped	29103
interrogative	29104
strangle	29105
rescind	29106
esquire	29107
sinusitis	29108
Nokia	29109
coursing	29110
franked	29111
Presbyterians	29112
solidify	29113
pong	29114
initio	29115
tiptoe	29116
Guggenheim	29117
Frankish	29118
precluding	29119
verity	29120
cartons	29121
Rocco	29122
reimbursable	29123
billowing	29124
gangsters	29125
befriended	29126
inspiratory	29127
Ono	29128
shortcoming	29129
Perseus	29130
toggle	29131
keyboards	29132
callus	29133
handset	29134
Kiel	29135
Hus	29136
pizzas	29137
predisposing	29138
peso	29139
egos	29140
needful	29141
expendable	29142
animus	29143
regrettably	29144
spiraling	29145
Hereford	29146
Gilead	29147
billboards	29148
surrealism	29149
perpetuity	29150
karate	29151
primrose	29152
Pentateuch	29153
tribulations	29154
grimy	29155
exclaims	29156
skidded	29157
acidification	29158
Snell	29159
mercifully	29160
congregate	29161
meekly	29162
feds	29163
reprieve	29164
scruples	29165
bios	29166
liquefaction	29167
islets	29168
heartbreak	29169
Mumford	29170
eukaryotes	29171
PTO	29172
creditable	29173
Netscape	29174
invalidated	29175
sported	29176
compressors	29177
Aristophanes	29178
courted	29179
Linnaeus	29180
solstice	29181
potentialities	29182
detritus	29183
rooftops	29184
crescendo	29185
seep	29186
Estes	29187
Mathias	29188
extractive	29189
stupidly	29190
pardoned	29191
econometrics	29192
conjoined	29193
Chevrolet	29194
unearned	29195
panthers	29196
intricately	29197
proactively	29198
pursuance	29199
dextrose	29200
fiftieth	29201
snag	29202
hatchet	29203
Eocene	29204
financiers	29205
loudness	29206
lightening	29207
dona	29208
sited	29209
vanadium	29210
Malthus	29211
fixated	29212
battlefields	29213
Leary	29214
Permian	29215
snows	29216
sewerage	29217
carbs	29218
massed	29219
lopsided	29220
rebates	29221
brag	29222
woodwork	29223
duffel	29224
menial	29225
Priestley	29226
restful	29227
Unitarian	29228
homelands	29229
Aldo	29230
cyclists	29231
sofas	29232
surfacing	29233
starkly	29234
granularity	29235
vindictive	29236
fueling	29237
unforgiving	29238
diff	29239
prednisone	29240
deranged	29241
macaroni	29242
detainee	29243
eosinophilic	29244
proliferating	29245
pleads	29246
Buber	29247
formalization	29248
prosaic	29249
Caracas	29250
cloaks	29251
scrutinize	29252
anarchism	29253
ironing	29254
hindering	29255
peppermint	29256
Waco	29257
curators	29258
spree	29259
stabilizer	29260
narrating	29261
canes	29262
Keenan	29263
batted	29264
slayer	29265
biometrics	29266
rapped	29267
compilers	29268
injector	29269
erasing	29270
undesired	29271
timbre	29272
peregrine	29273
intramural	29274
Dawes	29275
Rubens	29276
unpacked	29277
bedded	29278
foray	29279
zeta	29280
prepositional	29281
transgressive	29282
diabolical	29283
Sven	29284
hinting	29285
embolization	29286
purses	29287
unannounced	29288
forego	29289
jab	29290
outage	29291
elixir	29292
forthright	29293
betwixt	29294
roadways	29295
surpasses	29296
unraveling	29297
blotting	29298
loathed	29299
unveiling	29300
MCs	29301
frieze	29302
saws	29303
Borden	29304
technologists	29305
relaxes	29306
vocabularies	29307
introspective	29308
Sadat	29309
thermostat	29310
botulinum	29311
scurrying	29312
pecking	29313
bracken	29314
taverns	29315
frowns	29316
precipitous	29317
quirk	29318
marinade	29319
elude	29320
crevice	29321
Natalia	29322
inks	29323
thatch	29324
nonresidents	29325
revolutionized	29326
vented	29327
ductility	29328
crustaceans	29329
watchdog	29330
Enrico	29331
Pythagorean	29332
tirelessly	29333
springtime	29334
Huston	29335
dieting	29336
fingering	29337
revaluation	29338
homeownership	29339
grocer	29340
coincidences	29341
paltry	29342
Cowley	29343
chalice	29344
stills	29345
barrio	29346
cryogenic	29347
Athanasius	29348
varsity	29349
flexing	29350
colloquium	29351
medially	29352
terse	29353
unnerving	29354
Freya	29355
hooking	29356
veer	29357
morphemes	29358
depress	29359
soggy	29360
osmosis	29361
definable	29362
nib	29363
yeas	29364
gurus	29365
amulet	29366
furtive	29367
wearer	29368
Avalon	29369
inhabits	29370
fourfold	29371
loosed	29372
Btu	29373
multipurpose	29374
locusts	29375
lamenting	29376
Selena	29377
scrawled	29378
freestanding	29379
reactivation	29380
Potsdam	29381
articulations	29382
eunuch	29383
stalling	29384
squirming	29385
Rommel	29386
retard	29387
cyanobacteria	29388
paisley	29389
invalidity	29390
weeding	29391
skirted	29392
imperious	29393
morsel	29394
ousted	29395
goody	29396
seaward	29397
glider	29398
constrains	29399
saxophone	29400
captivating	29401
MSG	29402
transients	29403
Volvo	29404
hustled	29405
gusto	29406
enrolling	29407
dizzying	29408
nonproliferation	29409
dialing	29410
concurrency	29411
oppressors	29412
notables	29413
freaked	29414
sandwiched	29415
wrappers	29416
chandelier	29417
swoop	29418
stamens	29419
thawed	29420
bestseller	29421
frosted	29422
Sheba	29423
Fichte	29424
partnered	29425
permittivity	29426
despotic	29427
immerse	29428
Caledonia	29429
powerhouse	29430
insensitivity	29431
afoot	29432
hangers	29433
divulge	29434
Champlain	29435
consecutively	29436
circumferential	29437
halter	29438
lauded	29439
telltale	29440
bottomless	29441
wildflowers	29442
bristles	29443
sifted	29444
Brianna	29445
alp	29446
underdevelopment	29447
functionalist	29448
grunting	29449
crests	29450
immunocompromised	29451
rehabilitated	29452
backwardness	29453
apocryphal	29454
HVAC	29455
semicircular	29456
sifting	29457
occidental	29458
flips	29459
trigonometric	29460
tradesmen	29461
Maura	29462
Rosario	29463
tosses	29464
integrator	29465
overviews	29466
remoteness	29467
brotherly	29468
chia	29469
gametes	29470
construing	29471
awash	29472
Enid	29473
sentimentality	29474
percolation	29475
swivel	29476
enthralled	29477
shopkeeper	29478
bushel	29479
tarot	29480
enjoin	29481
appoints	29482
actuated	29483
dictators	29484
ostensible	29485
mana	29486
Middletown	29487
spout	29488
decimated	29489
lowercase	29490
suckling	29491
marketer	29492
hickey	29493
outlandish	29494
tiller	29495
Thu	29496
stonewall	29497
Barrie	29498
Walmart	29499
bittersweet	29500
immigrated	29501
leeway	29502
dispositional	29503
camper	29504
fittest	29505
eulogy	29506
typescript	29507
Guatemalan	29508
Alamo	29509
Gilligan	29510
troughs	29511
kayak	29512
sodden	29513
Bernadette	29514
Sardinia	29515
demarcated	29516
reinvent	29517
lingers	29518
overhang	29519
sleigh	29520
schemata	29521
Cantonese	29522
rebut	29523
peptic	29524
accommodates	29525
xxxi	29526
restlessly	29527
trickster	29528
Sulla	29529
dislodge	29530
demented	29531
blossoming	29532
Chisholm	29533
upshot	29534
torpedoes	29535
Tabitha	29536
grotto	29537
splinters	29538
deviated	29539
Meir	29540
sublimation	29541
battleships	29542
panacea	29543
pharmacotherapy	29544
EMT	29545
virology	29546
streetcar	29547
defenseless	29548
Amman	29549
unsound	29550
crooks	29551
orchestras	29552
liquors	29553
Rebekah	29554
lawlessness	29555
daft	29556
immeasurable	29557
cobbled	29558
insuring	29559
multichannel	29560
laudable	29561
chairmen	29562
inquirer	29563
ranching	29564
qualms	29565
smiths	29566
funky	29567
dens	29568
barks	29569
desalination	29570
redo	29571
Pfizer	29572
Pitts	29573
refilled	29574
orchestration	29575
panda	29576
Uranus	29577
heeded	29578
divisor	29579
viper	29580
Margie	29581
Buddhas	29582
modulo	29583
buttered	29584
enumerate	29585
poop	29586
harboring	29587
samba	29588
cutlery	29589
porphyry	29590
Howells	29591
ESE	29592
deviates	29593
deans	29594
commemorated	29595
inexplicably	29596
Chrysostom	29597
clattered	29598
Adonis	29599
cob	29600
blockbuster	29601
flourishes	29602
partying	29603
spoonful	29604
morpheme	29605
Holstein	29606
poaching	29607
tulip	29608
infanticide	29609
chaff	29610
rant	29611
maturities	29612
slippage	29613
Tuscan	29614
flowery	29615
Sanger	29616
snagged	29617
hurl	29618
ember	29619
bilaterally	29620
mercilessly	29621
Krebs	29622
Georgina	29623
sheathed	29624
undisclosed	29625
allocates	29626
replenishment	29627
Rehnquist	29628
Schweitzer	29629
admixture	29630
rebus	29631
dike	29632
deathly	29633
skunk	29634
chloroplast	29635
eerily	29636
pronouncing	29637
Milosevic	29638
Dunlap	29639
competes	29640
Antigone	29641
warmest	29642
occluded	29643
Feynman	29644
jitter	29645
asteroids	29646
Salvatore	29647
clamor	29648
gunman	29649
colds	29650
freaks	29651
Magdalena	29652
hives	29653
zooplankton	29654
abortive	29655
skyscrapers	29656
Yvette	29657
Parrish	29658
parser	29659
peaking	29660
campsites	29661
lengthen	29662
pursuers	29663
nays	29664
Barbour	29665
uplifted	29666
Rooney	29667
hamlets	29668
administratively	29669
rectification	29670
resp	29671
gaudy	29672
generalist	29673
signifiers	29674
bitmap	29675
dispersing	29676
lockers	29677
overturning	29678
trodden	29679
manga	29680
mortification	29681
consummated	29682
shingle	29683
capping	29684
coexisting	29685
inhibitions	29686
aqueduct	29687
parrots	29688
Etruscan	29689
alopecia	29690
parabola	29691
eyeballs	29692
reaping	29693
metaphoric	29694
spectacularly	29695
hollowed	29696
stomping	29697
adenine	29698
dampen	29699
impressively	29700
Wilma	29701
slated	29702
bristled	29703
caretakers	29704
Edwardian	29705
dictatorial	29706
cottonwood	29707
absolution	29708
Topeka	29709
penitent	29710
theism	29711
impassive	29712
tugs	29713
Crusoe	29714
unfunded	29715
steadfastly	29716
encamped	29717
dreading	29718
handicaps	29719
syntheses	29720
inflorescence	29721
stow	29722
thoroughfare	29723
Zhejiang	29724
laces	29725
recessed	29726
echelon	29727
uplands	29728
hubris	29729
decomposing	29730
repositioning	29731
disinfectant	29732
grime	29733
broadside	29734
scrolling	29735
zoster	29736
anathema	29737
stings	29738
rapprochement	29739
trespassing	29740
deft	29741
crevices	29742
rummaged	29743
stalwart	29744
damped	29745
breaching	29746
flutes	29747
pediatrician	29748
annexes	29749
harrow	29750
carpentry	29751
entrust	29752
blower	29753
yearn	29754
cram	29755
insolence	29756
bluegrass	29757
armory	29758
Augustinian	29759
functionalism	29760
perfumed	29761
manger	29762
earls	29763
normalizing	29764
Mullen	29765
anhydrous	29766
boroughs	29767
commoner	29768
wiggle	29769
Monet	29770
dejected	29771
grader	29772
brownie	29773
complicit	29774
attestation	29775
emigrate	29776
unwieldy	29777
seasonality	29778
torments	29779
knobs	29780
Mesopotamian	29781
nibbled	29782
chime	29783
upholstery	29784
tics	29785
phonics	29786
playa	29787
ureter	29788
tut	29789
clammy	29790
astrological	29791
geographer	29792
dugout	29793
intervenes	29794
Goode	29795
salvaged	29796
ominously	29797
Whitfield	29798
rabble	29799
operationally	29800
rapist	29801
garter	29802
voiceless	29803
smokes	29804
Thackeray	29805
oppress	29806
thrush	29807
convoys	29808
telemetry	29809
Dmitri	29810
inlaid	29811
ubiquity	29812
Nabokov	29813
retinue	29814
Mauritania	29815
cog	29816
anglophone	29817
spires	29818
retract	29819
Kinsey	29820
hanks	29821
gauging	29822
infidels	29823
alleviated	29824
concubine	29825
maniac	29826
intermarriage	29827
nontrivial	29828
raster	29829
discouragement	29830
Yokohama	29831
paramagnetic	29832
narrators	29833
hiked	29834
harbinger	29835
gallantry	29836
Lott	29837
distally	29838
tongs	29839
legalization	29840
Rollins	29841
Tianjin	29842
inconspicuous	29843
McCullough	29844
inattention	29845
midlife	29846
acquiesced	29847
Dirichlet	29848
objectification	29849
interrogations	29850
gagged	29851
Superfund	29852
Virgo	29853
Wac	29854
clots	29855
salesmen	29856
cheerfulness	29857
fiesta	29858
embezzlement	29859
communicators	29860
Monsanto	29861
hawthorn	29862
obligate	29863
tetracycline	29864
palpitations	29865
competitively	29866
caresses	29867
forebears	29868
suffused	29869
creatine	29870
ginseng	29871
FIFO	29872
peeping	29873
incineration	29874
thrones	29875
Anastasia	29876
shears	29877
solvers	29878
tickling	29879
uninhabited	29880
downcast	29881
acme	29882
flashback	29883
mower	29884
frankfurter	29885
localize	29886
pecan	29887
nudging	29888
Pentium	29889
Corinne	29890
toxicological	29891
overbearing	29892
firelight	29893
hoarsely	29894
philological	29895
assented	29896
mired	29897
weaves	29898
merited	29899
raving	29900
quantifier	29901
sloop	29902
upkeep	29903
flagrant	29904
Kendrick	29905
unstoppable	29906
Ramona	29907
arbitrariness	29908
tunable	29909
arming	29910
Syrians	29911
scouring	29912
verifies	29913
whitewashed	29914
Madge	29915
disprove	29916
append	29917
cleaver	29918
brothels	29919
moistened	29920
propagates	29921
dram	29922
northerly	29923
scopes	29924
mismatched	29925
shimmered	29926
brighten	29927
brewers	29928
vac	29929
Lego	29930
hulls	29931
pitied	29932
conceptualizations	29933
disarmed	29934
Dianne	29935
Rwandan	29936
dampened	29937
cooperatively	29938
valvular	29939
scheming	29940
hag	29941
explodes	29942
phallus	29943
confidant	29944
extinguishing	29945
slaying	29946
flashy	29947
extensible	29948
theologies	29949
magnify	29950
interventionist	29951
magenta	29952
ventilatory	29953
VBA	29954
Rhoda	29955
approvingly	29956
expiring	29957
underclass	29958
timidly	29959
emboldened	29960
electrician	29961
stooping	29962
legalized	29963
bracketed	29964
smartest	29965
metamorphoses	29966
cancerous	29967
affirmatively	29968
Transvaal	29969
gnarled	29970
trotter	29971
nozzles	29972
vastness	29973
diplomas	29974
humanly	29975
aggravation	29976
broiler	29977
worrisome	29978
convening	29979
occupiers	29980
Berliner	29981
straddle	29982
efflux	29983
falter	29984
permeation	29985
necklaces	29986
loveliness	29987
consciences	29988
Marquette	29989
sleepiness	29990
effectual	29991
Aiken	29992
plumber	29993
greets	29994
morel	29995
promontory	29996
lipped	29997
breasted	29998
decimals	29999
